timestamp,frame_id,best_label,confidence,suitability_score
2026-03-09 22:26:32,1,person,0.8249,0.8549
2026-03-09 22:26:32,2,person,0.7942,0.8365
2026-03-09 22:26:33,3,person,0.6681,0.7608
2026-03-09 22:26:34,4,person,0.7617,0.8170
2026-03-09 22:26:34,5,person,0.7912,0.8347
2026-03-09 22:26:34,6,person,0.7840,0.8304
2026-03-09 22:26:34,7,person,0.8473,0.8684
2026-03-09 22:26:35,8,person,0.7096,0.7857
2026-03-09 22:26:35,9,person,0.8087,0.8452
2026-03-09 22:26:35,10,person,0.7419,0.8051
2026-03-09 22:26:35,11,person,0.7771,0.8263
2026-03-09 22:26:36,12,person,0.7686,0.8212
2026-03-09 22:26:36,13,person,0.8465,0.8679
2026-03-09 22:26:36,14,person,0.6683,0.7610
2026-03-09 22:26:36,15,person,0.4320,0.6192
2026-03-09 22:26:36,16,person,0.8960,0.8976
2026-03-09 22:26:37,17,person,0.9216,0.9130
2026-03-09 22:26:37,18,person,0.9214,0.9128
2026-03-09 22:26:37,19,person,0.9227,0.9136
2026-03-09 22:26:37,20,person,0.8947,0.8968
2026-03-09 22:26:38,21,person,0.9023,0.9014
2026-03-09 22:26:38,22,person,0.8893,0.8936
2026-03-09 22:26:38,23,person,0.9044,0.9027
2026-03-09 22:26:38,24,person,0.9295,0.9177
2026-03-09 22:26:39,25,person,0.9070,0.9042
2026-03-09 22:26:39,26,person,0.9160,0.9096
2026-03-09 22:26:39,27,person,0.8618,0.8771
2026-03-09 22:26:39,28,person,0.9233,0.9140
2026-03-09 22:26:39,29,person,0.9087,0.9052
2026-03-09 22:26:40,30,person,0.9030,0.9018
2026-03-09 22:26:40,31,person,0.8987,0.8992
2026-03-09 22:26:40,32,person,0.9055,0.9033
2026-03-09 22:26:40,33,person,0.9214,0.9129
2026-03-09 22:26:41,34,person,0.9132,0.9079
2026-03-09 22:26:41,35,person,0.9224,0.9135
2026-03-09 22:26:41,36,person,0.9174,0.9104
2026-03-09 22:26:41,37,person,0.9193,0.9116
2026-03-09 22:26:42,38,person,0.9263,0.9158
2026-03-09 22:26:42,39,person,0.9293,0.9176
2026-03-09 22:26:42,40,person,0.9267,0.9160
2026-03-09 22:26:42,41,person,0.9187,0.9112
2026-03-09 22:26:42,42,person,0.7965,0.8379
2026-03-09 22:26:43,43,person,0.7136,0.7882
2026-03-09 22:26:43,44,person,0.7547,0.8128
2026-03-09 22:26:43,45,person,0.7723,0.8234
2026-03-09 22:26:43,46,person,0.7956,0.8374
2026-03-09 22:26:44,47,person,0.7423,0.8054
2026-03-09 22:26:44,48,person,0.6990,0.7794
2026-03-09 22:26:44,49,person,0.7200,0.7920
2026-03-09 22:26:44,50,person,0.7630,0.8178
2026-03-09 22:26:45,51,person,0.7124,0.7875
2026-03-09 22:26:45,52,person,0.7163,0.7898
2026-03-09 22:26:45,53,person,0.7222,0.7933
2026-03-09 22:26:45,54,person,0.6750,0.7650
2026-03-09 22:26:46,55,person,0.7142,0.7885
2026-03-09 22:26:46,56,person,0.7261,0.7957
2026-03-09 22:26:46,57,person,0.7777,0.8266
2026-03-09 22:26:46,58,person,0.6685,0.7611
2026-03-09 22:26:46,59,person,0.6776,0.7665
2026-03-09 22:26:47,60,person,0.7022,0.7813
2026-03-09 22:26:47,61,person,0.6766,0.7660
2026-03-09 22:26:47,62,person,0.6962,0.7777
2026-03-09 22:26:47,63,person,0.7546,0.8128
2026-03-09 22:26:48,64,person,0.7834,0.8300
2026-03-09 22:26:48,65,person,0.8670,0.8802
2026-03-09 22:26:48,66,person,0.6233,0.7340
2026-03-09 22:26:48,67,person,0.8179,0.8507
2026-03-09 22:26:49,69,person,0.6936,0.7761
2026-03-09 22:26:49,70,person,0.7943,0.8366
2026-03-09 22:26:49,71,person,0.5355,0.6813
2026-03-09 22:26:50,72,person,0.6581,0.7549
2026-03-09 22:26:50,73,person,0.8491,0.8695
2026-03-09 22:26:50,74,person,0.8777,0.8866
2026-03-09 22:26:50,75,person,0.8957,0.8974
2026-03-09 22:26:51,76,person,0.8826,0.8895
2026-03-09 22:26:51,77,person,0.8844,0.8907
2026-03-09 22:26:51,78,person,0.8903,0.8942
2026-03-09 22:26:51,79,person,0.8921,0.8953
2026-03-09 22:26:52,80,person,0.8761,0.8856
2026-03-09 22:26:52,81,person,0.9010,0.9006
2026-03-09 22:26:52,82,person,0.8744,0.8847
2026-03-09 22:26:52,83,person,0.8753,0.8852
2026-03-09 22:26:53,84,person,0.8687,0.8812
2026-03-09 22:26:53,85,person,0.8727,0.8836
2026-03-09 22:26:53,86,person,0.8774,0.8865
2026-03-09 22:26:53,87,person,0.8794,0.8876
2026-03-09 22:26:54,88,person,0.8742,0.8845
2026-03-09 22:26:54,89,person,0.8929,0.8957
2026-03-09 22:26:54,90,person,0.8875,0.8925
2026-03-09 22:26:54,91,person,0.8943,0.8966
2026-03-09 22:26:55,92,person,0.8919,0.8951
2026-03-09 22:26:55,93,person,0.8948,0.8969
2026-03-09 22:26:55,94,person,0.8931,0.8958
2026-03-09 22:26:55,95,person,0.8993,0.8996
2026-03-09 22:26:55,96,person,0.8994,0.8996
2026-03-09 22:26:56,97,person,0.8967,0.8980
2026-03-09 22:26:56,98,person,0.9070,0.9042
2026-03-09 22:26:56,99,person,0.8976,0.8986
2026-03-09 22:26:56,100,person,0.8821,0.8893
2026-03-09 22:26:57,101,person,0.8837,0.8902
2026-03-09 22:26:57,102,person,0.8995,0.8997
2026-03-09 22:26:57,103,person,0.8925,0.8955
2026-03-09 22:26:57,104,person,0.9045,0.9027
2026-03-09 22:26:58,105,person,0.9038,0.9023
2026-03-09 22:26:58,106,person,0.9117,0.9070
2026-03-09 22:26:58,107,person,0.9128,0.9077
2026-03-09 22:26:58,108,person,0.9069,0.9042
2026-03-09 22:26:59,109,person,0.8977,0.8986
2026-03-09 22:26:59,110,person,0.8888,0.8933
2026-03-09 22:26:59,111,person,0.8714,0.8829
2026-03-09 22:26:59,112,person,0.8727,0.8836
2026-03-09 22:27:00,113,person,0.8797,0.8878
2026-03-09 22:27:00,114,person,0.8687,0.8812
2026-03-09 22:27:00,115,person,0.8795,0.8877
2026-03-09 22:27:00,116,person,0.8715,0.8829
2026-03-09 22:27:01,117,person,0.8735,0.8841
2026-03-09 22:27:01,118,person,0.8775,0.8865
2026-03-09 22:27:01,119,person,0.8679,0.8808
2026-03-09 22:27:01,120,person,0.8408,0.8645
2026-03-09 22:27:02,121,person,0.8761,0.8857
2026-03-09 22:27:02,122,person,0.8915,0.8949
2026-03-09 22:27:02,123,person,0.9080,0.9048
2026-03-09 22:27:02,124,person,0.9079,0.9048
2026-03-09 22:27:03,125,person,0.9123,0.9074
2026-03-09 22:27:03,126,person,0.9116,0.9070
2026-03-09 22:27:03,127,person,0.8840,0.8904
2026-03-09 22:27:03,128,person,0.8316,0.8590
2026-03-09 22:27:03,129,person,0.7834,0.8300
2026-03-09 22:27:04,130,person,0.7319,0.7991
2026-03-09 22:27:04,131,person,0.8354,0.8612
2026-03-09 22:27:04,132,person,0.7977,0.8386
2026-03-09 22:27:04,133,person,0.6966,0.7779
2026-03-09 22:27:05,134,person,0.7628,0.8177
2026-03-09 22:27:05,135,person,0.7441,0.8065
2026-03-09 22:27:05,136,person,0.7433,0.8060
2026-03-09 22:27:05,137,person,0.7761,0.8257
2026-03-09 22:27:06,138,person,0.7598,0.8159
2026-03-09 22:27:06,139,person,0.7171,0.7903
2026-03-09 22:27:06,140,person,0.7216,0.7930
2026-03-09 22:27:06,141,person,0.7332,0.7999
2026-03-09 22:27:07,142,person,0.7167,0.7900
2026-03-09 22:27:07,143,person,0.7364,0.8018
2026-03-09 22:27:07,144,person,0.7968,0.8381
2026-03-09 22:27:07,145,person,0.8197,0.8518
2026-03-09 22:27:08,146,person,0.7749,0.8249
2026-03-09 22:27:08,147,person,0.7311,0.7986
2026-03-09 22:27:08,148,person,0.7482,0.8089
2026-03-09 22:27:08,149,person,0.7515,0.8109
2026-03-09 22:27:09,150,person,0.8151,0.8491
2026-03-09 22:27:09,151,person,0.8093,0.8456
2026-03-09 22:27:09,152,person,0.7652,0.8191
2026-03-09 22:27:09,153,person,0.8288,0.8573
2026-03-09 22:27:10,154,person,0.7828,0.8297
2026-03-09 22:27:10,155,person,0.8591,0.8754
2026-03-09 22:27:10,156,person,0.7974,0.8384
2026-03-09 22:27:10,157,person,0.8917,0.8950
2026-03-09 22:27:10,158,person,0.9157,0.9094
2026-03-09 22:27:11,159,person,0.8815,0.8889
2026-03-09 22:27:11,160,person,0.8818,0.8891
2026-03-09 22:27:11,161,person,0.8930,0.8958
2026-03-09 22:27:11,162,person,0.9100,0.9060
2026-03-09 22:27:12,163,person,0.8922,0.8953
2026-03-09 22:27:12,164,person,0.8930,0.8958
2026-03-09 22:27:12,165,person,0.8836,0.8902
2026-03-09 22:27:12,166,person,0.8898,0.8939
2026-03-09 22:27:13,167,person,0.9076,0.9045
2026-03-09 22:27:13,168,person,0.9216,0.9130
2026-03-09 22:27:13,169,person,0.9203,0.9122
2026-03-09 22:27:13,170,person,0.8589,0.8754
2026-03-09 22:27:14,171,person,0.5310,0.6786
2026-03-09 22:27:14,172,person,0.6482,0.7489
2026-03-09 22:27:14,173,person,0.8478,0.8687
2026-03-09 22:27:14,174,person,0.7811,0.8286
2026-03-09 22:27:15,175,person,0.7296,0.7978
2026-03-09 22:27:15,176,person,0.7350,0.8010
2026-03-09 22:27:15,177,person,0.8364,0.8619
2026-03-09 22:27:15,178,person,0.8805,0.8883
2026-03-09 22:27:15,179,person,0.8557,0.8734
2026-03-09 22:27:16,180,person,0.7886,0.8332
2026-03-09 22:27:16,181,person,0.8103,0.8462
2026-03-09 22:27:16,182,person,0.7665,0.8199
2026-03-09 22:27:16,183,person,0.8321,0.8593
2026-03-09 22:27:17,184,person,0.7928,0.8357
2026-03-09 22:27:17,185,person,0.7067,0.7840
2026-03-09 22:27:17,186,person,0.8073,0.8444
2026-03-09 22:27:17,187,person,0.6805,0.7683
2026-03-09 22:27:18,188,person,0.7665,0.8199
2026-03-09 22:27:18,189,person,0.7858,0.8315
2026-03-09 22:27:18,190,person,0.7850,0.8310
2026-03-09 22:27:18,191,person,0.7919,0.8351
2026-03-09 22:27:18,192,person,0.8345,0.8607
2026-03-09 22:27:19,193,person,0.7940,0.8364
2026-03-09 22:27:19,194,person,0.8667,0.8800
2026-03-09 22:27:19,195,person,0.8177,0.8506
2026-03-09 22:27:19,196,person,0.7475,0.8085
2026-03-09 22:27:20,197,person,0.6523,0.7514
2026-03-09 22:27:20,198,person,0.7599,0.8159
2026-03-09 22:27:20,199,person,0.7479,0.8087
2026-03-09 22:27:20,200,person,0.7207,0.7924
2026-03-09 22:27:21,201,person,0.7704,0.8223
2026-03-09 22:27:21,202,person,0.6635,0.7581
2026-03-09 22:27:21,203,person,0.6854,0.7712
2026-03-09 22:27:21,204,person,0.7363,0.8018
2026-03-09 22:27:22,205,person,0.7962,0.8377
2026-03-09 22:27:22,206,person,0.7188,0.7913
2026-03-09 22:27:22,207,person,0.6873,0.7724
2026-03-09 22:27:22,208,person,0.6962,0.7777
2026-03-09 22:27:23,209,person,0.7275,0.7965
2026-03-09 22:27:23,210,person,0.6373,0.7424
2026-03-09 22:27:23,211,person,0.6370,0.7422
2026-03-09 22:27:23,212,person,0.6729,0.7637
2026-03-09 22:27:24,213,person,0.7665,0.8199
2026-03-09 22:27:24,214,person,0.6672,0.7603
2026-03-09 22:27:24,215,person,0.8549,0.8729
2026-03-09 22:27:24,216,person,0.7051,0.7831
2026-03-09 22:27:24,217,person,0.8476,0.8686
2026-03-09 22:27:25,218,person,0.6745,0.7647
2026-03-09 22:27:25,219,person,0.6649,0.7589
2026-03-09 22:27:25,220,person,0.7048,0.7829
2026-03-09 22:27:25,221,person,0.8641,0.8784
2026-03-09 22:27:26,222,person,0.8204,0.8522
2026-03-09 22:27:26,223,person,0.8317,0.8590
2026-03-09 22:27:26,224,person,0.8437,0.8662
2026-03-09 22:27:26,225,person,0.8260,0.8556
2026-03-09 22:27:27,226,person,0.8516,0.8710
2026-03-09 22:27:27,227,person,0.8615,0.8769
2026-03-09 22:27:27,228,person,0.8525,0.8715
2026-03-09 22:27:27,229,person,0.8613,0.8768
2026-03-09 22:27:28,230,person,0.7941,0.8365
2026-03-09 22:27:28,231,person,0.5037,0.6622
2026-03-09 22:27:28,232,person,0.6285,0.7371
2026-03-09 22:27:28,233,person,0.6762,0.7657
2026-03-09 22:27:29,234,person,0.4709,0.6425
2026-03-09 22:27:29,235,person,0.6106,0.7264
2026-03-09 22:27:29,236,person,0.7167,0.7900
2026-03-09 22:27:29,237,person,0.6250,0.7350
2026-03-09 22:27:29,238,person,0.7142,0.7885
2026-03-09 22:27:30,239,person,0.6100,0.7260
2026-03-09 22:27:30,240,person,0.6929,0.7757
2026-03-09 22:27:30,241,person,0.7735,0.8241
2026-03-09 22:27:30,242,person,0.6486,0.7492
2026-03-09 22:27:31,243,person,0.8107,0.8464
2026-03-09 22:27:31,244,person,0.8599,0.8759
2026-03-09 22:27:31,245,person,0.8262,0.8557
2026-03-09 22:27:31,246,person,0.7975,0.8385
2026-03-09 22:27:32,247,person,0.8514,0.8708
2026-03-09 22:27:32,248,person,0.8179,0.8508
2026-03-09 22:27:32,249,person,0.7541,0.8125
2026-03-09 22:27:32,250,person,0.5972,0.7183
2026-03-09 22:27:33,251,person,0.7058,0.7835
2026-03-09 22:27:33,252,person,0.7584,0.8150
2026-03-09 22:27:33,253,person,0.8168,0.8501
2026-03-09 22:27:33,254,person,0.7906,0.8343
2026-03-09 22:27:33,255,person,0.8677,0.8806
2026-03-09 22:27:34,256,person,0.7917,0.8350
2026-03-09 22:27:34,257,person,0.7673,0.8204
2026-03-09 22:27:34,258,person,0.8151,0.8491
2026-03-09 22:27:34,259,person,0.7465,0.8079
2026-03-09 22:27:35,260,person,0.5469,0.6881
2026-03-09 22:27:35,261,person,0.6148,0.7289
2026-03-09 22:27:35,262,person,0.6238,0.7343
2026-03-09 22:27:35,263,person,0.8523,0.8714
2026-03-09 22:27:36,264,person,0.9119,0.9072
2026-03-09 22:27:36,265,person,0.9089,0.9053
2026-03-09 22:27:36,266,person,0.9021,0.9013
2026-03-09 22:27:36,267,person,0.9231,0.9139
2026-03-09 22:27:37,268,person,0.8619,0.8772
2026-03-09 22:27:37,269,person,0.9020,0.9012
2026-03-09 22:27:37,270,person,0.8971,0.8982
2026-03-09 22:27:37,271,person,0.8857,0.8914
2026-03-09 22:27:38,272,person,0.8993,0.8996
2026-03-09 22:27:39,273,person,0.8861,0.8916
2026-03-09 22:27:40,274,person,0.9240,0.9144
2026-03-09 22:27:40,275,person,0.9100,0.9060
2026-03-09 22:27:40,276,person,0.8991,0.8995
2026-03-09 22:27:40,277,person,0.9114,0.9069
2026-03-09 22:27:41,278,person,0.9113,0.9068
2026-03-09 22:27:41,279,person,0.9056,0.9034
2026-03-09 22:27:42,280,person,0.9057,0.9034
2026-03-09 22:27:42,281,person,0.9156,0.9094
2026-03-09 22:27:43,282,person,0.9092,0.9055
2026-03-09 22:27:43,283,person,0.9124,0.9074
2026-03-09 22:27:44,284,person,0.9156,0.9093
2026-03-09 22:27:44,285,person,0.9026,0.9016
2026-03-09 22:27:45,286,person,0.8898,0.8939
2026-03-09 22:27:45,287,person,0.9099,0.9059
2026-03-09 22:27:45,288,person,0.8796,0.8877
2026-03-09 22:27:46,289,person,0.9014,0.9008
2026-03-09 22:27:46,290,person,0.8883,0.8930
2026-03-09 22:27:46,291,person,0.8866,0.8919
2026-03-09 22:27:47,292,person,0.8797,0.8878
2026-03-09 22:27:47,293,person,0.8949,0.8969
2026-03-09 22:27:47,294,person,0.9001,0.9001
2026-03-09 22:27:47,295,person,0.9004,0.9002
2026-03-09 22:27:48,296,person,0.8749,0.8849
2026-03-09 22:27:48,297,person,0.8969,0.8982
2026-03-09 22:27:49,298,person,0.9081,0.9048
2026-03-09 22:27:49,299,person,0.8897,0.8938
2026-03-09 22:27:49,300,person,0.8915,0.8949
2026-03-09 22:27:50,301,person,0.9027,0.9016
2026-03-09 22:27:50,302,person,0.8905,0.8943
2026-03-09 22:27:50,303,person,0.8742,0.8845
2026-03-09 22:27:51,304,person,0.9005,0.9003
2026-03-09 22:27:51,305,person,0.8914,0.8949
2026-03-09 22:27:51,306,person,0.9053,0.9032
2026-03-09 22:27:52,307,person,0.9101,0.9061
2026-03-09 22:27:52,308,person,0.9089,0.9054
2026-03-09 22:27:53,309,person,0.9038,0.9023
2026-03-09 22:27:53,310,person,0.8827,0.8896
2026-03-09 22:27:53,311,person,0.9165,0.9099
2026-03-09 22:27:54,312,person,0.8873,0.8924
2026-03-09 22:27:54,313,person,0.9128,0.9077
2026-03-09 22:27:54,314,person,0.8985,0.8991
2026-03-09 22:27:55,315,person,0.8904,0.8942
2026-03-09 22:27:55,316,person,0.8872,0.8923
2026-03-09 22:27:56,317,person,0.8846,0.8908
2026-03-09 22:27:56,318,person,0.8980,0.8988
2026-03-09 22:27:56,319,person,0.8868,0.8921
2026-03-09 22:27:56,320,person,0.9045,0.9027
2026-03-09 22:27:57,321,person,0.8923,0.8954
2026-03-09 22:27:57,322,person,0.8818,0.8891
2026-03-09 22:27:57,323,person,0.9005,0.9003
2026-03-09 22:27:58,324,person,0.9054,0.9033
2026-03-09 22:27:58,325,person,0.9071,0.9043
2026-03-09 22:27:59,326,person,0.8993,0.8996
2026-03-09 22:27:59,327,person,0.9239,0.9143
2026-03-09 22:27:59,328,person,0.9245,0.9147
2026-03-09 22:28:00,329,person,0.9303,0.9182
2026-03-09 22:28:00,330,person,0.9139,0.9083
2026-03-09 22:28:00,331,person,0.9117,0.9070
2026-03-09 22:28:00,332,person,0.9090,0.9054
2026-03-09 22:28:01,333,person,0.9043,0.9026
2026-03-09 22:28:02,334,person,0.9212,0.9127
2026-03-09 22:28:02,335,person,0.8961,0.8977
2026-03-09 22:28:02,336,person,0.8833,0.8900
2026-03-09 22:28:02,337,person,0.9056,0.9033
2026-03-09 22:28:02,338,person,0.8863,0.8918
2026-03-09 22:28:03,339,person,0.9096,0.9057
2026-03-09 22:28:03,340,person,0.8862,0.8917
2026-03-09 22:28:04,341,person,0.9115,0.9069
2026-03-09 22:28:04,342,person,0.9180,0.9108
2026-03-09 22:28:05,343,person,0.9143,0.9086
2026-03-09 22:28:05,344,person,0.9165,0.9099
2026-03-09 22:28:05,345,person,0.9300,0.9180
2026-03-09 22:28:05,346,person,0.9118,0.9071
2026-03-09 22:28:05,347,person,0.9238,0.9143
2026-03-09 22:28:06,348,person,0.9133,0.9080
2026-03-09 22:28:06,349,person,0.8973,0.8984
2026-03-09 22:28:07,350,person,0.9022,0.9013
2026-03-09 22:28:07,351,person,0.9127,0.9076
2026-03-09 22:28:07,352,person,0.8993,0.8996
2026-03-09 22:28:08,353,person,0.9109,0.9066
2026-03-09 22:28:08,354,person,0.9091,0.9055
2026-03-09 22:28:08,355,person,0.9020,0.9012
2026-03-09 22:28:08,356,person,0.9030,0.9018
2026-03-09 22:28:09,357,person,0.9005,0.9003
2026-03-09 22:28:09,358,person,0.8893,0.8936
2026-03-09 22:28:09,359,person,0.8820,0.8892
2026-03-09 22:28:10,360,person,0.8977,0.8986
2026-03-09 22:28:10,361,person,0.9097,0.9058
2026-03-09 22:28:10,362,person,0.9096,0.9057
2026-03-09 22:28:11,363,person,0.8925,0.8955
2026-03-09 22:28:11,364,person,0.8849,0.8910
2026-03-09 22:28:12,365,person,0.9063,0.9038
2026-03-09 22:28:12,366,person,0.9057,0.9034
2026-03-09 22:28:12,367,person,0.9093,0.9056
2026-03-09 22:28:13,368,person,0.9038,0.9023
2026-03-09 22:28:13,369,person,0.8983,0.8990
2026-03-09 22:28:13,370,person,0.9075,0.9045
2026-03-09 22:28:14,371,person,0.8914,0.8948
2026-03-09 22:28:14,372,person,0.8879,0.8928
2026-03-09 22:28:14,373,person,0.9119,0.9071
2026-03-09 22:28:15,374,person,0.8914,0.8948
2026-03-09 22:28:15,375,person,0.8975,0.8985
2026-03-09 22:28:15,376,person,0.8851,0.8911
2026-03-09 22:28:16,377,person,0.8919,0.8951
2026-03-09 22:28:16,378,person,0.9080,0.9048
2026-03-09 22:28:16,379,person,0.9118,0.9071
2026-03-09 22:28:17,380,person,0.9130,0.9078
2026-03-09 22:28:17,381,person,0.9086,0.9052
2026-03-09 22:28:17,382,person,0.9013,0.9008
2026-03-09 22:28:18,383,person,0.9090,0.9054
2026-03-09 22:28:18,384,person,0.9084,0.9050
2026-03-09 22:28:18,385,person,0.8942,0.8965
2026-03-09 22:28:18,386,person,0.9100,0.9060
2026-03-09 22:28:18,387,person,0.9001,0.9001
2026-03-09 22:28:19,388,person,0.9031,0.9019
2026-03-09 22:28:19,389,person,0.9122,0.9073
2026-03-09 22:28:20,390,person,0.8819,0.8891
2026-03-09 22:28:20,391,person,0.8973,0.8984
2026-03-09 22:28:21,392,person,0.9160,0.9096
2026-03-09 22:28:21,393,person,0.9019,0.9011
2026-03-09 22:28:21,394,person,0.9087,0.9052
2026-03-09 22:28:21,395,person,0.9266,0.9160
2026-03-09 22:28:21,396,person,0.9244,0.9146
2026-03-09 22:28:22,397,person,0.9257,0.9154
2026-03-09 22:28:22,398,person,0.9273,0.9164
2026-03-09 22:28:22,399,person,0.9195,0.9117
2026-03-09 22:28:23,400,person,0.9212,0.9127
2026-03-09 22:28:24,401,person,0.9157,0.9094
2026-03-09 22:28:24,402,person,0.9307,0.9184
2026-03-09 22:28:24,403,person,0.9120,0.9072
2026-03-09 22:28:24,404,person,0.8960,0.8976
2026-03-09 22:28:25,405,person,0.9111,0.9067
2026-03-09 22:28:25,406,person,0.9177,0.9106
2026-03-09 22:28:25,407,person,0.9034,0.9020
2026-03-09 22:28:26,408,person,0.8894,0.8936
2026-03-09 22:28:26,409,person,0.8813,0.8888
2026-03-09 22:28:26,410,person,0.8821,0.8892
2026-03-09 22:28:27,411,person,0.8887,0.8932
2026-03-09 22:28:27,412,person,0.8835,0.8901
2026-03-09 22:28:27,413,person,0.9126,0.9075
2026-03-09 22:28:27,414,person,0.9226,0.9135
2026-03-09 22:28:28,415,person,0.8854,0.8912
2026-03-09 22:28:28,416,person,0.8980,0.8988
2026-03-09 22:28:30,417,person,0.8873,0.8924
2026-03-09 22:28:30,418,person,0.8841,0.8904
2026-03-09 22:28:30,419,person,0.9114,0.9068
2026-03-09 22:28:30,420,person,0.9183,0.9110
2026-03-09 22:28:31,421,person,0.9086,0.9052
2026-03-09 22:28:31,422,person,0.8951,0.8971
2026-03-09 22:28:32,423,person,0.9192,0.9115
2026-03-09 22:28:33,424,person,0.8643,0.8786
2026-03-09 22:28:33,425,person,0.8857,0.8914
2026-03-09 22:28:33,426,person,0.9020,0.9012
2026-03-09 22:28:33,427,person,0.8967,0.8980
2026-03-09 22:28:34,428,person,0.8866,0.8920
2026-03-09 22:28:34,429,person,0.8852,0.8911
2026-03-09 22:28:34,430,person,0.8996,0.8998
2026-03-09 22:28:35,431,person,0.8864,0.8919
2026-03-09 22:28:35,432,person,0.9043,0.9026
2026-03-09 22:28:35,433,person,0.9048,0.9029
2026-03-09 22:28:36,434,person,0.9013,0.9008
2026-03-09 22:28:37,435,person,0.9056,0.9034
2026-03-09 22:28:37,436,person,0.9016,0.9009
2026-03-09 22:28:37,437,person,0.8731,0.8838
2026-03-09 22:28:38,438,person,0.8980,0.8988
2026-03-09 22:28:39,439,person,0.8968,0.8981
2026-03-09 22:28:39,440,person,0.8716,0.8829
2026-03-09 22:28:40,441,person,0.9117,0.9070
2026-03-09 22:28:40,442,person,0.8842,0.8905
2026-03-09 22:28:40,443,person,0.8803,0.8882
2026-03-09 22:28:41,444,person,0.8704,0.8823
2026-03-09 22:28:41,445,person,0.8932,0.8959
2026-03-09 22:28:41,446,person,0.9125,0.9075
2026-03-09 22:28:41,447,person,0.8965,0.8979
2026-03-09 22:28:42,448,person,0.8902,0.8941
2026-03-09 22:28:42,449,person,0.9174,0.9104
2026-03-09 22:28:42,450,person,0.9304,0.9183
2026-03-09 22:28:43,451,person,0.9459,0.9276
2026-03-09 22:28:43,452,person,0.9440,0.9264
2026-03-09 22:28:43,453,person,0.9389,0.9233
2026-03-09 22:28:44,454,person,0.9419,0.9251
2026-03-09 22:28:44,455,person,0.9433,0.9260
2026-03-09 22:28:44,456,person,0.9470,0.9282
2026-03-09 22:28:44,457,person,0.9439,0.9263
2026-03-09 22:28:45,458,person,0.9489,0.9293
2026-03-09 22:28:45,459,person,0.9525,0.9315
2026-03-09 22:28:45,460,person,0.7185,0.7911
2026-03-09 22:28:46,461,person,0.7787,0.8272
2026-03-09 22:28:46,462,person,0.7768,0.8261
2026-03-09 22:28:46,463,person,0.7152,0.7891
2026-03-09 22:28:46,464,person,0.6440,0.7464
2026-03-09 22:28:47,465,person,0.6902,0.7741
2026-03-09 22:28:47,466,person,0.7659,0.8196
2026-03-09 22:28:47,467,person,0.7428,0.8057
2026-03-09 22:28:48,468,person,0.8046,0.8428
2026-03-09 22:28:48,469,person,0.8809,0.8886
2026-03-09 22:28:48,470,person,0.6735,0.7641
2026-03-09 22:28:49,471,person,0.7053,0.7832
2026-03-09 22:28:49,472,person,0.8449,0.8669
2026-03-09 22:28:49,473,person,0.7861,0.8317
2026-03-09 22:28:50,474,person,0.8603,0.8762
2026-03-09 22:28:50,475,person,0.8770,0.8862
2026-03-09 22:28:50,476,person,0.8239,0.8543
2026-03-09 22:28:51,477,person,0.8209,0.8525
2026-03-09 22:28:51,478,person,0.8268,0.8561
2026-03-09 22:28:52,479,person,0.8348,0.8609
2026-03-09 22:28:53,480,person,0.7669,0.8201
2026-03-09 22:28:53,481,person,0.7885,0.8331
2026-03-09 22:28:54,482,person,0.7771,0.8262
2026-03-09 22:28:54,483,person,0.6938,0.7763
2026-03-09 22:28:54,484,person,0.9099,0.9060
2026-03-09 22:28:54,485,person,0.8472,0.8683
2026-03-09 22:28:55,486,person,0.6341,0.7404
2026-03-09 22:28:55,487,person,0.7403,0.8042
2026-03-09 22:28:55,488,person,0.7500,0.8100
2026-03-09 22:28:56,489,person,0.7936,0.8362
2026-03-09 22:28:56,490,person,0.6766,0.7660
2026-03-09 22:28:56,491,person,0.8651,0.8791
2026-03-09 22:28:56,492,person,0.8420,0.8652
2026-03-09 22:28:57,493,person,0.8937,0.8962
2026-03-09 22:28:57,494,person,0.7949,0.8370
2026-03-09 22:28:57,495,person,0.8765,0.8859
2026-03-09 22:28:58,496,person,0.9131,0.9079
2026-03-09 22:28:58,497,person,0.8868,0.8921
2026-03-09 22:28:58,498,person,0.9003,0.9002
2026-03-09 22:28:58,499,person,0.8915,0.8949
2026-03-09 22:28:59,500,person,0.9062,0.9037
2026-03-09 22:28:59,501,person,0.8867,0.8920
2026-03-09 22:28:59,502,person,0.8921,0.8952
2026-03-09 22:29:00,503,person,0.8963,0.8978
2026-03-09 22:29:00,504,person,0.8976,0.8985
2026-03-09 22:29:00,505,person,0.8876,0.8925
2026-03-09 22:29:00,506,person,0.9142,0.9085
2026-03-09 22:29:01,507,person,0.8972,0.8983
2026-03-09 22:29:01,508,person,0.9060,0.9036
2026-03-09 22:29:01,509,person,0.9047,0.9028
2026-03-09 22:29:02,510,person,0.9022,0.9013
2026-03-09 22:29:02,511,person,0.9127,0.9076
2026-03-09 22:29:02,512,person,0.9038,0.9023
2026-03-09 22:29:02,513,person,0.8884,0.8931
2026-03-09 22:29:03,514,person,0.7619,0.8171
2026-03-09 22:29:03,515,person,0.9451,0.9271
2026-03-09 22:29:03,516,person,0.9426,0.9255
2026-03-09 22:29:04,517,person,0.9446,0.9267
2026-03-09 22:29:04,518,person,0.9396,0.9238
2026-03-09 22:29:04,519,person,0.9433,0.9260
2026-03-09 22:29:05,520,person,0.9397,0.9238
2026-03-09 22:29:05,521,person,0.9383,0.9230
2026-03-09 22:29:05,522,person,0.9394,0.9236
2026-03-09 22:29:05,523,person,0.9402,0.9241
2026-03-09 22:29:06,524,person,0.9438,0.9263
2026-03-09 22:29:06,525,person,0.9428,0.9257
2026-03-09 22:29:06,526,person,0.9477,0.9286
2026-03-09 22:29:07,527,person,0.9544,0.9327
2026-03-09 22:29:07,528,person,0.9433,0.9260
2026-03-09 22:29:07,529,person,0.9484,0.9290
2026-03-09 22:29:07,530,person,0.9466,0.9280
2026-03-09 22:29:08,531,person,0.9450,0.9270
2026-03-09 22:29:08,532,person,0.9436,0.9262
2026-03-09 22:29:08,533,person,0.9458,0.9275
2026-03-09 22:29:09,534,person,0.9431,0.9258
2026-03-09 22:29:09,535,person,0.9433,0.9260
2026-03-09 22:29:09,536,person,0.9467,0.9280
2026-03-09 22:29:10,537,person,0.9495,0.9297
2026-03-09 22:29:10,538,person,0.9467,0.9280
2026-03-09 22:29:10,539,person,0.9446,0.9267
2026-03-09 22:29:11,540,person,0.9412,0.9247
2026-03-09 22:29:11,541,person,0.9427,0.9256
2026-03-09 22:29:11,542,person,0.9367,0.9220
2026-03-09 22:29:12,543,person,0.9421,0.9253
2026-03-09 22:29:12,544,person,0.9392,0.9235
2026-03-09 22:29:12,545,person,0.9396,0.9237
2026-03-09 22:29:12,546,person,0.9426,0.9255
2026-03-09 22:29:13,547,person,0.9429,0.9257
2026-03-09 22:29:13,548,person,0.9397,0.9238
2026-03-09 22:29:13,549,person,0.9368,0.9221
2026-03-09 22:29:14,550,person,0.9405,0.9243
2026-03-09 22:29:14,551,person,0.9420,0.9252
2026-03-09 22:29:14,552,person,0.9431,0.9259
2026-03-09 22:29:15,553,person,0.9440,0.9264
2026-03-09 22:29:15,554,person,0.9422,0.9253
2026-03-09 22:29:15,555,person,0.9396,0.9238
2026-03-09 22:29:15,556,person,0.9396,0.9238
2026-03-09 22:29:16,557,person,0.9334,0.9200
2026-03-09 22:29:16,558,person,0.9427,0.9256
2026-03-09 22:29:16,559,person,0.9365,0.9219
2026-03-09 22:29:17,560,person,0.9376,0.9226
2026-03-09 22:29:17,561,person,0.9369,0.9222
2026-03-09 22:29:17,562,person,0.9423,0.9254
2026-03-09 22:29:18,563,person,0.9414,0.9248
2026-03-09 22:29:18,564,person,0.9367,0.9220
2026-03-09 22:29:18,565,person,0.9413,0.9248
2026-03-09 22:29:18,566,person,0.9408,0.9245
2026-03-09 22:29:19,567,person,0.9368,0.9221
2026-03-09 22:29:19,568,person,0.8937,0.8962
2026-03-09 22:29:19,569,person,0.5796,0.7078
2026-03-09 22:29:20,570,person,0.8390,0.8634
2026-03-09 22:29:20,571,person,0.8727,0.8836
2026-03-09 22:29:20,572,person,0.8824,0.8895
2026-03-09 22:29:21,573,person,0.8951,0.8971
2026-03-09 22:29:21,574,person,0.8890,0.8934
2026-03-09 22:29:21,575,person,0.9176,0.9106
2026-03-09 22:29:22,576,person,0.9242,0.9145
2026-03-09 22:29:22,577,person,0.8833,0.8900
2026-03-09 22:29:22,578,person,0.9099,0.9059
2026-03-09 22:29:22,579,person,0.9036,0.9021
2026-03-09 22:29:23,580,person,0.8964,0.8978
2026-03-09 22:29:23,581,person,0.8433,0.8660
2026-03-09 22:29:23,582,person,0.8761,0.8856
2026-03-09 22:29:24,583,person,0.8667,0.8800
2026-03-09 22:29:24,584,person,0.8578,0.8747
2026-03-09 22:29:24,585,person,0.8759,0.8855
2026-03-09 22:29:25,586,person,0.8778,0.8867
2026-03-09 22:29:25,587,person,0.8660,0.8796
2026-03-09 22:29:25,588,person,0.8786,0.8871
2026-03-09 22:29:25,589,person,0.8893,0.8936
2026-03-09 22:29:26,590,person,0.8982,0.8989
2026-03-09 22:29:26,591,person,0.9009,0.9005
2026-03-09 22:29:26,592,person,0.8989,0.8993
2026-03-09 22:29:27,593,person,0.8813,0.8888
2026-03-09 22:29:27,594,person,0.8858,0.8915
2026-03-09 22:29:27,595,person,0.8738,0.8843
2026-03-09 22:29:28,596,person,0.8670,0.8802
2026-03-09 22:29:28,597,person,0.9079,0.9047
2026-03-09 22:29:28,598,person,0.8968,0.8981
2026-03-09 22:29:28,599,person,0.8871,0.8922
2026-03-09 22:29:29,600,person,0.9032,0.9019
2026-03-09 22:29:29,601,person,0.8974,0.8984
2026-03-09 22:29:29,602,person,0.8927,0.8956
2026-03-09 22:29:30,603,person,0.9050,0.9030
2026-03-09 22:29:30,604,person,0.9044,0.9027
2026-03-09 22:29:30,605,person,0.8967,0.8980
2026-03-09 22:29:31,606,person,0.8847,0.8908
2026-03-09 22:29:31,607,person,0.8958,0.8975
2026-03-09 22:29:31,608,person,0.9030,0.9018
2026-03-09 22:29:31,609,person,0.8945,0.8967
2026-03-09 22:29:32,610,person,0.8889,0.8933
2026-03-09 22:29:32,611,person,0.8968,0.8981
2026-03-09 22:29:32,612,person,0.8914,0.8949
2026-03-09 22:29:33,613,person,0.8896,0.8937
2026-03-09 22:29:33,614,person,0.8550,0.8730
2026-03-09 22:29:33,615,person,0.8771,0.8863
2026-03-09 22:29:34,616,person,0.8876,0.8926
2026-03-09 22:29:34,617,person,0.8472,0.8683
2026-03-09 22:29:34,618,person,0.8830,0.8898
2026-03-09 22:29:34,619,person,0.8873,0.8924
2026-03-09 22:29:35,620,person,0.8650,0.8790
2026-03-09 22:29:35,621,person,0.8742,0.8845
2026-03-09 22:29:35,622,person,0.8707,0.8824
2026-03-09 22:29:36,623,person,0.8698,0.8819
2026-03-09 22:29:36,624,person,0.8706,0.8824
2026-03-09 22:29:36,625,person,0.8851,0.8911
2026-03-09 22:29:37,626,person,0.8535,0.8721
2026-03-09 22:29:37,627,person,0.7830,0.8298
2026-03-09 22:29:37,628,person,0.8187,0.8512
2026-03-09 22:29:37,629,person,0.8506,0.8703
2026-03-09 22:29:38,630,person,0.7811,0.8286
2026-03-09 22:29:38,631,person,0.8667,0.8800
2026-03-09 22:29:38,632,person,0.8526,0.8716
2026-03-09 22:29:39,633,person,0.7905,0.8343
2026-03-09 22:29:39,634,person,0.8629,0.8777
2026-03-09 22:29:39,635,person,0.8748,0.8849
2026-03-09 22:29:40,636,person,0.8842,0.8905
2026-03-09 22:29:40,637,person,0.8799,0.8879
2026-03-09 22:29:40,638,person,0.8606,0.8764
2026-03-09 22:29:41,639,person,0.8743,0.8846
2026-03-09 22:29:41,640,person,0.8809,0.8886
2026-03-09 22:29:41,641,person,0.8785,0.8871
2026-03-09 22:29:41,642,person,0.8928,0.8957
2026-03-09 22:29:42,643,person,0.8643,0.8786
2026-03-09 22:29:42,644,person,0.8740,0.8844
2026-03-09 22:29:42,645,person,0.8381,0.8629
2026-03-09 22:29:43,646,person,0.7888,0.8333
2026-03-09 22:29:43,647,person,0.8463,0.8678
2026-03-09 22:29:43,648,person,0.8755,0.8853
2026-03-09 22:29:44,649,person,0.8716,0.8830
2026-03-09 22:29:44,650,person,0.8842,0.8905
2026-03-09 22:29:44,651,person,0.8709,0.8825
2026-03-09 22:29:44,652,person,0.8696,0.8818
2026-03-09 22:29:45,653,person,0.8750,0.8850
2026-03-09 22:29:45,654,person,0.8699,0.8819
2026-03-09 22:29:45,655,person,0.8735,0.8841
2026-03-09 22:29:46,656,person,0.8563,0.8738
2026-03-09 22:29:46,657,person,0.8826,0.8895
2026-03-09 22:29:46,658,person,0.8927,0.8956
2026-03-09 22:29:47,659,person,0.8745,0.8847
2026-03-09 22:29:47,660,person,0.8615,0.8769
2026-03-09 22:29:47,661,person,0.8507,0.8704
2026-03-09 22:29:47,662,person,0.8807,0.8884
2026-03-09 22:29:48,663,person,0.9045,0.9027
2026-03-09 22:29:48,664,person,0.8841,0.8904
2026-03-09 22:29:50,665,person,0.8733,0.8840
2026-03-09 22:30:36,1,person,0.9341,0.9405
2026-03-09 22:30:37,2,person,0.9257,0.9354
2026-03-09 22:30:38,3,person,0.9261,0.9357
2026-03-09 22:30:39,4,person,0.9252,0.9351
2026-03-09 22:30:41,5,person,0.9202,0.9321
2026-03-09 22:30:41,6,person,0.9284,0.9370
2026-03-09 22:30:42,7,person,0.9287,0.9372
2026-03-09 22:30:42,8,person,0.9192,0.9315
2026-03-09 22:30:43,9,person,0.9195,0.9317
2026-03-09 22:30:43,10,person,0.9200,0.9320
2026-03-09 22:30:44,11,person,0.9268,0.9361
2026-03-09 22:30:44,12,person,0.9379,0.9428
2026-03-09 22:30:44,13,person,0.9312,0.9387
2026-03-09 22:30:45,14,person,0.9401,0.9441
2026-03-09 22:30:45,15,person,0.9082,0.9249
2026-03-09 22:30:46,16,person,0.8562,0.8937
2026-03-09 22:30:46,17,person,0.8183,0.8710
2026-03-09 22:30:47,18,person,0.8239,0.8743
2026-03-09 22:30:47,19,person,0.8311,0.8786
2026-03-09 22:30:48,20,person,0.8474,0.8884
2026-03-09 22:30:48,21,person,0.8544,0.8926
2026-03-09 22:30:49,22,person,0.8742,0.9045
2026-03-09 22:30:49,23,person,0.8960,0.9176
2026-03-09 22:30:50,24,person,0.8964,0.9178
2026-03-09 22:30:50,25,person,0.8872,0.9123
2026-03-09 22:30:51,26,person,0.9391,0.9434
2026-03-09 22:30:51,27,person,0.6645,0.7787
2026-03-09 22:30:52,28,person,0.7242,0.8145
2026-03-09 22:30:52,29,person,0.8674,0.9005
2026-03-09 22:30:53,30,person,0.9325,0.9395
2026-03-09 22:30:53,31,person,0.9373,0.9424
2026-03-09 22:30:54,32,person,0.9454,0.9472
2026-03-09 22:30:54,33,person,0.9411,0.9447
2026-03-09 22:30:55,34,person,0.9458,0.9475
2026-03-09 22:30:55,35,person,0.9523,0.9514
2026-03-09 22:30:56,36,person,0.6031,0.7419
2026-03-09 22:30:56,37,person,0.7600,0.8360
2026-03-09 22:30:57,38,person,0.7667,0.8400
2026-03-09 22:30:57,39,person,0.7282,0.8169
2026-03-09 22:30:58,40,person,0.7487,0.8292
2026-03-09 22:30:58,41,person,0.8204,0.8722
2026-03-09 22:30:58,42,person,0.7540,0.8324
2026-03-09 22:30:59,43,person,0.7099,0.8059
2026-03-09 22:30:59,44,person,0.7042,0.8025
2026-03-09 22:31:00,45,person,0.7114,0.8069
2026-03-09 22:31:00,46,person,0.7147,0.8088
2026-03-09 22:31:01,47,person,0.7286,0.8172
2026-03-09 22:31:01,48,person,0.7141,0.8085
2026-03-09 22:31:02,49,person,0.9294,0.9377
2026-03-09 22:31:02,50,person,0.9342,0.9405
2026-03-09 22:31:03,51,person,0.9352,0.9411
2026-03-09 22:31:03,52,person,0.9326,0.9396
2026-03-09 22:31:04,53,person,0.9334,0.9401
2026-03-09 22:31:04,54,person,0.9322,0.9393
2026-03-09 22:31:05,55,person,0.9135,0.9281
2026-03-09 22:31:05,56,person,0.9081,0.9249
2026-03-09 22:31:06,57,person,0.9288,0.9373
2026-03-09 22:31:06,58,person,0.8670,0.9002
2026-03-09 22:31:07,59,person,0.8913,0.9148
2026-03-09 22:31:08,60,person,0.8864,0.9118
2026-03-09 22:31:08,61,person,0.7758,0.8455
2026-03-09 22:31:09,62,person,0.8830,0.9098
2026-03-09 22:31:09,63,person,0.8976,0.9185
2026-03-09 22:31:10,64,person,0.8786,0.9071
2026-03-09 22:31:10,65,person,0.8797,0.9078
2026-03-09 22:31:10,66,person,0.8632,0.8979
2026-03-09 22:31:11,67,person,0.8664,0.8999
2026-03-09 22:31:12,68,person,0.8731,0.9039
2026-03-09 22:31:12,69,person,0.8735,0.9041
2026-03-09 22:31:13,70,person,0.9299,0.9380
2026-03-09 22:31:14,71,person,0.9288,0.9373
2026-03-09 22:31:14,72,person,0.9315,0.9389
2026-03-09 22:31:15,73,person,0.9320,0.9392
2026-03-09 22:31:16,74,person,0.9435,0.9461
2026-03-09 22:31:17,75,person,0.9338,0.9403
2026-03-09 22:31:17,76,person,0.9279,0.9367
2026-03-09 22:31:19,77,person,0.9307,0.9384
2026-03-09 22:31:19,78,person,0.9347,0.9408
2026-03-09 22:31:21,79,person,0.9284,0.9370
2026-03-09 22:31:22,80,person,0.9358,0.9415
2026-03-09 22:31:22,81,person,0.9355,0.9413
2026-03-09 22:31:23,82,person,0.9282,0.9369
2026-03-09 22:31:24,83,person,0.9252,0.9351
2026-03-09 22:31:25,84,person,0.9240,0.9344
2026-03-09 22:31:25,85,person,0.9170,0.9302
2026-03-09 22:31:27,86,person,0.9208,0.9325
2026-03-09 22:31:28,87,person,0.9151,0.9290
2026-03-09 22:31:28,88,person,0.9167,0.9300
2026-03-09 22:31:29,89,person,0.9097,0.9258
2026-03-09 22:31:29,90,person,0.9244,0.9346
2026-03-09 22:31:30,91,person,0.9079,0.9247
2026-03-09 22:31:31,92,person,0.8984,0.9190
2026-03-09 22:31:32,93,person,0.9204,0.9323
2026-03-09 22:31:32,94,person,0.9215,0.9329
2026-03-09 22:31:33,95,person,0.9290,0.9374
2026-03-09 22:31:34,96,person,0.9211,0.9327
2026-03-09 22:31:34,97,person,0.9194,0.9317
2026-03-09 22:31:35,98,person,0.9219,0.9331
2026-03-09 22:31:36,99,person,0.9242,0.9345
2026-03-09 22:31:37,100,person,0.9214,0.9328
2026-03-09 22:31:37,101,person,0.9216,0.9329
2026-03-09 22:31:38,102,person,0.9119,0.9271
2026-03-09 22:31:39,103,person,0.9153,0.9292
2026-03-09 22:31:40,104,person,0.9192,0.9315
2026-03-09 22:31:40,105,person,0.9143,0.9286
2026-03-09 22:31:41,106,person,0.9126,0.9275
2026-03-09 22:31:41,107,person,0.9207,0.9324
2026-03-09 22:31:42,108,person,0.9195,0.9317
2026-03-09 22:31:43,109,person,0.9191,0.9315
2026-03-09 22:31:44,110,person,0.9187,0.9312
2026-03-09 22:31:44,111,person,0.9279,0.9367
2026-03-09 22:31:45,112,person,0.9176,0.9306
2026-03-09 22:31:46,113,person,0.9317,0.9390
2026-03-09 22:31:46,114,person,0.9205,0.9323
2026-03-09 22:31:47,115,person,0.9299,0.9379
2026-03-09 22:31:48,116,person,0.9298,0.9379
2026-03-09 22:31:48,117,person,0.9212,0.9327
2026-03-09 22:31:49,118,person,0.9180,0.9308
2026-03-09 22:31:50,119,person,0.9232,0.9339
2026-03-09 22:31:51,120,person,0.9092,0.9255
2026-03-09 22:31:51,121,person,0.9160,0.9296
2026-03-09 22:31:52,122,person,0.9192,0.9315
2026-03-09 22:31:53,123,person,0.9241,0.9345
2026-03-09 22:31:54,124,person,0.9294,0.9377
2026-03-09 22:31:55,125,person,0.9201,0.9321
2026-03-09 22:31:56,126,person,0.9221,0.9333
2026-03-09 22:31:57,127,person,0.9293,0.9376
2026-03-09 22:31:57,128,person,0.9205,0.9323
2026-03-09 22:31:58,129,person,0.9231,0.9339
2026-03-09 22:31:59,130,person,0.9150,0.9290
2026-03-09 22:32:00,131,person,0.9121,0.9272
2026-03-09 22:32:00,132,person,0.9133,0.9280
2026-03-09 22:32:01,133,person,0.9144,0.9286
2026-03-09 22:32:02,134,person,0.9184,0.9311
2026-03-09 22:32:03,135,person,0.9173,0.9304
2026-03-09 22:32:03,136,person,0.9201,0.9321
2026-03-09 22:32:04,137,person,0.9276,0.9365
2026-03-09 22:32:05,138,person,0.9292,0.9375
2026-03-09 22:32:06,139,person,0.9216,0.9329
2026-03-09 22:32:06,140,person,0.9233,0.9340
2026-03-09 22:32:07,141,person,0.9246,0.9348
2026-03-09 22:32:08,142,person,0.9225,0.9335
2026-03-09 22:32:09,143,person,0.9105,0.9263
2026-03-09 22:32:10,144,person,0.9210,0.9326
2026-03-09 22:32:11,145,person,0.9215,0.9329
2026-03-09 22:32:11,146,person,0.9263,0.9358
2026-03-09 22:32:12,147,person,0.9281,0.9369
2026-03-09 22:32:13,148,person,0.9263,0.9358
2026-03-09 22:32:14,149,person,0.9214,0.9328
2026-03-09 22:32:14,150,person,0.9201,0.9321
2026-03-09 22:32:16,151,person,0.9271,0.9362
2026-03-09 22:36:45,1,person,0.9399,0.9439
2026-03-09 22:36:45,2,person,0.9293,0.9376
2026-03-09 22:36:46,3,person,0.9267,0.9360
2026-03-09 22:36:47,4,person,0.9346,0.9408
2026-03-09 22:36:47,5,person,0.9310,0.9386
2026-03-09 22:36:48,6,person,0.9303,0.9382
2026-03-09 22:36:49,7,person,0.9301,0.9380
2026-03-09 22:36:49,8,person,0.9313,0.9388
2026-03-09 22:36:50,9,person,0.9281,0.9369
2026-03-09 22:36:51,10,person,0.9322,0.9393
2026-03-09 22:36:51,11,person,0.9411,0.9447
2026-03-09 22:36:52,12,person,0.9477,0.9486
2026-03-09 22:36:53,13,person,0.9385,0.9431
2026-03-09 22:36:53,14,person,0.9365,0.9419
2026-03-09 22:36:54,15,person,0.9437,0.9462
2026-03-09 22:36:55,16,person,0.9400,0.9440
2026-03-09 22:36:55,17,person,0.9371,0.9422
2026-03-09 22:36:56,18,person,0.9350,0.9410
2026-03-09 22:36:57,19,person,0.9407,0.9444
2026-03-09 22:36:57,20,person,0.9360,0.9416
2026-03-09 22:36:58,21,person,0.9401,0.9440
2026-03-09 22:36:59,22,person,0.9334,0.9401
2026-03-09 22:37:00,23,person,0.9397,0.9438
2026-03-09 22:37:00,24,person,0.9323,0.9394
2026-03-09 22:37:01,25,person,0.9267,0.9360
2026-03-09 22:37:02,26,person,0.9307,0.9384
2026-03-09 22:37:02,27,person,0.9319,0.9391
2026-03-09 22:37:03,28,person,0.9314,0.9388
2026-03-09 22:37:04,29,person,0.9321,0.9392
2026-03-09 22:37:04,30,person,0.9294,0.9376
2026-03-09 22:37:05,31,person,0.9364,0.9418
2026-03-09 22:37:06,32,person,0.9303,0.9382
2026-03-09 22:37:06,33,person,0.9267,0.9360
2026-03-09 22:37:07,34,person,0.9297,0.9378
2026-03-09 22:37:08,35,person,0.9334,0.9401
2026-03-09 22:37:10,36,person,0.9346,0.9408
2026-03-09 22:37:10,37,person,0.9322,0.9393
2026-03-09 22:37:11,38,person,0.9233,0.9340
2026-03-09 22:37:15,39,person,0.9292,0.9375
2026-03-09 22:37:16,40,person,0.9288,0.9373
2026-03-09 22:37:17,41,person,0.9283,0.9370
2026-03-09 22:37:18,42,person,0.9277,0.9366
2026-03-09 22:37:20,43,person,0.9275,0.9365
2026-03-09 22:37:21,44,person,0.9342,0.9405
2026-03-09 22:37:21,45,person,0.9249,0.9349
2026-03-09 22:37:22,46,person,0.9306,0.9384
2026-03-09 22:37:23,47,person,0.9258,0.9355
2026-03-09 22:37:24,48,person,0.9354,0.9413
2026-03-09 22:37:25,49,person,0.9314,0.9388
2026-03-09 22:48:01,1,person,0.9220,0.9332
2026-03-09 22:48:03,2,person,0.9277,0.9366
2026-03-09 22:48:06,3,person,0.9253,0.9352
2026-03-09 22:48:07,4,person,0.9234,0.9340
2026-03-09 22:48:09,5,person,0.9315,0.9389
2026-03-09 22:48:11,6,person,0.9156,0.9294
2026-03-09 22:48:13,7,person,0.9184,0.9310
2026-03-09 22:48:15,8,person,0.9215,0.9329
2026-03-09 22:48:17,9,person,0.9174,0.9305
2026-03-09 22:48:18,10,person,0.9217,0.9330
2026-03-09 22:48:20,11,person,0.9217,0.9330
2026-03-09 22:48:22,12,person,0.9166,0.9299
2026-03-09 22:48:23,13,person,0.9216,0.9330
2026-03-09 22:48:25,14,person,0.9221,0.9333
2026-03-09 22:48:27,15,person,0.9178,0.9307
2026-03-09 22:48:29,16,person,0.9062,0.9237
2026-03-09 22:48:30,17,person,0.9194,0.9316
2026-03-09 22:48:32,18,person,0.9167,0.9300
2026-03-09 22:48:34,19,person,0.9068,0.9241
2026-03-09 22:48:35,20,person,0.8830,0.9098
2026-03-09 22:48:37,21,person,0.8566,0.8939
2026-03-09 22:48:39,22,person,0.9011,0.9207
2026-03-09 22:48:42,23,person,0.8484,0.8890
2026-03-09 22:54:30,1,person,0.6000,0.7400
2026-03-09 22:54:31,2,person,0.9159,0.9295
2026-03-09 22:54:34,3,person,0.9055,0.9233
2026-03-09 22:54:37,4,person,0.9104,0.9263
2026-03-09 22:54:41,5,person,0.9055,0.9233
2026-03-09 22:54:49,6,person,0.9283,0.9370
2026-03-09 22:55:09,7,person,0.9177,0.9306
2026-03-11 16:30:28,1,laptop,0.5778,0.7147
2026-03-11 16:30:29,2,bowl,0.8251,0.6951
2026-03-11 16:30:29,3,bowl,0.7950,0.6770
2026-03-11 16:30:29,4,bowl,0.8404,0.7042
2026-03-11 16:30:29,5,bowl,0.7858,0.6715
2026-03-11 16:30:29,6,bowl,0.8231,0.6939
2026-03-11 16:30:30,7,bowl,0.7853,0.6712
2026-03-11 16:30:30,8,bowl,0.8038,0.6823
2026-03-11 16:30:30,9,bowl,0.7900,0.6740
2026-03-11 16:30:30,10,bowl,0.8199,0.6920
2026-03-11 16:30:30,11,bowl,0.8129,0.6877
2026-03-11 16:30:31,12,bowl,0.7888,0.6733
2026-03-11 16:30:31,13,bowl,0.8114,0.6868
2026-03-11 16:30:37,14,bowl,0.8108,0.6865
2026-03-11 16:30:37,15,bowl,0.8428,0.7057
2026-03-11 16:30:37,16,bowl,0.8508,0.7105
2026-03-11 16:30:37,17,bowl,0.8419,0.7052
2026-03-11 16:30:38,18,bowl,0.7684,0.6610
2026-03-11 16:30:38,19,bowl,0.8390,0.7034
2026-03-11 16:30:38,20,bowl,0.8122,0.6873
2026-03-11 16:30:38,21,bowl,0.7772,0.6663
2026-03-11 16:30:38,22,bowl,0.8490,0.7094
2026-03-11 16:30:38,23,bowl,0.8482,0.7089
2026-03-11 16:30:39,24,bowl,0.7561,0.6537
2026-03-11 16:30:39,25,bowl,0.7900,0.6740
2026-03-11 16:30:39,26,bowl,0.7881,0.6729
2026-03-11 16:30:39,27,bowl,0.8222,0.6933
2026-03-11 16:30:39,28,bowl,0.8007,0.6804
2026-03-11 16:30:40,29,bowl,0.8208,0.6925
2026-03-11 16:30:40,30,bowl,0.7372,0.6423
2026-03-11 16:30:40,31,bowl,0.8327,0.6996
2026-03-11 16:30:41,32,bowl,0.7895,0.6737
2026-03-11 16:30:41,33,bowl,0.8254,0.6952
2026-03-11 16:30:41,34,bowl,0.8370,0.7022
2026-03-11 16:30:41,35,bowl,0.7628,0.6577
2026-03-11 16:30:41,36,bowl,0.7778,0.6667
2026-03-11 16:30:41,37,bowl,0.7926,0.6756
2026-03-11 16:30:42,38,bowl,0.8120,0.6872
2026-03-11 16:30:42,39,bowl,0.7645,0.6587
2026-03-11 16:30:42,40,bowl,0.8209,0.6926
2026-03-11 16:30:42,41,bowl,0.8066,0.6840
2026-03-11 16:30:42,42,bowl,0.8330,0.6998
2026-03-11 16:30:43,43,bowl,0.8421,0.7053
2026-03-11 16:30:43,44,bowl,0.8379,0.7027
2026-03-11 16:30:43,45,bowl,0.7878,0.6727
2026-03-11 16:30:43,46,bowl,0.8046,0.6827
2026-03-11 16:30:43,47,bowl,0.7615,0.6569
2026-03-11 16:30:44,48,bowl,0.8041,0.6825
2026-03-11 16:30:44,49,bowl,0.7942,0.6765
2026-03-11 16:30:44,50,bowl,0.7788,0.6673
2026-03-11 16:30:44,51,bowl,0.7976,0.6786
2026-03-11 16:30:44,52,bowl,0.7369,0.6421
2026-03-11 16:30:45,53,bowl,0.8080,0.6848
2026-03-11 16:30:45,54,bowl,0.7753,0.6652
2026-03-11 16:30:45,55,bowl,0.6575,0.5945
2026-03-11 16:30:45,56,bowl,0.6423,0.5854
2026-03-11 16:30:45,57,bowl,0.7860,0.6716
2026-03-11 16:30:46,58,bowl,0.7304,0.6383
2026-03-11 16:30:46,59,bowl,0.8210,0.6926
2026-03-11 16:30:46,60,bowl,0.8097,0.6858
2026-03-11 16:30:46,61,bowl,0.8260,0.6956
2026-03-11 16:30:46,62,bowl,0.8371,0.7023
2026-03-11 16:30:47,63,bowl,0.7911,0.6747
2026-03-11 16:30:47,64,bowl,0.8290,0.6974
2026-03-11 16:30:47,65,bowl,0.8052,0.6831
2026-03-11 16:30:47,66,bowl,0.8437,0.7062
2026-03-11 16:30:47,67,bowl,0.8144,0.6886
2026-03-11 16:30:48,68,bowl,0.8288,0.6973
2026-03-11 16:30:48,69,bowl,0.8502,0.7101
2026-03-11 16:30:48,70,bowl,0.8265,0.6959
2026-03-11 16:30:48,71,bowl,0.8198,0.6919
2026-03-11 16:30:48,72,bowl,0.8268,0.6961
2026-03-11 16:30:49,73,bowl,0.8222,0.6933
2026-03-11 16:30:49,74,bowl,0.8435,0.7061
2026-03-11 16:30:49,75,bowl,0.8355,0.7013
2026-03-11 16:30:49,76,bowl,0.8448,0.7069
2026-03-11 16:30:49,77,bowl,0.8130,0.6878
2026-03-11 16:30:50,78,bowl,0.8324,0.6995
2026-03-11 16:30:50,79,bowl,0.7953,0.6772
2026-03-11 16:30:50,80,bowl,0.8182,0.6909
2026-03-11 16:30:50,81,bowl,0.8246,0.6948
2026-03-11 16:30:50,82,bowl,0.8309,0.6986
2026-03-11 16:30:50,83,bowl,0.7671,0.6603
2026-03-11 16:30:51,84,bowl,0.8535,0.7121
2026-03-11 16:30:51,85,bowl,0.8161,0.6897
2026-03-11 16:30:51,86,bowl,0.8129,0.6878
2026-03-11 16:30:51,87,bowl,0.8184,0.6910
2026-03-11 16:30:51,88,bowl,0.8255,0.6953
2026-03-11 16:30:52,89,bowl,0.8277,0.6966
2026-03-11 16:30:52,90,bowl,0.8513,0.7108
2026-03-11 16:30:52,91,bowl,0.8100,0.6860
2026-03-11 16:30:52,92,bowl,0.8356,0.7013
2026-03-11 16:30:52,93,bowl,0.8343,0.7006
2026-03-11 16:30:53,94,bowl,0.8439,0.7063
2026-03-11 16:30:53,95,bowl,0.8250,0.6950
2026-03-11 16:30:53,96,bowl,0.8313,0.6988
2026-03-11 16:30:53,97,bowl,0.8483,0.7090
2026-03-11 16:30:53,98,bowl,0.8399,0.7040
2026-03-11 16:30:54,99,bowl,0.8227,0.6936
2026-03-11 16:30:54,100,bowl,0.8349,0.7009
2026-03-11 16:30:54,101,bowl,0.8416,0.7050
2026-03-11 16:30:54,102,bowl,0.8173,0.6904
2026-03-11 16:30:54,103,bowl,0.8268,0.6961
2026-03-11 16:30:54,104,bowl,0.7934,0.6761
2026-03-11 16:30:55,105,bowl,0.8248,0.6949
2026-03-11 16:30:55,106,bowl,0.8012,0.6807
2026-03-11 16:30:55,107,bowl,0.8278,0.6967
2026-03-11 16:30:55,108,bowl,0.7859,0.6716
2026-03-11 16:30:56,109,bowl,0.8135,0.6881
2026-03-11 16:30:56,110,bowl,0.8321,0.6993
2026-03-11 16:30:56,111,bowl,0.7994,0.6796
2026-03-11 16:30:56,112,bowl,0.8288,0.6973
2026-03-11 16:30:56,113,bowl,0.8027,0.6816
2026-03-11 16:30:56,114,bowl,0.8362,0.7017
2026-03-11 16:30:57,115,bowl,0.8102,0.6861
2026-03-11 16:30:57,116,bowl,0.8195,0.6917
2026-03-11 16:30:57,117,bowl,0.8304,0.6982
2026-03-11 16:30:57,118,bowl,0.8207,0.6924
2026-03-11 16:30:57,119,bowl,0.8154,0.6892
2026-03-11 16:30:58,120,bowl,0.8035,0.6821
2026-03-11 16:30:58,121,bowl,0.8011,0.6807
2026-03-11 16:30:58,122,bowl,0.8259,0.6955
2026-03-11 16:30:58,123,bowl,0.7889,0.6733
2026-03-11 16:30:58,124,bowl,0.8280,0.6968
2026-03-11 16:30:59,125,bowl,0.8158,0.6895
2026-03-11 16:30:59,126,bowl,0.8237,0.6942
2026-03-11 16:30:59,127,bowl,0.7834,0.6701
2026-03-11 16:30:59,128,bowl,0.8403,0.7042
2026-03-11 16:30:59,129,bowl,0.8051,0.6831
2026-03-11 16:31:00,130,bowl,0.8330,0.6998
2026-03-11 16:31:00,131,bowl,0.8324,0.6995
2026-03-11 16:31:00,132,bowl,0.8388,0.7033
2026-03-11 16:31:00,133,bowl,0.8240,0.6944
2026-03-11 16:31:00,134,bowl,0.8374,0.7024
2026-03-11 16:31:01,135,bowl,0.8059,0.6835
2026-03-11 16:31:01,136,bowl,0.7935,0.6761
2026-03-11 16:31:01,137,bowl,0.8423,0.7054
2026-03-11 16:31:01,138,bowl,0.8284,0.6971
2026-03-11 16:31:01,139,bowl,0.8238,0.6943
2026-03-11 16:31:02,140,bowl,0.8553,0.7132
2026-03-11 16:31:02,141,bowl,0.8128,0.6877
2026-03-11 16:31:02,142,bowl,0.7873,0.6724
2026-03-11 16:31:02,143,bowl,0.8383,0.7030
2026-03-11 16:31:02,144,bowl,0.8356,0.7013
2026-03-11 16:31:03,145,bowl,0.7607,0.6564
2026-03-11 16:31:03,146,bowl,0.8412,0.7047
2026-03-11 16:31:03,147,bowl,0.7859,0.6715
2026-03-11 16:31:03,148,bowl,0.8175,0.6905
2026-03-11 16:31:04,149,bowl,0.8527,0.7116
2026-03-11 16:31:04,150,bowl,0.8378,0.7027
2026-03-11 16:31:04,151,bowl,0.8030,0.6818
2026-03-11 16:31:04,152,bowl,0.8314,0.6988
2026-03-11 16:31:05,153,bowl,0.8062,0.6837
2026-03-11 16:31:05,154,bowl,0.7938,0.6763
2026-03-11 16:31:05,155,bowl,0.8257,0.6954
2026-03-11 16:31:05,156,bowl,0.8566,0.7140
2026-03-11 16:31:05,157,bowl,0.8222,0.6933
2026-03-11 16:31:06,158,bowl,0.8459,0.7076
2026-03-11 16:31:06,159,bowl,0.8269,0.6961
2026-03-11 16:31:06,160,bowl,0.8230,0.6938
2026-03-11 16:31:07,161,bowl,0.8148,0.6889
2026-03-11 16:31:07,162,bowl,0.8238,0.6943
2026-03-11 16:31:07,163,bowl,0.8499,0.7100
2026-03-11 16:31:07,164,bowl,0.8083,0.6850
2026-03-11 16:31:08,165,bowl,0.7891,0.6734
2026-03-11 16:31:08,166,bowl,0.8432,0.7059
2026-03-11 16:31:08,167,bowl,0.8109,0.6865
2026-03-11 16:31:09,168,bowl,0.8324,0.6995
2026-03-11 16:31:09,169,bowl,0.8259,0.6955
2026-03-11 16:31:09,170,bowl,0.8296,0.6978
2026-03-11 16:31:09,171,bowl,0.8017,0.6810
2026-03-11 16:31:09,172,bowl,0.8216,0.6929
2026-03-11 16:31:10,173,bowl,0.8408,0.7045
2026-03-11 16:31:10,174,bowl,0.8213,0.6928
2026-03-11 16:31:10,175,bowl,0.8548,0.7129
2026-03-11 16:31:10,176,bowl,0.8445,0.7067
2026-03-11 16:31:10,177,bowl,0.7918,0.6751
2026-03-11 16:31:11,178,bowl,0.8345,0.7007
2026-03-11 16:31:11,179,bowl,0.8551,0.7131
2026-03-11 16:31:11,180,bowl,0.8437,0.7062
2026-03-11 16:31:11,181,bowl,0.8298,0.6979
2026-03-11 16:31:12,182,bowl,0.7566,0.6539
2026-03-11 16:31:12,183,bowl,0.8257,0.6954
2026-03-11 16:31:12,184,bowl,0.8417,0.7050
2026-03-11 16:31:12,185,bowl,0.7924,0.6754
2026-03-11 16:31:12,186,bowl,0.8314,0.6988
2026-03-11 16:31:13,187,bowl,0.8401,0.7040
2026-03-11 16:31:13,188,bowl,0.8003,0.6802
2026-03-11 16:31:13,189,bowl,0.7558,0.6535
2026-03-11 16:31:13,190,bowl,0.8054,0.6833
2026-03-11 16:31:14,191,bowl,0.8413,0.7048
2026-03-11 16:31:14,192,bowl,0.8006,0.6804
2026-03-11 16:31:14,193,bowl,0.7911,0.6746
2026-03-11 16:31:14,194,bowl,0.8085,0.6851
2026-03-11 16:31:14,195,bowl,0.7638,0.6583
2026-03-11 16:31:15,196,bowl,0.7946,0.6767
2026-03-11 16:31:15,197,bowl,0.7712,0.6627
2026-03-11 16:31:15,198,bowl,0.8174,0.6905
2026-03-11 16:31:15,199,bowl,0.7714,0.6628
2026-03-11 16:31:16,200,bowl,0.8475,0.7085
2026-03-11 16:31:16,201,bowl,0.8331,0.6999
2026-03-11 16:31:16,202,bowl,0.8159,0.6895
2026-03-11 16:31:16,203,bowl,0.7875,0.6725
2026-03-11 16:31:17,204,bowl,0.8181,0.6908
2026-03-11 16:31:17,205,bowl,0.8005,0.6803
2026-03-11 16:31:17,206,bowl,0.7799,0.6680
2026-03-11 16:31:17,207,bowl,0.7847,0.6708
2026-03-11 16:31:18,208,bowl,0.8140,0.6884
2026-03-11 16:31:18,209,bowl,0.7917,0.6750
2026-03-11 16:31:18,210,bowl,0.7965,0.6779
2026-03-11 16:31:18,211,bowl,0.8069,0.6841
2026-03-11 16:31:18,212,bowl,0.8242,0.6945
2026-03-11 16:31:19,213,bowl,0.8012,0.6807
2026-03-11 16:31:19,214,bowl,0.8014,0.6809
2026-03-11 16:31:19,215,bowl,0.8468,0.7081
2026-03-11 16:31:19,216,bowl,0.7889,0.6733
2026-03-11 16:31:20,217,bowl,0.8153,0.6892
2026-03-11 16:31:20,218,bowl,0.7775,0.6665
2026-03-11 16:31:20,219,bowl,0.8110,0.6866
2026-03-11 16:31:20,220,bowl,0.8207,0.6924
2026-03-11 16:31:20,221,bowl,0.8250,0.6950
2026-03-11 16:31:21,222,bowl,0.8108,0.6865
2026-03-11 16:31:21,223,bowl,0.7693,0.6616
2026-03-11 16:31:21,224,bowl,0.8281,0.6969
2026-03-11 16:31:21,225,bowl,0.8161,0.6897
2026-03-11 16:31:22,226,bowl,0.8360,0.7016
2026-03-11 16:31:22,227,bowl,0.7810,0.6686
2026-03-11 16:31:22,228,bowl,0.8452,0.7071
2026-03-11 16:31:22,229,bowl,0.8159,0.6895
2026-03-11 16:31:22,230,bowl,0.7602,0.6561
2026-03-11 16:31:23,231,bowl,0.7754,0.6652
2026-03-11 16:31:23,232,bowl,0.8226,0.6936
2026-03-11 16:31:23,233,bowl,0.7929,0.6757
2026-03-11 16:31:23,234,bowl,0.7891,0.6734
2026-03-11 16:31:23,235,bowl,0.8074,0.6844
2026-03-11 16:31:24,236,bowl,0.7878,0.6727
2026-03-11 16:31:24,237,bowl,0.7937,0.6762
2026-03-11 16:31:24,238,bowl,0.8258,0.6955
2026-03-11 16:31:24,239,bowl,0.8061,0.6837
2026-03-11 16:31:25,240,bowl,0.8052,0.6831
2026-03-11 16:31:25,241,bowl,0.8360,0.7016
2026-03-11 16:31:25,242,bowl,0.8233,0.6940
2026-03-11 16:31:25,243,bowl,0.8177,0.6906
2026-03-11 16:31:26,244,bowl,0.7770,0.6662
2026-03-11 16:31:26,245,bowl,0.8275,0.6965
2026-03-11 16:31:26,246,bowl,0.8527,0.7116
2026-03-11 16:31:26,247,bowl,0.7880,0.6728
2026-03-11 16:31:26,248,bowl,0.8452,0.7071
2026-03-11 16:31:27,249,bowl,0.8328,0.6997
2026-03-11 16:31:27,250,bowl,0.8369,0.7021
2026-03-11 16:31:27,251,bowl,0.7997,0.6798
2026-03-11 16:31:28,252,bowl,0.8268,0.6961
2026-03-11 16:31:28,253,bowl,0.8482,0.7089
2026-03-11 16:31:28,254,bowl,0.7971,0.6782
2026-03-11 16:31:28,255,bowl,0.8020,0.6812
2026-03-11 16:31:29,256,bowl,0.8276,0.6966
2026-03-11 16:31:29,257,bowl,0.7584,0.6550
2026-03-11 16:31:29,258,bowl,0.7774,0.6664
2026-03-11 16:31:29,259,bowl,0.8025,0.6815
2026-03-11 16:31:29,260,bowl,0.7872,0.6723
2026-03-11 16:31:30,261,bowl,0.8022,0.6813
2026-03-11 16:31:30,262,bowl,0.8218,0.6931
2026-03-11 16:31:30,263,bowl,0.8439,0.7064
2026-03-11 16:31:30,264,bowl,0.7969,0.6781
2026-03-11 16:31:31,265,bowl,0.7674,0.6604
2026-03-11 16:31:31,266,bowl,0.8032,0.6819
2026-03-11 16:31:31,267,bowl,0.7712,0.6627
2026-03-11 16:31:31,268,bowl,0.7970,0.6782
2026-03-11 16:31:32,269,bowl,0.8297,0.6978
2026-03-11 16:31:32,270,bowl,0.8324,0.6995
2026-03-11 16:31:32,271,bowl,0.7915,0.6749
2026-03-11 16:31:32,272,bowl,0.8173,0.6904
2026-03-11 16:31:32,273,bowl,0.8390,0.7034
2026-03-11 16:31:33,274,bowl,0.7998,0.6799
2026-03-11 16:31:33,275,bowl,0.8385,0.7031
2026-03-11 16:31:33,276,bowl,0.8192,0.6915
2026-03-11 16:31:34,277,bowl,0.8585,0.7151
2026-03-11 16:31:34,278,bowl,0.8443,0.7066
2026-03-11 16:31:34,279,bowl,0.8536,0.7122
2026-03-11 16:31:34,280,bowl,0.8186,0.6912
2026-03-11 16:31:35,281,bowl,0.7856,0.6714
2026-03-11 16:31:35,282,bowl,0.8328,0.6997
2026-03-11 16:32:56,1,person,0.9362,0.9417
2026-03-11 16:32:56,2,person,0.9131,0.9279
2026-03-11 16:32:57,3,person,0.5670,0.7202
2026-03-11 16:32:57,4,person,0.4807,0.6684
2026-03-11 16:32:57,5,person,0.9022,0.9213
2026-03-11 16:32:58,6,person,0.8812,0.9087
2026-03-11 16:32:58,7,person,0.8037,0.8622
2026-03-11 16:32:58,8,person,0.7000,0.8000
2026-03-11 16:32:59,9,person,0.6916,0.7949
2026-03-11 16:32:59,10,person,0.4488,0.6493
2026-03-11 16:33:00,12,person,0.7616,0.8370
2026-03-11 16:33:00,13,person,0.8746,0.9047
2026-03-11 16:33:00,14,person,0.6178,0.7507
2026-03-11 16:33:00,15,person,0.6921,0.7953
2026-03-11 16:33:01,16,person,0.8477,0.8886
2026-03-11 16:33:01,17,person,0.8364,0.8818
2026-03-11 16:33:01,18,person,0.7556,0.8334
2026-03-11 16:33:02,19,person,0.7813,0.8488
2026-03-11 16:33:02,20,person,0.8518,0.8911
2026-03-11 16:33:02,21,person,0.8973,0.9184
2026-03-11 16:33:02,22,person,0.8700,0.9020
2026-03-11 16:33:03,23,person,0.8407,0.8844
2026-03-11 16:33:03,24,person,0.8551,0.8930
2026-03-11 16:33:03,25,person,0.8873,0.9124
2026-03-11 16:33:03,26,person,0.6080,0.7448
2026-03-11 16:33:03,27,person,0.6404,0.7642
2026-03-11 16:33:04,28,person,0.7082,0.8049
2026-03-11 16:33:04,29,person,0.8732,0.9039
2026-03-11 16:33:04,30,person,0.5629,0.7177
2026-03-11 16:33:04,31,person,0.7916,0.8549
2026-03-11 16:33:05,32,person,0.6363,0.7618
2026-03-11 16:33:05,33,person,0.8774,0.9065
2026-03-11 16:33:05,34,person,0.6741,0.7845
2026-03-11 16:33:05,35,person,0.4086,0.6252
2026-03-11 16:33:05,36,person,0.4921,0.6752
2026-03-11 16:33:06,37,person,0.6232,0.7539
2026-03-11 16:33:06,38,person,0.6244,0.7547
2026-03-11 16:33:06,39,person,0.8076,0.8646
2026-03-11 16:33:06,40,person,0.7908,0.8545
2026-03-11 16:33:07,41,person,0.6374,0.7625
2026-03-11 16:33:07,42,person,0.8438,0.8863
2026-03-11 16:33:07,43,person,0.9003,0.9202
2026-03-11 16:33:07,44,person,0.7870,0.8522
2026-03-11 16:33:08,45,person,0.5591,0.7154
2026-03-11 16:33:08,46,dog,0.7214,0.6328
2026-03-11 16:33:08,47,person,0.8354,0.8812
2026-03-11 16:33:08,48,person,0.9427,0.9456
2026-03-11 16:33:09,49,person,0.9496,0.9498
2026-03-11 16:33:09,50,person,0.5918,0.7351
2026-03-11 16:33:09,51,person,0.7729,0.8437
2026-03-11 16:33:09,52,person,0.7010,0.8006
2026-03-11 16:33:09,53,person,0.9302,0.9381
2026-03-11 16:33:10,54,person,0.9523,0.9514
2026-03-11 16:33:10,55,person,0.9421,0.9453
2026-03-11 16:33:10,56,person,0.9291,0.9375
2026-03-11 16:33:10,57,person,0.9223,0.9334
2026-03-11 16:33:11,58,person,0.9336,0.9401
2026-03-11 16:33:11,59,person,0.9470,0.9482
2026-03-11 16:33:11,60,dog,0.8035,0.6821
2026-03-11 16:33:11,61,person,0.9319,0.9391
2026-03-11 16:33:12,62,person,0.5436,0.7061
2026-03-11 16:33:12,63,elephant,0.7202,0.6321
2026-03-11 16:33:12,64,person,0.4224,0.6335
2026-03-11 16:33:12,65,person,0.5850,0.7310
2026-03-11 16:33:13,66,person,0.4501,0.6501
2026-03-11 16:33:13,67,person,0.9024,0.9215
2026-03-11 16:33:13,68,person,0.9427,0.9456
2026-03-11 16:33:13,69,person,0.9410,0.9446
2026-03-11 16:33:14,70,person,0.9518,0.9511
2026-03-11 16:33:14,71,person,0.9462,0.9477
2026-03-11 16:33:14,72,person,0.9468,0.9481
2026-03-11 16:33:14,73,person,0.9503,0.9502
2026-03-11 16:33:14,74,person,0.9447,0.9468
2026-03-11 16:33:15,75,person,0.9492,0.9495
2026-03-11 16:33:15,76,person,0.9498,0.9499
2026-03-11 16:33:15,77,person,0.9516,0.9510
2026-03-11 16:33:15,78,person,0.9456,0.9473
2026-03-11 16:33:15,79,person,0.9486,0.9492
2026-03-11 16:33:16,80,person,0.9404,0.9442
2026-03-11 16:33:16,81,person,0.9476,0.9486
2026-03-11 16:33:16,82,person,0.9500,0.9500
2026-03-11 16:33:16,83,person,0.9485,0.9491
2026-03-11 16:33:17,84,person,0.9618,0.9571
2026-03-11 16:33:17,85,person,0.9628,0.9577
2026-03-11 16:33:17,86,person,0.9617,0.9570
2026-03-11 16:33:17,87,person,0.9522,0.9513
2026-03-11 16:33:17,88,person,0.9527,0.9516
2026-03-11 16:33:18,89,person,0.9578,0.9547
2026-03-11 16:33:18,90,person,0.9607,0.9564
2026-03-11 16:33:18,91,person,0.9594,0.9557
2026-03-11 16:33:18,92,person,0.9593,0.9556
2026-03-11 16:33:19,93,person,0.9569,0.9541
2026-03-11 16:33:19,94,person,0.9572,0.9543
2026-03-11 16:33:19,95,person,0.9559,0.9535
2026-03-11 16:33:19,96,person,0.9586,0.9552
2026-03-11 16:33:20,97,person,0.9575,0.9545
2026-03-11 16:33:20,98,person,0.9567,0.9540
2026-03-11 16:33:20,99,person,0.9598,0.9559
2026-03-11 16:33:21,100,person,0.9541,0.9525
2026-03-11 16:33:21,101,person,0.9485,0.9491
2026-03-11 16:33:21,102,person,0.9564,0.9538
2026-03-11 16:33:22,103,person,0.9545,0.9527
2026-03-11 16:33:22,104,person,0.9563,0.9538
2026-03-11 16:33:22,105,person,0.9568,0.9541
2026-03-11 16:33:23,106,person,0.9542,0.9525
2026-03-11 16:33:23,107,person,0.9540,0.9524
2026-03-11 16:33:23,108,person,0.9612,0.9567
2026-03-11 16:33:24,109,person,0.9606,0.9564
2026-03-11 16:33:24,110,person,0.9628,0.9577
2026-03-11 16:33:24,111,person,0.9560,0.9536
2026-03-11 16:33:25,112,person,0.9572,0.9543
2026-03-11 16:33:25,113,person,0.9532,0.9519
2026-03-11 16:33:25,114,person,0.9335,0.9401
2026-03-11 16:33:26,115,person,0.9440,0.9464
2026-03-11 16:33:26,116,person,0.9336,0.9401
2026-03-11 16:33:26,117,person,0.9378,0.9427
2026-03-11 16:33:26,118,person,0.9009,0.9206
2026-03-11 16:33:27,119,person,0.4124,0.6274
2026-03-11 16:33:27,120,person,0.8195,0.8717
2026-03-11 16:33:27,121,person,0.9003,0.9202
2026-03-11 16:33:28,122,person,0.9426,0.9455
2026-03-11 16:33:28,123,person,0.9397,0.9438
2026-03-11 16:33:28,124,person,0.9206,0.9323
2026-03-11 16:33:29,125,person,0.9175,0.9305
2026-03-11 16:33:29,126,person,0.8942,0.9165
2026-03-11 16:33:29,127,person,0.8977,0.9186
2026-03-11 16:33:30,128,person,0.9294,0.9377
2026-03-11 16:33:30,129,person,0.8945,0.9167
2026-03-11 16:33:30,130,person,0.9066,0.9240
2026-03-11 16:33:31,131,person,0.8151,0.8691
2026-03-11 16:33:31,132,person,0.9411,0.9446
2026-03-11 16:33:31,133,person,0.9385,0.9431
2026-03-11 16:33:32,134,person,0.9290,0.9374
2026-03-11 16:33:32,135,person,0.9403,0.9442
2026-03-11 16:33:32,136,person,0.9162,0.9297
2026-03-11 16:33:33,137,person,0.9095,0.9257
2026-03-11 16:33:33,138,person,0.9113,0.9268
2026-03-11 16:33:33,139,person,0.9299,0.9379
2026-03-11 16:33:34,140,person,0.8877,0.9126
2026-03-11 16:33:34,141,person,0.8321,0.8793
2026-03-11 16:33:34,142,dog,0.7496,0.6497
2026-03-11 16:33:35,143,person,0.8917,0.9150
2026-03-11 16:33:35,144,person,0.9210,0.9326
2026-03-11 16:33:35,145,person,0.9193,0.9316
2026-03-11 16:33:35,146,person,0.9099,0.9260
2026-03-11 16:33:36,147,person,0.9252,0.9351
2026-03-11 16:33:36,148,person,0.9218,0.9331
2026-03-11 16:33:36,149,person,0.9093,0.9256
2026-03-11 16:33:37,150,person,0.9273,0.9364
2026-03-11 16:33:37,151,person,0.9167,0.9300
2026-03-11 16:33:38,152,person,0.9111,0.9266
2026-03-11 16:33:38,153,person,0.9114,0.9268
2026-03-11 16:33:38,154,person,0.9105,0.9263
2026-03-11 16:33:38,155,person,0.9182,0.9309
2026-03-11 16:33:39,156,person,0.9181,0.9308
2026-03-11 16:33:39,157,person,0.9182,0.9309
2026-03-11 16:33:39,158,person,0.9122,0.9273
2026-03-11 16:33:40,159,person,0.9127,0.9276
2026-03-11 16:33:40,160,person,0.9079,0.9247
2026-03-11 16:33:40,161,person,0.9183,0.9310
2026-03-11 16:33:41,162,person,0.9208,0.9325
2026-03-11 16:33:41,163,person,0.9140,0.9284
2026-03-11 16:33:41,164,person,0.9226,0.9335
2026-03-11 16:33:42,165,person,0.9183,0.9310
2026-03-11 16:33:42,166,person,0.9226,0.9336
2026-03-11 16:33:42,167,person,0.9021,0.9213
2026-03-11 16:33:43,168,person,0.9188,0.9313
2026-03-11 16:35:24,1,person,0.9412,0.9447
2026-03-11 16:35:24,2,person,0.9312,0.9387
2026-03-11 16:35:25,3,person,0.9547,0.9528
2026-03-11 16:35:25,4,person,0.9527,0.9516
2026-03-11 16:35:25,5,person,0.9382,0.9429
2026-03-11 16:35:25,6,person,0.9475,0.9485
2026-03-11 16:35:26,7,person,0.7954,0.8572
2026-03-11 16:35:26,9,person,0.8269,0.8761
2026-03-11 16:35:26,10,person,0.8916,0.9149
2026-03-11 16:35:27,11,person,0.6278,0.7567
2026-03-11 16:35:27,12,person,0.5894,0.7336
2026-03-11 16:35:27,13,person,0.7228,0.8137
2026-03-11 16:35:27,14,person,0.8522,0.8913
2026-03-11 16:35:28,15,person,0.8227,0.8736
2026-03-11 16:35:28,16,person,0.8913,0.9148
2026-03-11 16:35:28,17,person,0.6546,0.7727
2026-03-11 16:35:28,18,person,0.5924,0.7354
2026-03-11 16:35:28,19,person,0.8832,0.9099
2026-03-11 16:35:29,20,person,0.9150,0.9290
2026-03-11 16:35:29,21,person,0.3859,0.6115
2026-03-11 16:35:29,22,person,0.9266,0.9359
2026-03-11 16:35:29,23,person,0.6765,0.7859
2026-03-11 16:35:29,24,person,0.8867,0.9120
2026-03-11 16:35:30,25,person,0.7684,0.8410
2026-03-11 16:35:30,26,person,0.8939,0.9163
2026-03-11 16:35:30,27,person,0.7816,0.8490
2026-03-11 16:35:30,28,person,0.8962,0.9177
2026-03-11 16:35:31,29,person,0.9203,0.9322
2026-03-11 16:35:31,30,person,0.8863,0.9118
2026-03-11 16:35:31,31,person,0.9107,0.9264
2026-03-11 16:35:31,32,person,0.9112,0.9267
2026-03-11 16:35:31,33,person,0.9234,0.9340
2026-03-11 16:35:32,34,person,0.9065,0.9239
2026-03-11 16:35:32,35,person,0.3836,0.6101
2026-03-11 16:35:32,36,person,0.7475,0.8285
2026-03-11 16:35:32,37,person,0.5021,0.6812
2026-03-11 16:35:33,38,person,0.5680,0.7208
2026-03-11 16:35:33,39,cat,0.7691,0.6614
2026-03-11 16:35:33,40,person,0.7711,0.8427
2026-03-11 16:35:33,41,person,0.6939,0.7963
2026-03-11 16:35:34,42,person,0.3597,0.5958
2026-03-11 16:35:34,43,person,0.9075,0.9245
2026-03-11 16:35:34,44,person,0.9296,0.9378
2026-03-11 16:35:34,45,person,0.9360,0.9416
2026-03-11 16:35:34,46,person,0.9431,0.9459
2026-03-11 16:35:35,47,person,0.9144,0.9286
2026-03-11 16:35:35,48,person,0.8175,0.8705
2026-03-11 16:35:35,49,person,0.4779,0.6667
2026-03-11 16:35:35,50,cat,0.8592,0.7155
2026-03-11 16:35:36,51,person,0.8816,0.9089
2026-03-11 16:35:36,52,person,0.6035,0.7421
2026-03-11 16:35:36,53,person,0.4204,0.6322
2026-03-11 16:35:36,54,person,0.6681,0.7808
2026-03-11 16:35:37,55,person,0.7285,0.8171
2026-03-11 16:35:37,56,person,0.6072,0.7443
2026-03-11 16:35:37,57,person,0.9228,0.9337
2026-03-11 16:35:38,58,person,0.6082,0.7449
2026-03-11 16:35:38,59,person,0.8236,0.8742
2026-03-11 16:35:38,60,person,0.8747,0.9048
2026-03-11 16:35:38,61,person,0.7289,0.8174
2026-03-11 16:35:39,62,person,0.7483,0.8290
2026-03-11 16:35:39,63,person,0.7024,0.8014
2026-03-11 16:35:39,64,person,0.6984,0.7990
2026-03-11 16:35:39,65,person,0.7734,0.8441
2026-03-11 16:35:40,66,person,0.7634,0.8380
2026-03-11 16:35:40,67,person,0.7671,0.8403
2026-03-11 16:35:40,68,person,0.8139,0.8683
2026-03-11 16:35:40,69,person,0.8431,0.8859
2026-03-11 16:35:41,70,person,0.8861,0.9116
2026-03-11 16:35:41,71,person,0.8201,0.8721
2026-03-11 16:35:41,72,person,0.8139,0.8683
2026-03-11 16:35:41,73,person,0.8874,0.9124
2026-03-11 16:35:41,74,person,0.9244,0.9346
2026-03-11 16:35:42,75,person,0.9156,0.9293
2026-03-11 16:35:42,76,person,0.8955,0.9173
2026-03-11 16:35:42,77,person,0.8924,0.9154
2026-03-11 16:35:42,78,person,0.7486,0.8292
2026-03-11 16:35:43,79,person,0.6945,0.7967
2026-03-11 16:35:43,80,person,0.9061,0.9237
2026-03-11 16:35:43,81,person,0.7318,0.8191
2026-03-11 16:35:43,82,person,0.7343,0.8206
2026-03-11 16:35:44,83,person,0.8534,0.8920
2026-03-11 16:35:44,84,person,0.8933,0.9160
2026-03-11 16:35:44,85,person,0.8284,0.8770
2026-03-11 16:35:45,86,person,0.3554,0.5932
2026-03-11 16:35:45,87,person,0.3523,0.5914
2026-03-11 16:35:45,88,person,0.6596,0.7758
2026-03-11 16:35:45,89,person,0.7826,0.8495
2026-03-11 16:35:46,90,person,0.6426,0.7655
2026-03-11 16:35:46,91,person,0.6113,0.7468
2026-03-11 16:35:46,92,person,0.6893,0.7936
2026-03-11 16:35:46,93,person,0.9175,0.9305
2026-03-11 16:35:47,94,dog,0.7846,0.6707
2026-03-11 16:35:47,95,person,0.7629,0.8377
2026-03-11 16:35:47,96,person,0.9218,0.9331
2026-03-11 16:35:47,97,person,0.9354,0.9413
2026-03-11 16:35:48,98,person,0.8100,0.8660
2026-03-11 16:35:48,99,person,0.6599,0.7759
2026-03-11 16:35:48,100,person,0.8751,0.9051
2026-03-11 16:35:49,101,person,0.8888,0.9133
2026-03-11 16:35:49,102,person,0.8499,0.8900
2026-03-11 16:35:49,103,person,0.9139,0.9283
2026-03-11 16:35:50,104,person,0.8450,0.8870
2026-03-11 16:35:50,105,person,0.6519,0.7711
2026-03-11 16:35:51,107,person,0.4189,0.6313
2026-03-11 16:35:51,108,person,0.9381,0.9428
2026-03-11 16:35:52,109,person,0.6435,0.7661
2026-03-11 16:35:52,110,person,0.7173,0.8104
2026-03-11 16:35:52,111,person,0.5221,0.6933
2026-03-11 16:35:53,112,person,0.4778,0.6667
2026-03-11 16:35:53,113,person,0.5345,0.7007
2026-03-11 16:35:53,114,person,0.7500,0.8300
2026-03-11 16:35:54,115,person,0.9057,0.9234
2026-03-11 16:35:54,116,person,0.8323,0.8794
2026-03-11 16:35:54,117,person,0.5832,0.7299
2026-03-11 16:35:55,118,person,0.5681,0.7209
2026-03-11 16:35:55,119,person,0.5098,0.6859
2026-03-11 16:35:55,120,person,0.6123,0.7474
2026-03-11 16:35:56,121,person,0.6681,0.7808
2026-03-11 16:35:56,122,person,0.6073,0.7444
2026-03-11 16:35:56,123,person,0.5032,0.6819
2026-03-11 16:35:57,124,person,0.6391,0.7635
2026-03-11 16:35:57,125,person,0.6038,0.7423
2026-03-11 16:35:57,126,person,0.4838,0.6703
2026-03-11 16:35:58,127,person,0.4519,0.6512
2026-03-11 16:35:58,128,person,0.7130,0.8078
2026-03-11 16:35:58,129,person,0.4795,0.6677
2026-03-11 16:35:59,130,person,0.6909,0.7945
2026-03-11 16:35:59,131,person,0.6945,0.7967
2026-03-11 16:35:59,132,person,0.3851,0.6110
2026-03-11 16:36:00,133,person,0.6105,0.7463
2026-03-11 16:36:00,134,person,0.5336,0.7001
2026-03-11 16:36:00,135,person,0.3543,0.5926
2026-03-11 16:36:01,136,person,0.5661,0.7197
2026-03-11 16:36:01,137,person,0.5063,0.6838
2026-03-11 16:36:01,138,person,0.6750,0.7850
2026-03-11 16:36:02,140,person,0.6012,0.7407
2026-03-11 16:36:03,141,person,0.4899,0.6740
2026-03-11 16:36:03,142,person,0.5081,0.6849
2026-03-11 16:36:03,143,person,0.4962,0.6777
2026-03-11 16:36:03,144,person,0.3928,0.6157
2026-03-11 16:36:03,145,person,0.8110,0.8666
2026-03-11 16:36:04,146,person,0.4919,0.6752
2026-03-11 16:36:04,147,person,0.5284,0.6971
2026-03-11 16:36:04,148,person,0.6094,0.7457
2026-04-09 22:10:52,1,person,0.8334,0.8800
2026-04-09 22:10:52,2,person,0.6077,0.7446
2026-04-09 22:10:53,3,person,0.6205,0.7523
2026-04-09 22:10:53,4,person,0.7580,0.8348
2026-04-09 22:10:53,5,person,0.7458,0.8275
2026-04-09 22:10:54,6,person,0.7523,0.8314
2026-04-09 22:10:54,7,person,0.8338,0.8803
2026-04-09 22:10:54,8,person,0.8279,0.8767
2026-04-09 22:10:54,9,person,0.6982,0.7989
2026-04-09 22:10:55,10,person,0.7008,0.8005
2026-04-09 22:10:55,11,person,0.7284,0.8170
2026-04-09 22:10:55,12,person,0.7693,0.8416
2026-04-09 22:10:55,13,person,0.8424,0.8854
2026-04-09 22:10:56,14,person,0.8681,0.9009
2026-04-09 22:10:56,15,person,0.7717,0.8430
2026-04-09 22:10:56,16,person,0.9049,0.9230
2026-04-09 22:10:56,17,person,0.8922,0.9153
2026-04-09 22:10:57,18,person,0.8523,0.8914
2026-04-09 22:10:57,19,person,0.9006,0.9204
2026-04-09 22:10:57,20,person,0.8865,0.9119
2026-04-09 22:10:57,21,person,0.8617,0.8970
2026-04-09 22:10:58,22,person,0.8982,0.9189
2026-04-09 22:10:58,23,person,0.9122,0.9273
2026-04-09 22:10:58,24,person,0.9209,0.9325
2026-04-09 22:10:58,25,person,0.9132,0.9279
2026-04-09 22:10:58,26,person,0.8954,0.9172
2026-04-09 22:10:59,27,person,0.8854,0.9112
2026-04-09 22:10:59,28,person,0.8793,0.9076
2026-04-09 22:10:59,29,person,0.8833,0.9100
2026-04-09 22:10:59,30,person,0.8800,0.9080
2026-04-09 22:11:00,31,person,0.8832,0.9099
2026-04-09 22:11:00,32,person,0.8656,0.8994
2026-04-09 22:11:00,33,person,0.8620,0.8972
2026-04-09 22:11:00,34,person,0.7842,0.8505
2026-04-09 22:11:01,35,person,0.6659,0.7796
2026-04-09 22:11:01,36,person,0.7969,0.8581
2026-04-09 22:11:01,37,person,0.8214,0.8729
2026-04-09 22:11:01,38,person,0.8477,0.8886
2026-04-09 22:11:02,39,person,0.7569,0.8341
2026-04-09 22:11:02,40,person,0.8190,0.8714
2026-04-09 22:11:02,41,person,0.8296,0.8777
2026-04-09 22:11:03,42,person,0.4167,0.6300
2026-04-09 22:11:03,43,person,0.8295,0.8777
2026-04-09 22:11:03,44,person,0.8229,0.8738
2026-04-09 22:11:03,45,person,0.8157,0.8694
2026-04-09 22:11:04,46,person,0.7765,0.8459
2026-04-09 22:11:04,47,person,0.7072,0.8043
2026-04-09 22:11:04,48,person,0.7483,0.8290
2026-04-09 22:11:04,49,person,0.6766,0.7859
2026-04-09 22:11:04,50,person,0.5262,0.6957
2026-04-09 22:11:05,51,person,0.7805,0.8483
2026-04-09 22:11:05,52,person,0.8159,0.8695
2026-04-09 22:11:05,53,person,0.4430,0.6458
2026-04-09 22:11:05,54,person,0.6857,0.7914
2026-04-09 22:11:06,55,person,0.6197,0.7518
2026-04-09 22:11:06,56,person,0.5526,0.7115
2026-04-09 22:11:06,57,person,0.4067,0.6240
2026-04-09 22:11:06,58,person,0.7806,0.8484
2026-04-09 22:11:07,59,person,0.6064,0.7438
2026-04-09 22:11:07,60,person,0.7972,0.8583
2026-04-09 22:11:07,61,person,0.5326,0.6996
2026-04-09 22:11:08,62,person,0.4172,0.6303
2026-04-09 22:11:08,63,cat,0.6668,0.6001
2026-04-09 22:11:08,64,person,0.6625,0.7775
2026-04-09 22:11:08,65,dog,0.5357,0.5214
2026-04-09 22:11:09,66,cat,0.6277,0.5766
2026-04-09 22:11:09,67,person,0.7296,0.8178
2026-04-09 22:11:09,68,person,0.6597,0.7758
2026-04-09 22:11:09,69,dog,0.4479,0.4688
2026-04-09 22:11:10,70,person,0.7674,0.8405
2026-04-09 22:11:10,71,person,0.7686,0.8412
2026-04-09 22:11:10,72,person,0.4659,0.6596
2026-04-09 22:11:11,73,person,0.6340,0.7604
2026-04-09 22:11:11,74,person,0.6676,0.7806
2026-04-09 22:11:11,75,person,0.4075,0.6245
2026-04-09 22:11:11,76,person,0.8007,0.8604
2026-04-09 22:11:12,77,person,0.8562,0.8937
2026-04-09 22:11:12,78,person,0.8520,0.8912
2026-04-09 22:11:12,79,person,0.8430,0.8858
2026-04-09 22:11:12,80,person,0.8655,0.8993
2026-04-09 22:11:13,81,person,0.7065,0.8039
2026-04-09 22:11:13,82,person,0.6403,0.7642
2026-04-09 22:11:13,83,person,0.7587,0.8352
2026-04-09 22:11:14,84,person,0.6428,0.7657
2026-04-09 22:11:14,85,person,0.7873,0.8524
2026-04-09 22:11:14,86,person,0.8655,0.8993
2026-04-09 22:11:14,87,person,0.9208,0.9325
2026-04-09 22:11:15,88,person,0.9107,0.9264
2026-04-09 22:11:15,89,person,0.8960,0.9176
2026-04-09 22:11:15,90,person,0.7979,0.8588
2026-04-09 22:11:16,91,person,0.7773,0.8464
2026-04-09 22:11:16,92,person,0.8339,0.8804
2026-04-09 22:11:16,93,person,0.7993,0.8596
2026-04-09 22:11:17,94,person,0.8599,0.8959
2026-04-09 22:11:17,95,person,0.7877,0.8526
2026-04-09 22:11:17,96,cat,0.3690,0.4214
2026-04-09 22:11:18,97,person,0.7629,0.8377
2026-04-09 22:11:18,98,person,0.8251,0.8751
2026-04-09 22:11:18,99,person,0.8377,0.8826
2026-04-09 22:11:19,100,person,0.8667,0.9000
2026-04-09 22:11:19,101,person,0.7752,0.8451
2026-04-09 22:11:19,102,person,0.8548,0.8929
2026-04-09 22:11:20,103,person,0.7972,0.8583
2026-04-09 22:11:20,104,cell phone,0.5378,0.6747
2026-04-09 22:11:21,105,remote,0.5958,0.5575
2026-04-09 22:11:21,106,person,0.7584,0.8350
2026-04-09 22:11:21,107,cell phone,0.9027,0.8936
2026-04-09 22:11:22,108,person,0.7420,0.8252
2026-04-09 22:11:22,109,person,0.8571,0.8942
2026-04-09 22:11:22,110,person,0.4519,0.6511
2026-04-09 22:11:23,111,cat,0.3580,0.4148
2026-04-09 22:11:23,112,cat,0.4418,0.4651
2026-04-09 22:11:23,113,cat,0.4411,0.4647
2026-04-09 22:11:24,114,cat,0.3677,0.4206
2026-04-09 22:11:25,117,cat,0.4680,0.4808
2026-04-09 22:11:25,118,person,0.4686,0.6611
2026-04-09 22:11:26,120,cat,0.4130,0.4478
2026-04-09 22:11:26,121,cat,0.4858,0.4915
2026-04-09 22:11:26,122,cat,0.5733,0.5440
2026-04-09 22:11:27,123,cat,0.6162,0.5697
2026-04-09 22:11:27,124,cat,0.6294,0.5777
2026-04-09 22:11:27,125,cat,0.6863,0.6118
2026-04-09 22:11:28,126,remote,0.5844,0.5506
2026-04-09 22:11:28,127,remote,0.6718,0.6031
2026-04-09 22:11:28,128,cat,0.5098,0.5059
2026-04-09 22:11:29,129,remote,0.5208,0.5125
2026-04-09 22:11:29,130,cat,0.3659,0.4195
2026-04-09 22:11:30,132,cat,0.5191,0.5115
2026-04-09 22:11:30,133,cat,0.4546,0.4728
2026-04-09 22:11:32,137,cat,0.5325,0.5195
2026-04-09 22:11:32,138,cat,0.6389,0.5834
2026-04-09 22:11:32,139,book,0.6456,0.6873
2026-04-09 22:11:33,140,laptop,0.3738,0.5923
2026-04-09 22:11:33,141,cat,0.7606,0.6563
2026-04-09 22:11:33,142,cat,0.5738,0.5443
2026-04-09 22:11:34,143,cat,0.5958,0.5575
2026-04-09 22:11:34,144,cat,0.5643,0.5386
2026-04-09 22:11:35,145,cat,0.3650,0.4190
2026-04-09 22:11:35,146,laptop,0.3799,0.5959
2026-04-09 22:11:36,148,laptop,0.4112,0.6147
2026-04-09 22:11:36,149,cat,0.5710,0.5426
2026-04-09 22:11:36,150,cat,0.6968,0.6181
2026-04-09 22:11:37,151,laptop,0.4312,0.6267
2026-04-09 22:11:37,152,cat,0.5676,0.5405
2026-04-09 22:11:38,154,cat,0.5266,0.5160
2026-04-09 22:11:38,155,cat,0.4579,0.4748
2026-04-09 22:11:39,156,chair,0.4427,0.5056
2026-04-09 22:11:39,157,chair,0.7176,0.6706
2026-04-09 22:11:40,159,cat,0.3824,0.4295
2026-04-09 22:11:41,161,cat,0.6934,0.6161
2026-04-09 22:11:41,162,cat,0.6233,0.5740
2026-04-09 22:11:41,163,cat,0.7349,0.6410
2026-04-09 22:11:42,164,chair,0.5248,0.5549
2026-04-09 22:11:42,165,cat,0.6037,0.5622
2026-04-09 22:11:42,166,dog,0.4359,0.4616
2026-04-09 22:11:43,167,dog,0.5688,0.5413
2026-04-09 22:11:44,170,person,0.3989,0.6193
2026-04-09 22:11:44,171,person,0.3879,0.6127
2026-04-09 22:11:45,172,person,0.4147,0.6288
2026-04-09 22:11:45,174,person,0.3607,0.5964
2026-04-09 22:11:46,175,person,0.4176,0.6306
2026-04-09 22:11:46,176,person,0.3945,0.6167
2026-04-09 22:11:46,177,cat,0.6149,0.5689
2026-04-09 22:11:47,178,person,0.4648,0.6589
2026-04-09 22:11:47,179,person,0.5061,0.6837
2026-04-09 22:11:47,180,person,0.7559,0.8335
2026-04-09 22:11:48,181,person,0.6729,0.7837
2026-04-09 22:11:48,182,person,0.6300,0.7580
2026-04-09 22:11:48,183,person,0.3900,0.6140
2026-04-09 22:11:49,184,cat,0.7622,0.6573
2026-04-09 22:11:49,185,person,0.3963,0.6178
2026-04-09 22:11:49,186,person,0.3963,0.6178
2026-04-09 22:11:50,187,cat,0.3840,0.4304
2026-04-09 22:11:50,188,person,0.4159,0.6295
2026-04-09 22:11:50,189,person,0.7178,0.8107
2026-04-09 22:11:51,190,person,0.7951,0.8570
2026-04-09 22:11:51,191,person,0.9139,0.9283
2026-04-09 22:11:52,192,person,0.8737,0.9042
2026-04-09 22:11:52,193,person,0.8473,0.8884
2026-04-09 22:11:52,194,person,0.7341,0.8204
2026-04-09 22:11:53,195,person,0.7697,0.8418
2026-04-09 22:11:53,196,person,0.8563,0.8938
2026-04-09 22:11:53,197,person,0.7005,0.8003
2026-04-09 22:11:54,198,person,0.7977,0.8586
2026-04-09 22:11:54,199,person,0.7840,0.8504
2026-04-09 22:11:55,200,person,0.7232,0.8139
2026-04-09 22:11:55,201,person,0.7158,0.8095
2026-04-09 22:11:55,202,person,0.6426,0.7656
2026-04-09 22:11:56,203,person,0.8277,0.8766
2026-04-09 22:11:56,204,person,0.6947,0.7968
2026-04-09 22:11:56,205,person,0.9334,0.9400
2026-04-09 22:11:57,206,person,0.9265,0.9359
2026-04-09 22:11:57,207,person,0.8959,0.9175
2026-04-09 22:11:58,208,person,0.8855,0.9113
2026-04-09 22:11:58,209,person,0.9492,0.9495
2026-04-09 22:11:58,210,person,0.6928,0.7957
2026-04-09 22:11:59,211,cat,0.7443,0.6466
2026-04-09 22:11:59,212,person,0.8241,0.8745
2026-04-09 22:12:00,213,person,0.7979,0.8588
2026-04-09 22:12:00,214,person,0.8859,0.9115
2026-04-09 22:12:00,215,person,0.9202,0.9321
2026-04-09 22:12:01,216,person,0.9160,0.9296
2026-04-09 22:12:01,217,person,0.9328,0.9397
2026-04-09 22:12:02,218,person,0.9339,0.9404
2026-04-09 22:12:02,219,person,0.9320,0.9392
2026-04-09 22:12:02,220,person,0.9407,0.9444
2026-04-09 22:12:03,221,person,0.9351,0.9411
2026-04-09 22:12:03,222,person,0.9315,0.9389
2026-04-09 22:12:04,223,person,0.9328,0.9397
2026-04-09 22:12:04,224,person,0.9314,0.9388
2026-04-09 22:12:05,225,person,0.9349,0.9409
2026-04-09 22:12:05,226,person,0.9304,0.9383
2026-04-09 22:12:05,227,person,0.9329,0.9397
2026-04-09 22:12:06,228,person,0.9149,0.9289
2026-04-09 22:12:06,229,person,0.9270,0.9362
2026-04-09 22:12:07,230,person,0.8863,0.9118
2026-04-09 22:12:07,231,person,0.8493,0.8896
2026-04-09 22:12:08,232,person,0.9320,0.9392
2026-04-09 22:12:08,233,person,0.9214,0.9328
2026-04-09 22:12:08,234,person,0.8261,0.8757
2026-04-09 22:12:09,235,person,0.8762,0.9057
2026-04-09 22:12:09,236,person,0.9249,0.9349
2026-04-09 22:12:10,237,person,0.8372,0.8823
2026-04-09 22:12:10,238,person,0.8764,0.9059
2026-04-09 22:12:10,239,dog,0.5315,0.5189
2026-04-09 22:12:11,240,person,0.3936,0.6162
2026-04-09 22:12:11,241,dog,0.7956,0.6774
2026-04-09 22:12:12,242,person,0.7477,0.8286
2026-04-09 22:12:12,243,person,0.8172,0.8703
2026-04-09 22:12:12,244,person,0.9200,0.9320
2026-04-09 22:12:13,245,person,0.9197,0.9318
2026-04-09 22:12:13,246,person,0.8887,0.9132
2026-04-09 22:12:14,247,person,0.8556,0.8934
2026-04-09 22:12:14,248,person,0.3744,0.6046
2026-04-09 22:12:14,249,person,0.6548,0.7729
2026-04-09 22:12:15,250,person,0.3549,0.5930
2026-04-09 22:12:15,252,cat,0.4156,0.4494
2026-04-09 22:12:16,253,person,0.4419,0.6451
2026-04-09 22:12:16,254,person,0.6594,0.7757
2026-04-09 22:12:16,255,cat,0.8395,0.7037
2026-04-09 22:12:16,256,cat,0.8248,0.6949
2026-04-09 22:12:17,257,cat,0.8649,0.7190
2026-04-10 06:06:55,1,person,0.8372,0.8823
2026-04-10 06:06:56,2,person,0.8534,0.8920
2026-04-10 06:06:56,3,person,0.8150,0.8690
2026-04-10 06:06:56,4,person,0.8198,0.8719
2026-04-10 06:06:57,5,person,0.5214,0.6929
2026-04-10 06:06:57,6,person,0.7266,0.8159
2026-04-10 06:06:57,7,person,0.8697,0.9018
2026-04-10 06:06:58,8,person,0.8492,0.8895
2026-04-10 06:06:58,9,person,0.7657,0.8394
2026-04-10 06:06:58,10,person,0.8804,0.9082
2026-04-10 06:06:58,11,person,0.8892,0.9135
2026-04-10 06:06:58,12,person,0.9010,0.9206
2026-04-10 06:06:59,13,person,0.8352,0.8811
2026-04-10 06:06:59,14,person,0.8861,0.9117
2026-04-10 06:06:59,15,person,0.8840,0.9104
2026-04-10 06:06:59,16,person,0.7955,0.8573
2026-04-10 06:07:00,17,person,0.8063,0.8638
2026-04-10 06:07:00,18,person,0.8690,0.9014
2026-04-10 06:07:00,19,person,0.8897,0.9138
2026-04-10 06:07:00,20,person,0.8710,0.9026
2026-04-10 06:07:01,21,person,0.8503,0.8902
2026-04-10 06:07:01,22,person,0.9005,0.9203
2026-04-10 06:07:01,23,person,0.7908,0.8545
2026-04-10 06:07:01,24,person,0.7679,0.8407
2026-04-10 06:07:01,25,person,0.8339,0.8804
2026-04-10 06:07:02,26,person,0.8559,0.8935
2026-04-10 06:07:02,27,person,0.8885,0.9131
2026-04-10 06:07:02,28,person,0.8773,0.9064
2026-04-10 06:07:02,29,person,0.8631,0.8979
2026-04-10 06:07:02,30,person,0.6163,0.7498
2026-04-10 06:07:03,31,person,0.8742,0.9045
2026-04-10 06:07:03,32,person,0.8464,0.8878
2026-04-10 06:07:03,33,person,0.8464,0.8878
2026-04-10 06:07:03,34,person,0.5994,0.7396
2026-04-10 06:07:04,35,person,0.8916,0.9150
2026-04-10 06:07:04,36,person,0.8128,0.8677
2026-04-10 06:07:04,37,person,0.7649,0.8389
2026-04-10 06:07:04,38,person,0.8913,0.9148
2026-04-10 06:07:04,39,person,0.8383,0.8830
2026-04-10 06:07:05,40,person,0.8320,0.8792
2026-04-10 06:07:05,41,person,0.9107,0.9264
2026-04-10 06:07:05,42,person,0.9079,0.9247
2026-04-10 06:07:05,43,person,0.8804,0.9083
2026-04-10 06:07:05,44,person,0.9030,0.9218
2026-04-10 06:07:06,45,person,0.9159,0.9295
2026-04-10 06:07:06,46,person,0.9116,0.9269
2026-04-10 06:07:06,47,person,0.9230,0.9338
2026-04-10 06:07:06,48,person,0.9311,0.9386
2026-04-10 06:07:07,49,person,0.9291,0.9374
2026-04-10 06:07:07,50,person,0.9350,0.9410
2026-04-10 06:07:07,51,person,0.9299,0.9379
2026-04-10 06:07:07,52,person,0.9188,0.9313
2026-04-10 06:07:07,53,person,0.9283,0.9370
2026-04-10 06:07:08,54,person,0.9177,0.9306
2026-04-10 06:07:08,55,person,0.9385,0.9431
2026-04-10 06:07:08,56,person,0.9368,0.9421
2026-04-10 06:07:08,57,person,0.9229,0.9337
2026-04-10 06:07:08,58,person,0.9348,0.9409
2026-04-10 06:07:09,59,person,0.9337,0.9402
2026-04-10 06:07:09,60,person,0.9377,0.9426
2026-04-10 06:07:09,61,person,0.9397,0.9438
2026-04-10 06:07:09,62,person,0.9339,0.9404
2026-04-10 06:07:09,63,person,0.9148,0.9289
2026-04-10 06:07:10,64,person,0.9288,0.9373
2026-04-10 06:07:10,65,person,0.9223,0.9334
2026-04-10 06:07:10,66,person,0.9249,0.9349
2026-04-10 06:07:10,67,person,0.9319,0.9391
2026-04-10 06:07:10,68,person,0.9353,0.9412
2026-04-10 06:07:11,69,person,0.9171,0.9303
2026-04-10 06:07:11,70,person,0.9307,0.9384
2026-04-10 06:07:11,71,person,0.9156,0.9294
2026-04-10 06:07:11,72,person,0.8879,0.9127
2026-04-10 06:07:12,73,person,0.8890,0.9134
2026-04-10 06:07:12,74,person,0.9034,0.9220
2026-04-10 06:07:12,75,person,0.8438,0.8863
2026-04-10 06:07:12,76,person,0.8721,0.9032
2026-04-10 06:07:12,77,person,0.9247,0.9348
2026-04-10 06:07:13,78,person,0.9062,0.9237
2026-04-10 06:07:13,79,person,0.9321,0.9393
2026-04-10 06:07:13,80,person,0.9103,0.9262
2026-04-10 06:07:13,81,person,0.9136,0.9282
2026-04-10 06:07:13,82,person,0.9179,0.9307
2026-04-10 06:07:14,83,person,0.9126,0.9276
2026-04-10 06:07:14,84,person,0.8626,0.8976
2026-04-10 06:07:14,85,person,0.8617,0.8970
2026-04-10 06:07:14,86,person,0.8722,0.9033
2026-04-10 06:07:15,87,person,0.8689,0.9013
2026-04-10 06:07:15,88,person,0.8453,0.8872
2026-04-10 06:07:15,89,person,0.8935,0.9161
2026-04-10 06:07:15,90,person,0.8572,0.8943
2026-04-10 06:07:15,91,person,0.8132,0.8679
2026-04-10 06:07:16,92,person,0.8703,0.9022
2026-04-10 06:07:16,93,person,0.7912,0.8547
2026-04-10 06:07:16,94,person,0.8099,0.8659
2026-04-10 06:07:16,95,person,0.8756,0.9053
2026-04-10 06:07:16,96,person,0.8591,0.8955
2026-04-10 06:07:17,97,person,0.8006,0.8603
2026-04-10 06:07:17,98,person,0.7832,0.8499
2026-04-10 06:07:17,99,person,0.8355,0.8813
2026-04-10 06:07:17,100,person,0.8657,0.8994
2026-04-10 06:07:18,101,person,0.9183,0.9310
2026-04-10 06:07:18,102,person,0.8997,0.9198
2026-04-10 06:07:18,103,person,0.8675,0.9005
2026-04-10 06:07:18,104,person,0.7404,0.8243
2026-04-10 06:07:18,105,person,0.8054,0.8632
2026-04-10 06:07:19,106,person,0.8073,0.8644
2026-04-10 06:07:19,107,person,0.6827,0.7896
2026-04-10 06:07:19,108,person,0.8929,0.9157
2026-04-10 06:07:19,109,person,0.8663,0.8998
2026-04-10 06:07:20,110,person,0.6762,0.7857
2026-04-10 06:07:20,111,person,0.8562,0.8937
2026-04-10 06:07:20,112,person,0.8106,0.8664
2026-04-10 06:07:21,113,person,0.8051,0.8630
2026-04-10 06:07:21,114,person,0.8860,0.9116
2026-04-10 06:07:21,115,person,0.9229,0.9337
2026-04-10 06:07:22,116,person,0.9250,0.9350
2026-04-10 06:07:22,117,person,0.9295,0.9377
2026-04-10 06:07:22,118,person,0.9222,0.9333
2026-04-10 06:07:23,119,person,0.9357,0.9414
2026-04-10 06:07:23,120,person,0.8562,0.8937
2026-04-10 06:07:23,121,person,0.9109,0.9265
2026-04-10 06:07:24,122,person,0.8996,0.9197
2026-04-10 06:07:24,123,person,0.8797,0.9078
2026-04-10 06:07:24,124,person,0.9032,0.9219
2026-04-10 06:07:25,125,person,0.6972,0.7983
2026-04-10 06:07:25,126,person,0.7961,0.8577
2026-04-10 06:07:26,127,person,0.9022,0.9213
2026-04-10 06:07:26,128,person,0.5001,0.6801
2026-04-10 06:07:26,129,person,0.8316,0.8790
2026-04-10 06:07:27,130,person,0.7360,0.8216
2026-04-10 06:07:27,131,person,0.6661,0.7796
2026-04-10 06:07:27,132,person,0.7738,0.8443
2026-04-10 06:07:28,133,person,0.6107,0.7464
2026-04-10 06:07:28,134,person,0.5556,0.7133
2026-04-10 06:07:28,135,person,0.5982,0.7389
2026-04-10 06:07:29,136,person,0.7875,0.8525
2026-04-10 06:07:29,137,person,0.8682,0.9009
2026-04-10 06:07:29,138,person,0.8076,0.8646
2026-04-10 06:07:30,139,person,0.7857,0.8514
2026-04-10 06:07:30,140,person,0.7798,0.8479
2026-04-10 06:07:30,141,person,0.7570,0.8342
2026-04-10 06:07:31,142,person,0.7545,0.8327
2026-04-10 06:07:31,143,person,0.7847,0.8508
2026-04-10 06:07:31,144,person,0.7811,0.8487
2026-04-10 06:07:32,145,person,0.7462,0.8277
2026-04-10 06:07:32,146,person,0.8535,0.8921
2026-04-10 06:07:32,147,person,0.8696,0.9018
2026-04-10 06:07:33,148,person,0.8250,0.8750
2026-04-10 06:07:33,149,person,0.7737,0.8442
2026-04-10 06:07:33,150,person,0.8718,0.9031
2026-04-10 06:07:34,151,person,0.7901,0.8540
2026-04-10 06:07:34,152,person,0.7893,0.8536
2026-04-10 06:07:34,153,person,0.7359,0.8216
2026-04-10 06:07:35,154,person,0.7542,0.8325
2026-04-10 06:07:35,155,person,0.7662,0.8397
2026-04-10 06:07:35,156,person,0.7558,0.8335
2026-04-10 06:07:35,157,person,0.6436,0.7661
2026-04-10 06:07:36,158,person,0.8494,0.8897
2026-04-10 06:07:36,159,person,0.7661,0.8397
2026-04-10 06:07:36,160,person,0.7367,0.8220
2026-04-10 06:07:37,161,person,0.7289,0.8173
2026-04-10 06:07:37,162,person,0.7332,0.8199
2026-04-10 06:07:37,163,person,0.7567,0.8340
2026-04-10 06:07:38,164,person,0.6669,0.7801
2026-04-10 06:07:38,165,person,0.8605,0.8963
2026-04-10 06:07:38,166,person,0.8306,0.8784
2026-04-10 06:07:39,167,person,0.8576,0.8945
2026-04-10 06:07:39,168,person,0.7648,0.8389
2026-04-10 06:07:39,169,person,0.8415,0.8849
2026-04-10 06:07:40,170,person,0.8491,0.8895
2026-04-10 06:07:40,171,person,0.8570,0.8942
2026-04-10 06:07:41,172,person,0.8926,0.9156
2026-04-10 06:07:41,173,person,0.9195,0.9317
2026-04-10 06:07:41,174,person,0.8909,0.9145
2026-04-10 06:07:42,175,person,0.8894,0.9137
2026-04-10 06:07:42,176,person,0.8471,0.8883
2026-04-10 06:07:42,177,person,0.8762,0.9057
2026-04-10 06:07:43,178,person,0.9326,0.9396
2026-04-10 06:07:43,179,person,0.8996,0.9198
2026-04-10 06:07:43,180,person,0.9046,0.9227
2026-04-10 06:07:44,181,person,0.8666,0.9000
2026-04-10 06:07:44,182,person,0.9158,0.9295
2026-04-10 06:07:44,183,person,0.9318,0.9391
2026-04-10 06:07:45,184,person,0.9149,0.9289
2026-04-10 06:07:45,185,person,0.9181,0.9308
2026-04-10 06:07:45,186,person,0.9139,0.9283
2026-04-10 06:07:46,187,person,0.9276,0.9365
2026-04-10 06:07:46,188,person,0.9317,0.9390
2026-04-10 06:07:46,189,person,0.9321,0.9393
2026-04-10 06:07:47,190,person,0.9237,0.9342
2026-04-10 06:07:47,191,person,0.9028,0.9217
2026-04-10 06:07:48,192,person,0.9165,0.9299
2026-04-10 06:07:48,193,person,0.9214,0.9328
2026-04-10 06:07:48,194,person,0.9278,0.9367
2026-04-10 06:07:49,195,person,0.9183,0.9310
2026-04-10 06:07:49,196,person,0.9066,0.9240
2026-04-10 10:21:53,1,person,0.9557,0.9534
2026-04-10 10:21:54,2,person,0.9441,0.9465
2026-04-10 10:21:54,3,person,0.9151,0.9291
2026-04-10 10:21:54,4,person,0.9007,0.9204
2026-04-10 10:21:55,5,person,0.9092,0.9255
2026-04-10 10:21:55,6,person,0.8797,0.9078
2026-04-10 10:21:55,7,person,0.8829,0.9097
2026-04-10 10:21:55,8,person,0.9270,0.9362
2026-04-10 10:21:56,9,person,0.9014,0.9208
2026-04-10 10:21:56,10,person,0.9029,0.9217
2026-04-10 10:21:56,11,person,0.9087,0.9252
2026-04-10 10:21:57,12,person,0.9125,0.9275
2026-04-10 10:21:57,13,person,0.9173,0.9304
2026-04-10 10:21:57,14,person,0.9244,0.9346
2026-04-10 10:21:57,15,person,0.9409,0.9446
2026-04-10 10:21:58,16,person,0.7229,0.8137
2026-04-10 10:21:58,17,person,0.9206,0.9323
2026-04-10 10:21:58,18,person,0.9073,0.9244
2026-04-10 10:21:59,19,person,0.9228,0.9337
2026-04-10 10:21:59,20,person,0.9062,0.9237
2026-04-10 10:21:59,21,person,0.9019,0.9212
2026-04-10 10:21:59,22,person,0.9023,0.9214
2026-04-10 10:22:00,23,person,0.8934,0.9160
2026-04-10 10:22:00,24,person,0.9181,0.9308
2026-04-10 10:22:01,25,person,0.9094,0.9256
2026-04-10 10:22:01,26,person,0.7001,0.8000
2026-04-10 10:22:01,27,person,0.9195,0.9317
2026-04-10 10:22:02,28,person,0.9075,0.9245
2026-04-10 10:22:02,29,person,0.8988,0.9193
2026-04-10 10:22:02,30,person,0.8713,0.9028
2026-04-10 10:22:02,31,chair,0.8603,0.7562
2026-04-10 10:22:03,32,chair,0.8715,0.7629
2026-04-10 10:22:03,33,chair,0.8904,0.7742
2026-04-10 10:22:03,34,chair,0.8753,0.7652
2026-04-10 10:22:03,35,chair,0.9007,0.7804
2026-04-10 10:22:04,36,chair,0.8916,0.7749
2026-04-10 10:22:04,37,chair,0.8971,0.7783
2026-04-10 10:22:04,38,chair,0.8641,0.7585
2026-04-10 10:22:05,39,person,0.8337,0.8802
2026-04-10 10:22:05,40,chair,0.8385,0.7431
2026-04-10 10:22:05,41,person,0.6112,0.7467
2026-04-10 10:22:05,42,person,0.5550,0.7130
2026-04-10 10:22:06,43,chair,0.8548,0.7529
2026-04-10 10:22:06,44,person,0.6422,0.7653
2026-04-10 10:22:06,45,person,0.7842,0.8505
2026-04-10 10:22:06,46,person,0.7554,0.8333
2026-04-10 10:22:07,47,person,0.7357,0.8214
2026-04-10 10:22:07,48,person,0.7707,0.8424
2026-04-10 10:22:07,49,person,0.7713,0.8428
2026-04-10 10:22:07,50,person,0.8070,0.8642
2026-04-10 10:22:08,51,person,0.8056,0.8634
2026-04-10 10:22:08,52,person,0.7585,0.8351
2026-04-10 10:22:08,53,chair,0.8870,0.7722
2026-04-10 10:22:09,54,chair,0.8941,0.7765
2026-04-10 10:22:09,55,person,0.7562,0.8337
2026-04-10 10:22:09,56,person,0.8487,0.8892
2026-04-10 10:22:09,57,person,0.8339,0.8804
2026-04-10 10:22:10,58,person,0.8064,0.8638
2026-04-10 10:22:10,59,person,0.8180,0.8708
2026-04-10 10:22:10,60,person,0.8679,0.9007
2026-04-10 10:22:10,61,person,0.8939,0.9164
2026-04-10 10:22:11,62,person,0.8688,0.9013
2026-04-10 10:22:11,63,person,0.8506,0.8903
2026-04-10 10:22:11,64,person,0.9123,0.9274
2026-04-10 10:22:11,65,person,0.9063,0.9238
2026-04-10 10:22:12,66,person,0.9265,0.9359
2026-04-10 10:22:12,67,person,0.9457,0.9474
2026-04-10 10:22:12,68,person,0.9403,0.9442
2026-04-10 10:22:12,69,person,0.9329,0.9397
2026-04-10 10:22:13,70,person,0.9425,0.9455
2026-04-10 10:22:13,71,person,0.9243,0.9346
2026-04-10 10:22:13,72,person,0.9174,0.9304
2026-04-10 10:22:14,73,cell phone,0.9227,0.9056
2026-04-10 10:22:14,74,cell phone,0.9287,0.9092
2026-04-10 10:22:14,75,cell phone,0.9323,0.9114
2026-04-10 10:22:14,76,cell phone,0.9255,0.9073
2026-04-10 10:22:15,77,cell phone,0.9057,0.8954
2026-04-10 10:22:15,78,cell phone,0.9078,0.8967
2026-04-10 10:22:15,79,cell phone,0.9224,0.9054
2026-04-10 10:22:15,80,cell phone,0.9168,0.9021
2026-04-10 10:22:16,81,cell phone,0.9252,0.9071
2026-04-10 10:22:16,82,cell phone,0.9179,0.9027
2026-04-10 10:22:16,83,cell phone,0.9152,0.9011
2026-04-10 10:22:16,84,cell phone,0.9181,0.9029
2026-04-10 10:22:17,85,cell phone,0.9133,0.9000
2026-04-10 10:22:17,86,cell phone,0.9036,0.8941
2026-04-10 10:22:17,87,cell phone,0.9172,0.9023
2026-04-10 10:22:18,88,cell phone,0.9268,0.9081
2026-04-10 10:22:18,89,person,0.9012,0.9207
2026-04-10 10:22:18,90,cell phone,0.9281,0.9089
2026-04-10 10:22:19,91,cell phone,0.9297,0.9098
2026-04-10 10:22:19,92,cell phone,0.9273,0.9084
2026-04-10 10:22:19,93,person,0.9505,0.9503
2026-04-10 10:22:20,94,chair,0.9022,0.7813
2026-04-10 10:22:20,95,person,0.9297,0.9378
2026-04-10 10:22:21,96,person,0.9293,0.9376
2026-04-10 10:22:21,97,person,0.9276,0.9366
2026-04-10 10:22:21,98,person,0.8963,0.9178
2026-04-10 10:22:22,99,person,0.9044,0.9226
2026-04-10 10:22:22,100,person,0.9208,0.9325
2026-04-10 10:22:22,101,person,0.9083,0.9250
2026-04-10 10:22:23,102,person,0.8900,0.9140
2026-04-10 10:22:23,103,person,0.8844,0.9106
2026-04-10 10:22:23,104,person,0.8760,0.9056
2026-04-10 10:22:24,105,person,0.9268,0.9361
2026-04-10 10:22:24,106,person,0.8309,0.8786
2026-04-10 10:22:25,107,person,0.8460,0.8876
2026-04-10 10:22:25,108,cell phone,0.8302,0.8501
2026-04-10 10:22:25,109,cell phone,0.7655,0.8113
2026-04-10 10:22:26,110,person,0.7340,0.8204
2026-04-10 10:22:26,111,cell phone,0.9364,0.9138
2026-04-10 10:22:26,112,cell phone,0.9312,0.9107
2026-04-10 10:22:27,113,cell phone,0.9513,0.9228
2026-04-10 10:22:27,114,cell phone,0.9680,0.9328
2026-04-10 10:22:27,115,cell phone,0.9635,0.9301
2026-04-10 10:22:28,116,cell phone,0.9511,0.9227
2026-04-10 10:22:28,117,cell phone,0.9172,0.9023
2026-04-10 10:22:28,118,cell phone,0.9257,0.9074
2026-04-10 10:22:29,119,cell phone,0.9054,0.8953
2026-04-10 10:22:29,120,cell phone,0.8992,0.8915
2026-04-10 10:22:29,121,cell phone,0.9084,0.8971
2026-04-10 10:22:30,122,cell phone,0.9109,0.8985
2026-04-10 10:22:30,123,cell phone,0.9083,0.8970
2026-04-10 10:22:31,124,cell phone,0.9135,0.9001
2026-04-10 10:22:31,125,cell phone,0.9051,0.8950
2026-04-10 10:22:31,126,cell phone,0.9248,0.9069
2026-04-10 10:22:32,127,cell phone,0.9073,0.8964
2026-04-10 10:22:32,128,cell phone,0.9083,0.8970
2026-04-10 10:22:32,129,cell phone,0.9162,0.9017
2026-04-10 10:22:33,130,cell phone,0.9090,0.8974
2026-04-10 10:22:33,131,cell phone,0.9129,0.8998
2026-04-10 10:22:33,132,cell phone,0.9095,0.8977
2026-04-10 10:22:34,133,cell phone,0.9169,0.9021
2026-04-10 10:22:34,134,cell phone,0.9153,0.9012
2026-04-10 10:22:35,135,cell phone,0.9218,0.9051
2026-04-10 10:22:35,136,cell phone,0.9173,0.9024
2026-04-10 10:22:35,137,cell phone,0.9304,0.9102
2026-04-10 10:22:36,138,cell phone,0.9229,0.9058
2026-04-10 10:22:36,139,cell phone,0.9139,0.9004
2026-04-10 10:22:36,140,cell phone,0.9333,0.9120
2026-04-10 10:22:37,141,cell phone,0.9245,0.9067
2026-04-10 10:22:37,142,cell phone,0.8966,0.8900
2026-04-10 10:22:37,143,cell phone,0.9169,0.9021
2026-04-10 10:22:38,144,cell phone,0.9157,0.9014
2026-04-10 10:22:38,145,cell phone,0.8926,0.8876
2026-04-10 10:22:38,146,cell phone,0.9139,0.9003
2026-04-10 10:22:39,147,cell phone,0.9081,0.8969
2026-04-10 10:22:39,148,cell phone,0.9101,0.8981
2026-04-10 10:22:40,149,cell phone,0.7163,0.7818
2026-04-10 10:22:40,150,cell phone,0.8499,0.8619
2026-04-10 10:22:40,151,cell phone,0.8765,0.8779
2026-04-10 10:22:41,152,cell phone,0.9071,0.8962
2026-04-10 10:22:41,153,cell phone,0.9130,0.8998
2026-04-10 10:22:41,154,cell phone,0.9017,0.8930
2026-04-10 10:22:42,155,cell phone,0.9214,0.9048
2026-04-10 10:22:42,156,person,0.8630,0.8978
2026-04-10 10:22:42,157,cell phone,0.9336,0.9121
2026-04-10 10:22:43,158,cell phone,0.9341,0.9125
2026-04-10 10:22:43,159,cell phone,0.9375,0.9145
2026-04-10 10:22:43,160,cell phone,0.9141,0.9004
2026-04-10 10:22:44,161,cell phone,0.9350,0.9130
2026-04-10 10:22:44,162,cell phone,0.9190,0.9034
2026-04-10 10:22:45,163,cell phone,0.9137,0.9002
2026-04-10 10:22:45,164,cell phone,0.9319,0.9112
2026-04-10 10:22:45,165,cell phone,0.9352,0.9131
2026-04-10 10:22:46,166,cell phone,0.9243,0.9066
2026-04-10 10:22:46,167,cell phone,0.8925,0.8875
2026-04-10 10:22:46,168,cell phone,0.8047,0.8348
2026-04-10 10:22:47,169,person,0.7761,0.8457
2026-04-10 10:22:47,170,person,0.7734,0.8440
2026-04-10 10:22:47,171,person,0.7767,0.8460
2026-04-10 10:22:48,172,person,0.8199,0.8719
2026-04-10 10:22:48,173,cell phone,0.8422,0.8573
2026-04-10 10:22:48,174,cell phone,0.8911,0.8867
2026-04-10 10:22:49,175,person,0.8151,0.8690
2026-04-10 10:22:49,176,cell phone,0.8872,0.8843
2026-04-10 10:22:49,177,person,0.8170,0.8702
2026-04-10 10:22:50,178,person,0.7919,0.8551
2026-04-10 10:22:50,179,person,0.8244,0.8747
2026-04-10 10:22:50,180,person,0.8430,0.8858
2026-04-10 10:22:51,181,person,0.8747,0.9048
2026-04-10 10:22:51,182,person,0.8924,0.9154
2026-04-10 10:22:51,183,person,0.8265,0.8759
2026-04-10 10:22:52,184,person,0.7943,0.8566
2026-04-10 10:22:52,185,person,0.7700,0.8420
2026-04-10 10:22:52,186,person,0.7708,0.8425
2026-04-10 10:22:53,187,person,0.8180,0.8708
2026-04-10 10:22:53,188,person,0.7893,0.8536
2026-04-10 10:22:53,189,person,0.8683,0.9010
2026-04-10 10:22:54,190,person,0.8408,0.8845
2026-04-10 10:22:54,191,cell phone,0.9010,0.8926
2026-04-10 10:22:54,192,cell phone,0.9102,0.8981
2026-04-10 10:22:55,193,cell phone,0.8944,0.8886
2026-04-10 10:22:55,194,cell phone,0.8855,0.8833
2026-04-10 10:22:55,195,cell phone,0.8698,0.8739
2026-04-10 10:22:56,196,person,0.8682,0.9009
2026-04-10 10:22:56,197,cell phone,0.8723,0.8754
2026-04-10 10:22:56,198,person,0.8569,0.8942
2026-04-10 10:22:57,199,person,0.9228,0.9337
2026-04-10 10:22:57,200,person,0.9201,0.9320
2026-04-10 10:22:57,201,person,0.9196,0.9318
2026-04-10 10:22:58,202,person,0.9225,0.9335
2026-04-10 10:22:58,203,person,0.9263,0.9358
2026-04-10 10:22:58,204,person,0.9109,0.9265
2026-04-10 10:22:59,205,person,0.9220,0.9332
2026-04-10 10:22:59,206,person,0.8706,0.9024
2026-04-10 10:22:59,207,person,0.8561,0.8937
2026-04-10 10:22:59,208,person,0.8368,0.8821
2026-04-10 10:23:00,209,person,0.9281,0.9369
2026-04-10 10:23:00,210,person,0.8269,0.8762
2026-04-10 10:23:00,211,cell phone,0.8273,0.8484
2026-04-10 10:23:01,212,person,0.7358,0.8215
2026-04-10 10:23:01,213,cell phone,0.7532,0.8039
2026-04-10 10:23:01,214,person,0.8219,0.8731
2026-04-10 10:23:02,215,cell phone,0.7512,0.8027
2026-04-10 10:23:02,216,cell phone,0.7264,0.7879
2026-04-10 10:23:02,217,cell phone,0.8544,0.8646
2026-04-10 10:23:03,218,cell phone,0.9014,0.8928
2026-04-10 10:23:03,219,cell phone,0.9177,0.9026
2026-04-10 10:23:03,220,person,0.9356,0.9413
2026-04-10 10:23:04,221,cell phone,0.8954,0.8892
2026-04-10 10:23:04,222,cell phone,0.9033,0.8940
2026-04-10 10:23:04,223,cell phone,0.8901,0.8860
2026-04-10 10:23:05,224,person,0.8315,0.8789
2026-04-10 10:23:05,225,cell phone,0.9066,0.8960
2026-04-10 10:23:05,226,person,0.8373,0.8824
2026-04-10 10:23:06,227,cell phone,0.8455,0.8593
2026-04-10 10:23:06,228,person,0.8491,0.8895
2026-04-10 10:23:06,229,person,0.8343,0.8806
2026-04-10 10:23:07,230,person,0.8436,0.8861
2026-04-10 10:23:07,231,person,0.8105,0.8663
2026-04-10 10:23:07,232,person,0.7742,0.8445
2026-04-10 10:23:08,233,person,0.8715,0.9029
2026-04-10 10:23:08,234,person,0.8969,0.9181
2026-04-10 10:23:08,235,person,0.8954,0.9173
2026-04-10 10:23:09,236,person,0.6950,0.7970
2026-04-10 10:23:09,237,person,0.8238,0.8743
2026-04-10 10:23:09,238,person,0.8202,0.8721
2026-04-10 10:23:10,239,person,0.6354,0.7612
2026-04-10 10:23:10,240,person,0.6612,0.7767
2026-04-10 10:23:10,241,person,0.5981,0.7388
2026-04-10 10:23:11,242,cell phone,0.8350,0.8530
2026-04-10 10:23:11,243,person,0.7109,0.8066
2026-04-10 10:23:11,244,person,0.7528,0.8317
2026-04-10 10:23:12,245,person,0.8200,0.8720
2026-04-10 10:23:12,246,person,0.7059,0.8035
2026-04-10 10:23:12,247,cell phone,0.8510,0.8626
2026-04-10 10:23:13,248,cell phone,0.8108,0.8385
2026-04-10 10:23:13,249,person,0.7274,0.8164
2026-04-10 10:23:14,250,person,0.8494,0.8896
2026-04-10 10:23:14,251,person,0.7740,0.8444
2026-04-10 10:23:14,252,person,0.6887,0.7932
2026-04-10 10:23:15,253,person,0.5983,0.7390
2026-04-10 10:23:15,254,cell phone,0.8027,0.8336
2026-04-10 10:23:15,255,cell phone,0.8487,0.8612
2026-04-10 10:23:16,256,cell phone,0.8154,0.8413
2026-04-10 10:23:16,257,cell phone,0.8211,0.8447
2026-04-10 10:23:16,258,cell phone,0.8000,0.8320
2026-04-10 10:23:17,259,cell phone,0.8238,0.8463
2026-04-10 10:23:17,260,person,0.7840,0.8504
2026-04-10 10:23:17,261,person,0.8464,0.8878
2026-04-10 10:23:17,262,cell phone,0.8968,0.8901
2026-04-10 10:23:18,263,cell phone,0.9002,0.8921
2026-04-10 10:23:18,264,person,0.7753,0.8452
2026-04-10 10:23:18,265,person,0.7044,0.8026
2026-04-10 10:23:19,266,cell phone,0.8336,0.8521
2026-04-10 10:23:19,267,cell phone,0.8774,0.8784
2026-04-10 10:23:19,268,cell phone,0.8377,0.8546
2026-04-10 10:23:20,269,cell phone,0.8356,0.8533
2026-04-10 10:23:20,270,person,0.7291,0.8174
2026-04-10 10:23:20,271,person,0.9181,0.9308
2026-04-10 10:23:21,272,person,0.9092,0.9255
2026-04-10 10:23:21,273,person,0.8997,0.9198
2026-04-10 10:23:21,274,person,0.8106,0.8664
2026-04-10 10:23:22,275,person,0.7471,0.8283
2026-04-10 10:23:22,276,person,0.8217,0.8730
2026-04-10 10:23:22,277,person,0.8199,0.8719
2026-04-10 10:23:23,278,person,0.7142,0.8085
2026-04-10 10:23:23,279,person,0.6865,0.7919
2026-04-10 10:23:23,280,person,0.8932,0.9159
2026-04-10 10:23:24,281,person,0.8336,0.8801
2026-04-10 10:23:24,282,person,0.7375,0.8225
2026-04-10 10:23:24,283,person,0.8432,0.8859
2026-04-10 10:23:25,284,person,0.8791,0.9074
2026-04-10 10:23:25,285,chair,0.8609,0.7565
2026-04-10 10:23:26,286,person,0.8421,0.8853
2026-04-10 10:23:26,287,person,0.5159,0.6895
2026-04-10 10:23:26,288,person,0.7832,0.8499
2026-04-10 10:23:27,289,tv,0.7929,0.6757
2026-04-10 10:23:27,290,person,0.7046,0.8028
2026-04-10 10:23:27,291,person,0.6045,0.7427
2026-04-10 10:23:28,292,person,0.7709,0.8425
2026-04-10 10:23:28,293,person,0.6503,0.7702
2026-04-10 10:23:28,294,person,0.6390,0.7634
2026-04-10 10:23:29,295,person,0.4110,0.6266
2026-04-10 10:23:29,296,person,0.6821,0.7892
2026-04-10 10:23:29,297,person,0.7367,0.8220
2026-04-10 10:23:30,298,person,0.6579,0.7747
2026-04-10 10:23:30,299,person,0.7680,0.8408
2026-04-10 10:23:30,300,person,0.8909,0.9145
2026-04-10 10:23:31,301,person,0.8867,0.9120
2026-04-10 10:23:31,302,person,0.9070,0.9242
2026-04-10 10:23:31,303,person,0.9058,0.9235
2026-04-10 10:23:32,304,person,0.8913,0.9148
2026-04-10 10:23:32,305,person,0.8819,0.9091
2026-04-10 10:23:32,306,person,0.8857,0.9114
2026-04-10 10:23:33,307,person,0.9164,0.9299
2026-04-10 10:23:33,308,person,0.9329,0.9398
2026-04-10 10:23:33,309,person,0.9371,0.9423
2026-04-10 10:23:34,310,person,0.9338,0.9403
2026-04-10 10:23:34,311,person,0.9321,0.9393
2026-04-10 10:23:34,312,person,0.9356,0.9413
2026-04-10 10:23:35,313,person,0.9349,0.9410
2026-04-10 10:23:35,314,person,0.9394,0.9437
2026-04-10 10:23:35,315,person,0.8893,0.9136
2026-04-10 10:23:36,316,person,0.9152,0.9291
2026-04-10 10:23:36,317,person,0.9267,0.9360
2026-04-10 10:23:36,318,person,0.9283,0.9370
2026-04-10 10:23:37,319,person,0.9281,0.9369
2026-04-10 10:23:37,320,person,0.8919,0.9151
2026-04-10 10:23:37,321,person,0.9140,0.9284
2026-04-10 10:23:38,322,person,0.8699,0.9019
2026-04-10 10:23:38,323,person,0.8726,0.9035
2026-04-10 10:23:38,324,person,0.9200,0.9320
2026-04-10 10:23:39,325,person,0.9114,0.9268
2026-04-10 10:23:39,326,person,0.9355,0.9413
2026-04-10 10:23:39,327,person,0.9230,0.9338
2026-04-10 10:23:40,328,person,0.9457,0.9474
2026-04-10 10:23:40,329,person,0.9377,0.9426
2026-04-10 10:23:40,330,person,0.7500,0.8300
2026-04-10 10:23:41,331,person,0.8302,0.8781
2026-04-10 10:23:41,332,person,0.8120,0.8672
2026-04-10 10:23:41,333,person,0.8241,0.8745
2026-04-10 10:23:42,334,person,0.8631,0.8978
2026-04-10 10:23:42,335,person,0.8799,0.9079
2026-04-10 10:23:42,336,person,0.8933,0.9160
2026-04-10 10:23:43,337,person,0.8883,0.9130
2026-04-10 10:23:43,338,person,0.9105,0.9263
2026-04-10 10:23:43,339,person,0.8897,0.9138
2026-04-10 10:23:44,340,person,0.4889,0.6733
2026-04-10 10:23:44,341,tv,0.8436,0.7062
2026-04-10 10:23:45,342,chair,0.8691,0.7615
2026-04-10 10:23:45,343,person,0.9379,0.9427
2026-04-10 10:23:45,344,person,0.9445,0.9467
2026-04-10 10:23:46,345,person,0.9474,0.9485
2026-04-10 10:23:46,346,person,0.9483,0.9490
2026-04-10 10:23:46,347,person,0.9522,0.9513
2026-04-10 10:23:47,348,person,0.9445,0.9467
2026-04-10 10:23:47,349,person,0.9365,0.9419
2026-04-10 10:23:47,350,person,0.9452,0.9471
2026-04-10 10:23:48,351,person,0.9473,0.9484
2026-04-10 10:23:48,352,person,0.9282,0.9369
2026-04-10 10:23:48,353,person,0.9336,0.9402
2026-04-10 10:23:49,354,person,0.9348,0.9409
2026-04-10 10:23:49,355,person,0.9414,0.9448
2026-04-10 10:23:49,356,person,0.9227,0.9336
2026-04-10 10:23:50,357,person,0.9332,0.9399
2026-04-10 10:23:50,358,person,0.9338,0.9403
2026-04-10 10:23:50,359,person,0.9416,0.9449
2026-04-10 10:23:51,360,person,0.9397,0.9438
2026-04-10 10:23:51,361,person,0.9368,0.9421
2026-04-10 10:23:51,362,person,0.9381,0.9429
2026-04-10 10:23:52,363,person,0.9343,0.9406
2026-04-10 10:23:52,364,person,0.9329,0.9397
2026-04-10 10:23:52,365,person,0.9338,0.9403
2026-04-10 10:23:53,366,person,0.9359,0.9416
2026-04-10 10:23:53,367,person,0.9342,0.9405
2026-04-10 10:23:53,368,person,0.9305,0.9383
2026-04-10 10:23:54,369,person,0.9194,0.9317
2026-04-10 10:23:54,370,person,0.9157,0.9294
2026-04-10 10:23:54,371,person,0.9320,0.9392
2026-04-10 10:23:55,372,person,0.9238,0.9343
2026-04-10 10:23:55,373,person,0.9339,0.9403
2026-04-10 10:23:55,374,person,0.9306,0.9383
2026-04-10 10:23:56,375,person,0.9142,0.9285
2026-04-10 10:23:56,376,person,0.9250,0.9350
2026-04-10 10:23:56,377,person,0.9319,0.9392
2026-04-10 10:23:57,378,person,0.9330,0.9398
2026-04-10 10:23:57,379,person,0.9161,0.9297
2026-04-10 10:23:57,380,person,0.9329,0.9398
2026-04-10 10:23:58,381,person,0.9223,0.9334
2026-04-10 10:23:58,382,person,0.9282,0.9369
2026-04-10 10:23:58,383,chair,0.8669,0.7602
2026-04-10 10:23:59,384,person,0.8081,0.8649
2026-04-10 10:23:59,385,person,0.8149,0.8689
2026-04-10 10:23:59,386,person,0.7269,0.8161
2026-04-10 10:24:00,387,person,0.8317,0.8790
2026-04-10 10:24:00,388,person,0.8117,0.8670
2026-04-10 10:24:00,389,person,0.8541,0.8925
2026-04-10 10:24:01,390,person,0.9324,0.9394
2026-04-10 10:24:01,391,person,0.9275,0.9365
2026-04-10 10:24:02,392,person,0.9338,0.9403
2026-04-10 10:24:02,393,person,0.9245,0.9347
2026-04-10 10:24:02,394,person,0.8257,0.8754
2026-04-10 10:24:03,395,person,0.8495,0.8897
2026-04-10 10:24:03,396,person,0.9044,0.9227
2026-04-10 10:24:03,397,person,0.9229,0.9337
2026-04-10 10:24:03,398,person,0.9229,0.9338
2026-04-10 10:24:04,399,person,0.9232,0.9339
2026-04-10 10:24:04,400,person,0.9311,0.9387
2026-04-10 10:24:04,401,person,0.9027,0.9216
2026-04-10 10:24:05,402,person,0.8497,0.8898
2026-04-10 10:24:05,403,chair,0.8959,0.7776
2026-04-10 10:24:05,404,chair,0.9028,0.7817
2026-04-10 10:24:06,405,person,0.8064,0.8638
2026-04-10 10:24:06,406,person,0.8576,0.8945
2026-04-10 10:24:06,407,person,0.7729,0.8437
2026-04-10 10:24:07,408,person,0.8405,0.8843
2026-04-10 10:24:07,409,person,0.8465,0.8879
2026-04-10 10:24:07,410,person,0.7890,0.8534
2026-04-10 10:24:08,411,person,0.7944,0.8567
2026-04-10 10:24:08,412,person,0.8027,0.8616
2026-04-10 10:24:08,413,person,0.7784,0.8471
2026-04-10 10:24:09,414,chair,0.8908,0.7745
2026-04-10 10:24:09,415,person,0.9119,0.9271
2026-04-10 10:24:09,416,person,0.8877,0.9126
2026-04-10 10:24:10,417,person,0.7467,0.8280
2026-04-10 10:24:10,418,person,0.7337,0.8202
2026-04-10 10:24:10,419,person,0.8693,0.9016
2026-04-10 10:24:11,420,person,0.8974,0.9185
2026-04-10 10:24:11,421,person,0.8752,0.9051
2026-04-10 10:24:11,422,person,0.9190,0.9314
2026-04-10 10:24:12,423,person,0.8796,0.9077
2026-04-10 10:24:12,424,person,0.9031,0.9219
2026-04-10 10:24:12,425,person,0.8436,0.8862
2026-04-10 10:24:13,426,person,0.7948,0.8569
2026-04-10 10:24:13,427,person,0.8620,0.8972
2026-04-10 10:24:13,428,person,0.8460,0.8876
2026-04-10 10:24:14,429,person,0.8321,0.8793
2026-04-10 10:24:14,430,person,0.8403,0.8842
2026-04-10 10:24:14,431,person,0.8554,0.8932
2026-04-10 10:24:15,432,person,0.8260,0.8756
2026-04-10 10:24:15,433,person,0.8450,0.8870
2026-04-10 10:24:15,434,person,0.8568,0.8941
2026-04-10 10:24:16,435,person,0.9129,0.9278
2026-04-10 10:24:16,436,person,0.9325,0.9395
2026-04-10 10:24:16,437,person,0.8601,0.8960
2026-04-10 10:24:17,438,person,0.7506,0.8303
2026-04-10 10:24:17,439,person,0.8710,0.9026
2026-04-10 10:24:17,440,person,0.9146,0.9288
2026-04-10 10:24:18,441,person,0.9195,0.9317
2026-04-10 10:24:18,442,person,0.9114,0.9268
2026-04-10 10:24:18,443,person,0.9093,0.9256
2026-04-10 10:24:19,444,person,0.9117,0.9270
2026-04-10 10:24:19,445,person,0.9178,0.9307
2026-04-10 10:24:19,446,person,0.8905,0.9143
2026-04-10 10:24:20,447,chair,0.8847,0.7708
2026-04-10 10:24:20,448,chair,0.8820,0.7692
2026-04-10 10:24:20,449,chair,0.8837,0.7702
2026-04-10 10:24:21,450,chair,0.8834,0.7700
2026-04-10 10:24:21,451,chair,0.8888,0.7733
2026-04-10 10:24:21,452,person,0.7665,0.8399
2026-04-10 10:24:22,453,person,0.9094,0.9256
2026-04-10 10:24:22,454,person,0.6529,0.7717
2026-04-10 10:24:22,455,chair,0.8852,0.7711
2026-04-10 10:24:23,456,chair,0.8829,0.7697
2026-04-10 10:24:23,457,person,0.6619,0.7771
2026-04-10 10:24:23,458,chair,0.8857,0.7714
2026-04-10 10:24:24,459,chair,0.8788,0.7673
2026-04-10 10:24:24,460,chair,0.8832,0.7699
2026-04-10 10:24:24,461,chair,0.8859,0.7715
2026-04-10 10:24:25,462,person,0.7131,0.8079
2026-04-10 10:24:25,463,person,0.6503,0.7702
2026-04-10 10:24:25,464,chair,0.8876,0.7726
2026-04-10 10:24:26,465,chair,0.8875,0.7725
2026-04-10 10:24:26,466,chair,0.8888,0.7733
2026-04-10 10:24:26,467,chair,0.8857,0.7714
2026-04-10 10:24:27,468,chair,0.8841,0.7704
2026-04-10 10:24:27,469,chair,0.8853,0.7712
2026-04-10 10:24:27,470,person,0.9276,0.9365
2026-04-10 10:24:28,471,person,0.9370,0.9422
2026-04-10 10:24:28,472,person,0.9281,0.9369
2026-04-10 10:24:28,473,person,0.9389,0.9433
2026-04-10 10:24:28,474,person,0.9256,0.9353
2026-04-10 10:24:29,475,person,0.9157,0.9294
2026-04-10 10:24:29,476,person,0.9358,0.9415
2026-04-10 10:24:29,477,person,0.9316,0.9390
2026-04-10 10:24:30,478,person,0.9427,0.9456
2026-04-10 10:24:30,479,person,0.9618,0.9571
2026-04-10 10:24:30,480,person,0.9107,0.9264
2026-04-10 10:24:31,481,person,0.7174,0.8104
2026-04-10 10:24:31,482,person,0.6634,0.7780
2026-04-10 10:24:31,483,person,0.7535,0.8321
2026-04-10 10:24:32,484,person,0.9172,0.9303
2026-04-10 10:24:32,485,chair,0.8959,0.7775
2026-04-10 10:24:32,486,chair,0.9014,0.7808
2026-04-10 10:24:33,487,chair,0.9041,0.7824
2026-04-10 10:24:33,488,person,0.8928,0.9157
2026-04-10 10:24:33,489,person,0.9108,0.9265
2026-04-10 10:24:34,490,person,0.8830,0.9098
2026-04-10 10:24:34,491,person,0.8980,0.9188
2026-04-10 10:24:34,492,person,0.9170,0.9302
2026-04-10 10:24:36,497,person,0.9031,0.9219
2026-04-10 10:24:36,498,person,0.9334,0.9400
2026-04-10 10:24:37,499,person,0.8817,0.9090
2026-04-10 10:24:37,500,person,0.8959,0.9175
2026-04-10 10:24:37,501,person,0.9270,0.9362
2026-04-10 10:24:38,502,person,0.7985,0.8591
2026-04-10 10:24:38,503,chair,0.8874,0.7724
2026-04-10 10:24:38,504,person,0.8938,0.9163
2026-04-10 10:24:39,505,chair,0.8867,0.7720
2026-04-10 10:24:39,506,person,0.6837,0.7902
2026-04-10 10:24:39,507,person,0.6311,0.7587
2026-04-10 10:24:40,508,person,0.8174,0.8705
2026-04-10 10:24:40,509,person,0.8188,0.8713
2026-04-10 10:24:40,510,person,0.8265,0.8759
2026-04-10 10:24:41,511,person,0.8618,0.8971
2026-04-10 10:24:41,512,person,0.7178,0.8107
2026-04-10 10:24:42,513,person,0.9215,0.9329
2026-04-10 10:24:42,514,person,0.9537,0.9522
2026-04-10 10:24:42,515,person,0.9499,0.9499
2026-04-10 10:24:43,516,person,0.9579,0.9548
2026-04-10 10:24:43,517,person,0.9450,0.9470
2026-04-10 10:24:43,518,person,0.9453,0.9472
2026-04-10 10:24:44,519,person,0.9435,0.9461
2026-04-10 10:24:44,520,person,0.9461,0.9476
2026-04-10 10:24:44,521,person,0.9435,0.9461
2026-04-10 10:24:45,522,person,0.9403,0.9442
2026-04-10 10:24:45,523,person,0.9419,0.9452
2026-04-10 10:24:45,524,person,0.9426,0.9455
2026-04-10 10:24:46,525,person,0.9465,0.9479
2026-04-10 10:24:46,526,person,0.9443,0.9466
2026-04-10 10:24:46,527,person,0.9396,0.9437
2026-04-10 10:24:46,528,person,0.9408,0.9445
2026-04-10 10:24:47,529,person,0.9431,0.9458
2026-04-10 10:24:47,530,person,0.9310,0.9386
2026-04-10 10:24:47,531,person,0.9421,0.9453
2026-04-10 10:24:48,532,person,0.9512,0.9507
2026-04-10 10:24:48,533,person,0.9516,0.9510
2026-04-10 10:24:48,534,person,0.9529,0.9517
2026-04-10 10:24:49,535,person,0.9421,0.9453
2026-04-10 10:24:49,536,person,0.9443,0.9466
2026-04-10 10:24:49,537,person,0.9420,0.9452
2026-04-10 10:24:50,538,person,0.9306,0.9384
2026-04-10 10:24:50,539,person,0.9246,0.9348
2026-04-10 10:24:50,540,person,0.9129,0.9277
2026-04-10 10:24:51,541,person,0.9277,0.9366
2026-04-10 10:24:51,542,person,0.9110,0.9266
2026-04-10 10:24:51,543,person,0.9162,0.9297
2026-04-10 10:24:52,544,person,0.9368,0.9421
2026-04-10 10:24:52,545,person,0.9375,0.9425
2026-04-10 10:24:52,546,person,0.9420,0.9452
2026-04-10 10:24:53,547,person,0.9267,0.9360
2026-04-10 10:24:53,548,person,0.9506,0.9504
2026-04-10 10:24:53,549,person,0.9512,0.9507
2026-04-10 10:24:54,550,person,0.9517,0.9510
2026-04-10 10:24:54,551,person,0.9517,0.9510
2026-04-10 10:24:54,552,person,0.9515,0.9509
2026-04-10 10:24:55,553,person,0.9509,0.9506
2026-04-10 10:24:55,554,person,0.9523,0.9514
2026-04-10 10:24:55,555,person,0.9528,0.9517
2026-04-10 10:24:56,556,person,0.9542,0.9525
2026-04-10 10:24:56,557,person,0.9518,0.9511
2026-04-10 10:24:56,558,person,0.9534,0.9520
2026-04-10 10:24:57,559,person,0.9514,0.9508
2026-04-10 10:24:57,560,person,0.9495,0.9497
2026-04-10 10:24:57,561,person,0.9539,0.9524
2026-04-10 10:24:58,562,person,0.9406,0.9443
2026-04-10 10:24:58,563,person,0.9532,0.9519
2026-04-10 10:24:58,564,person,0.9512,0.9507
2026-04-10 10:24:59,565,person,0.9539,0.9523
2026-04-10 10:24:59,566,person,0.9522,0.9513
2026-04-10 10:25:00,567,person,0.9548,0.9529
2026-04-10 10:25:00,568,person,0.9511,0.9506
2026-04-10 10:25:00,569,person,0.9554,0.9532
2026-04-10 10:25:01,570,person,0.9506,0.9503
2026-04-10 10:25:01,571,person,0.9497,0.9498
2026-04-10 10:25:01,572,person,0.9534,0.9520
2026-04-10 10:25:02,573,person,0.9506,0.9504
2026-04-10 10:25:02,574,person,0.9453,0.9472
2026-04-10 10:25:02,575,person,0.9443,0.9466
2026-04-10 10:25:03,576,person,0.9381,0.9429
2026-04-10 10:25:03,577,person,0.9488,0.9493
2026-04-10 10:25:04,578,person,0.9215,0.9329
2026-04-10 10:25:04,579,chair,0.8920,0.7752
2026-04-10 10:25:04,580,person,0.8115,0.8669
2026-04-10 10:25:05,581,person,0.7403,0.8242
2026-04-10 10:25:05,582,chair,0.8835,0.7701
2026-04-10 10:25:05,583,chair,0.8801,0.7680
2026-04-10 10:25:06,584,person,0.9020,0.9212
2026-04-10 10:25:06,585,person,0.8107,0.8664
2026-04-10 10:25:06,586,person,0.9079,0.9247
2026-04-10 10:25:07,587,person,0.9408,0.9445
2026-04-10 10:25:07,588,person,0.9390,0.9434
2026-04-10 10:25:08,589,person,0.9518,0.9511
2026-04-10 10:25:08,590,person,0.9476,0.9486
2026-04-10 10:25:08,591,person,0.9416,0.9449
2026-04-10 10:25:09,592,person,0.9460,0.9476
2026-04-10 10:25:09,593,person,0.9466,0.9480
2026-04-10 10:25:10,594,person,0.9499,0.9499
2026-04-10 10:25:10,595,person,0.9467,0.9480
2026-04-10 10:25:10,596,person,0.9540,0.9524
2026-04-10 10:25:10,597,person,0.9489,0.9493
2026-04-10 10:25:11,598,person,0.9548,0.9529
2026-04-10 10:25:11,599,person,0.9562,0.9537
2026-04-10 10:25:12,600,person,0.9535,0.9521
2026-04-10 10:25:12,601,person,0.9532,0.9519
2026-04-10 10:25:13,602,person,0.9520,0.9512
2026-04-10 10:25:13,603,person,0.9455,0.9473
2026-04-10 10:25:13,604,person,0.9538,0.9523
2026-04-10 10:25:14,605,person,0.9558,0.9535
2026-04-10 10:25:14,606,chair,0.8778,0.7667
2026-04-10 10:25:14,607,person,0.7677,0.8406
2026-04-10 10:25:15,608,person,0.8947,0.9168
2026-04-10 10:25:15,609,person,0.8680,0.9008
2026-04-10 10:25:16,610,person,0.9171,0.9303
2026-04-10 10:25:16,611,person,0.9175,0.9305
2026-04-10 10:25:16,612,person,0.9158,0.9295
2026-04-10 10:25:17,613,person,0.9261,0.9357
2026-04-10 10:25:17,614,person,0.9304,0.9382
2026-04-10 10:25:18,615,person,0.9363,0.9418
2026-04-10 10:25:18,616,person,0.9362,0.9417
2026-04-10 10:25:18,617,person,0.9334,0.9401
2026-04-10 10:25:19,618,person,0.9396,0.9438
2026-04-10 10:25:19,619,person,0.9430,0.9458
2026-04-10 10:25:19,620,person,0.9410,0.9446
2026-04-10 10:25:20,621,person,0.9461,0.9477
2026-04-10 10:25:20,622,person,0.9440,0.9464
2026-04-10 10:25:21,623,person,0.9492,0.9495
2026-04-10 10:25:21,624,person,0.9428,0.9457
2026-04-10 10:25:21,625,person,0.9491,0.9495
2026-04-10 10:25:22,626,person,0.9483,0.9490
2026-04-10 10:25:22,627,person,0.9455,0.9473
2026-04-10 10:25:22,628,person,0.9448,0.9469
2026-04-10 10:25:23,629,person,0.9429,0.9457
2026-04-10 10:25:23,630,person,0.9209,0.9326
2026-04-10 10:25:24,631,person,0.9099,0.9259
2026-04-10 10:25:24,632,person,0.8538,0.8923
2026-04-10 10:25:24,633,person,0.7803,0.8482
2026-04-10 10:25:25,634,person,0.8019,0.8611
2026-04-10 10:25:25,635,person,0.8875,0.9125
2026-04-10 10:25:26,636,person,0.9553,0.9532
2026-04-10 10:25:26,637,person,0.9472,0.9483
2026-04-10 10:25:26,638,person,0.9442,0.9465
2026-04-10 10:25:27,639,person,0.9487,0.9492
2026-04-10 10:25:27,640,person,0.9504,0.9502
2026-04-10 10:25:28,641,person,0.9407,0.9444
2026-04-10 10:25:28,642,person,0.9472,0.9483
2026-04-10 10:25:28,643,person,0.9353,0.9412
2026-04-10 10:25:29,644,person,0.9416,0.9449
2026-04-10 10:25:29,645,person,0.9383,0.9430
2026-04-10 10:25:30,646,person,0.9428,0.9457
2026-04-10 10:25:30,647,person,0.9464,0.9479
2026-04-10 10:25:30,648,person,0.9440,0.9464
2026-04-10 10:25:31,649,person,0.9389,0.9433
2026-04-10 10:25:31,650,person,0.9402,0.9441
2026-04-10 10:25:32,651,person,0.9420,0.9452
2026-04-10 10:25:32,652,person,0.9397,0.9438
2026-04-10 10:25:32,653,person,0.9424,0.9454
2026-04-10 10:25:33,654,person,0.9415,0.9449
2026-04-10 10:25:33,655,person,0.9453,0.9472
2026-04-10 10:25:33,656,person,0.9448,0.9469
2026-04-10 10:25:34,657,person,0.9470,0.9482
2026-04-10 10:25:34,658,person,0.9412,0.9447
2026-04-10 10:25:34,659,person,0.9056,0.9234
2026-04-10 10:25:35,660,person,0.9132,0.9279
2026-04-10 10:25:35,661,person,0.9294,0.9376
2026-04-10 10:25:35,662,person,0.9354,0.9412
2026-04-10 10:25:36,663,person,0.9320,0.9392
2026-04-10 10:25:36,664,person,0.9403,0.9442
2026-04-10 10:25:36,665,person,0.9493,0.9496
2026-04-10 10:25:37,666,person,0.9494,0.9496
2026-04-10 10:25:37,667,person,0.9566,0.9539
2026-04-10 10:25:37,668,person,0.9511,0.9506
2026-04-10 10:25:38,669,person,0.9525,0.9515
2026-04-10 10:25:38,670,person,0.9527,0.9516
2026-04-10 10:25:38,671,person,0.9506,0.9504
2026-04-10 10:25:39,672,person,0.9504,0.9502
2026-04-10 10:25:39,673,person,0.9510,0.9506
2026-04-10 10:25:39,674,person,0.9554,0.9532
2026-04-10 10:25:40,675,person,0.9593,0.9556
2026-04-10 10:25:40,676,person,0.9566,0.9540
2026-04-10 10:25:40,677,person,0.9531,0.9519
2026-04-10 10:25:41,678,person,0.9578,0.9547
2026-04-10 10:25:41,679,person,0.9577,0.9546
2026-04-10 10:25:41,680,person,0.9489,0.9494
2026-04-10 10:25:42,681,person,0.9421,0.9452
2026-04-10 10:25:42,682,person,0.9463,0.9478
2026-04-10 10:25:42,683,person,0.9465,0.9479
2026-04-10 10:25:43,684,person,0.9549,0.9529
2026-04-10 10:25:43,685,person,0.8845,0.9107
2026-04-10 10:25:43,686,person,0.8613,0.8968
2026-04-10 10:25:44,687,person,0.9260,0.9356
2026-04-10 10:25:44,688,person,0.9183,0.9310
2026-04-10 10:25:44,689,chair,0.8824,0.7694
2026-04-10 10:25:45,690,person,0.6939,0.7964
2026-04-10 10:25:45,691,chair,0.8822,0.7693
2026-04-10 10:25:45,692,chair,0.8851,0.7710
2026-04-10 10:25:46,693,chair,0.8769,0.7661
2026-04-10 10:25:46,694,chair,0.8650,0.7590
2026-04-10 10:25:46,695,chair,0.8653,0.7592
2026-04-10 10:25:47,696,chair,0.8595,0.7557
2026-04-10 10:25:47,697,person,0.6231,0.7539
2026-04-10 10:25:47,698,person,0.8758,0.9055
2026-04-10 10:25:48,699,person,0.9264,0.9359
2026-04-10 10:25:48,700,person,0.9273,0.9364
2026-04-10 10:25:48,701,person,0.9469,0.9482
2026-04-10 10:25:49,702,person,0.9208,0.9325
2026-04-10 10:25:49,703,person,0.9448,0.9469
2026-04-10 10:25:49,704,person,0.9395,0.9437
2026-04-10 10:25:49,705,person,0.9450,0.9470
2026-04-10 10:25:50,706,person,0.9280,0.9368
2026-04-10 10:25:50,707,person,0.9392,0.9435
2026-04-10 10:25:50,708,person,0.9327,0.9396
2026-04-10 10:25:51,709,person,0.7576,0.8345
2026-04-10 10:25:51,710,chair,0.8926,0.7756
2026-04-10 10:25:51,711,person,0.8437,0.8862
2026-04-10 10:25:52,712,person,0.9326,0.9395
2026-04-10 10:25:52,713,person,0.9473,0.9484
2026-04-10 10:25:52,714,person,0.9010,0.9206
2026-04-10 10:25:53,715,person,0.9245,0.9347
2026-04-10 10:25:53,716,person,0.9208,0.9325
2026-04-10 10:25:54,717,person,0.9001,0.9200
2026-04-10 10:25:54,718,person,0.9351,0.9410
2026-04-10 10:25:54,719,person,0.9271,0.9363
2026-04-10 10:25:55,720,person,0.9426,0.9456
2026-04-10 10:25:55,721,person,0.9337,0.9402
2026-04-10 10:25:55,722,person,0.9328,0.9397
2026-04-10 10:25:56,723,person,0.9366,0.9419
2026-04-10 10:25:56,724,person,0.9305,0.9383
2026-04-10 10:25:56,725,person,0.9438,0.9463
2026-04-10 10:25:57,726,person,0.9475,0.9485
2026-04-10 10:25:57,727,person,0.9517,0.9510
2026-04-10 10:25:57,728,person,0.9525,0.9515
2026-04-10 10:25:58,729,person,0.9499,0.9500
2026-04-10 10:25:58,730,person,0.9339,0.9404
2026-04-10 10:25:59,731,person,0.9274,0.9364
2026-04-10 10:25:59,732,person,0.9400,0.9440
2026-04-10 10:25:59,733,person,0.9286,0.9372
2026-04-10 10:26:00,734,person,0.9375,0.9425
2026-04-10 10:26:00,735,person,0.9328,0.9397
2026-04-10 10:26:00,736,person,0.9501,0.9501
2026-04-10 10:26:01,737,person,0.9212,0.9327
2026-04-10 10:26:01,738,person,0.9138,0.9283
2026-04-10 10:26:01,739,person,0.9285,0.9371
2026-04-10 10:26:02,740,person,0.9398,0.9439
2026-04-10 10:26:02,741,person,0.8949,0.9170
2026-04-10 10:26:02,742,person,0.9217,0.9330
2026-04-10 10:26:03,743,person,0.9141,0.9284
2026-04-10 10:26:03,744,person,0.9269,0.9362
2026-04-10 10:26:04,745,person,0.8777,0.9066
2026-04-10 10:26:04,746,person,0.8338,0.8803
2026-04-10 10:26:04,747,person,0.9203,0.9322
2026-04-10 10:26:05,748,person,0.8970,0.9182
2026-04-10 10:26:05,749,person,0.8939,0.9163
2026-04-10 10:26:05,750,person,0.8814,0.9088
2026-04-10 10:26:06,751,person,0.8853,0.9112
2026-04-10 10:26:06,752,person,0.9239,0.9343
2026-04-10 10:26:06,753,person,0.9267,0.9360
2026-04-10 10:26:07,754,person,0.8887,0.9132
2026-04-10 10:26:07,755,person,0.8757,0.9054
2026-04-10 10:26:08,756,person,0.8815,0.9089
2026-04-10 10:26:08,757,person,0.9133,0.9280
2026-04-10 10:26:08,758,person,0.9406,0.9443
2026-04-10 10:26:09,759,person,0.9484,0.9490
2026-04-10 10:26:09,760,person,0.9446,0.9468
2026-04-10 10:26:09,761,person,0.9578,0.9547
2026-04-10 10:26:10,762,person,0.9515,0.9509
2026-04-10 10:26:10,763,person,0.9438,0.9463
2026-04-10 10:26:10,764,person,0.9427,0.9456
2026-04-10 10:26:11,765,person,0.9367,0.9420
2026-04-10 10:26:11,766,person,0.9443,0.9466
2026-04-10 10:26:11,767,person,0.9421,0.9453
2026-04-10 10:26:12,768,person,0.9375,0.9425
2026-04-10 10:26:12,769,person,0.9347,0.9408
2026-04-10 10:26:12,770,person,0.9403,0.9442
2026-04-10 10:26:13,771,person,0.9403,0.9442
2026-04-10 10:26:13,772,person,0.9236,0.9342
2026-04-10 10:26:13,773,person,0.9521,0.9513
2026-04-10 10:26:14,774,person,0.9467,0.9480
2026-04-10 10:26:14,775,person,0.9501,0.9500
2026-04-10 10:26:14,776,person,0.9579,0.9548
2026-04-10 10:26:15,777,person,0.9558,0.9535
2026-04-10 10:26:15,778,person,0.9215,0.9329
2026-04-10 10:26:15,779,person,0.9340,0.9404
2026-04-10 10:26:16,780,person,0.9384,0.9430
2026-04-10 10:26:16,781,person,0.9412,0.9447
2026-04-10 10:26:16,782,person,0.9459,0.9476
2026-04-10 10:26:17,783,person,0.9530,0.9518
2026-04-10 10:26:17,784,person,0.9467,0.9480
2026-04-10 10:26:17,785,person,0.9443,0.9466
2026-04-10 10:26:18,786,person,0.9404,0.9442
2026-04-10 10:26:18,787,person,0.9342,0.9405
2026-04-10 10:26:18,788,person,0.9319,0.9391
2026-04-10 10:26:19,789,person,0.9312,0.9387
2026-04-10 10:26:19,790,person,0.9087,0.9252
2026-04-10 10:26:19,791,person,0.9171,0.9302
2026-04-10 10:26:20,792,person,0.9138,0.9283
2026-04-10 10:26:20,793,person,0.9173,0.9304
2026-04-10 10:26:20,794,person,0.9384,0.9430
2026-04-10 10:26:21,795,person,0.9298,0.9379
2026-04-10 10:26:21,796,person,0.9336,0.9401
2026-04-10 10:26:21,797,person,0.9335,0.9401
2026-04-10 10:26:22,798,person,0.9349,0.9409
2026-04-10 10:26:22,799,person,0.9342,0.9405
2026-04-10 10:26:22,800,person,0.9114,0.9268
2026-04-10 10:26:23,801,person,0.9370,0.9422
2026-04-10 10:26:23,802,person,0.9130,0.9278
2026-04-10 10:26:23,803,person,0.9476,0.9486
2026-04-10 10:26:24,804,person,0.9417,0.9450
2026-04-10 10:26:24,805,person,0.9480,0.9488
2026-04-10 10:26:24,806,person,0.9522,0.9513
2026-04-10 10:26:25,807,person,0.9561,0.9536
2026-04-10 10:26:25,808,person,0.9337,0.9402
2026-04-10 10:26:25,809,person,0.9285,0.9371
2026-04-10 10:26:26,810,chair,0.8959,0.7776
2026-04-10 10:26:26,811,person,0.8730,0.9038
2026-04-10 10:26:26,812,person,0.8897,0.9138
2026-04-10 10:26:27,813,person,0.8534,0.8920
2026-04-10 10:26:27,814,person,0.9208,0.9325
2026-04-10 10:26:27,815,person,0.9138,0.9283
2026-04-10 10:26:28,816,person,0.9347,0.9408
2026-04-10 10:26:28,817,person,0.9367,0.9420
2026-04-10 10:26:28,818,person,0.9407,0.9444
2026-04-10 10:26:29,819,person,0.9295,0.9377
2026-04-10 10:26:29,820,person,0.9264,0.9359
2026-04-10 10:26:29,821,person,0.9610,0.9566
2026-04-10 10:26:30,822,person,0.9547,0.9528
2026-04-10 10:26:30,823,person,0.9488,0.9493
2026-04-10 10:26:30,824,person,0.9490,0.9494
2026-04-10 10:26:31,825,person,0.9396,0.9437
2026-04-10 10:26:31,826,person,0.9431,0.9459
2026-04-10 10:26:32,827,person,0.9440,0.9464
2026-04-10 10:26:32,828,person,0.9452,0.9471
2026-04-10 10:26:32,829,person,0.9483,0.9490
2026-04-10 10:26:33,830,person,0.9494,0.9496
2026-04-10 10:26:33,831,person,0.9512,0.9507
2026-04-10 10:26:33,832,person,0.9515,0.9509
2026-04-10 10:26:34,833,person,0.9474,0.9484
2026-04-10 10:26:34,834,person,0.9445,0.9467
2026-04-10 10:26:34,835,person,0.9440,0.9464
2026-04-10 10:26:35,836,person,0.9558,0.9535
2026-04-10 10:26:35,837,person,0.9486,0.9492
2026-04-10 10:26:35,838,person,0.9465,0.9479
2026-04-10 10:26:35,839,person,0.9490,0.9494
2026-04-10 10:26:36,840,person,0.9501,0.9501
2026-04-10 10:26:36,841,person,0.9505,0.9503
2026-04-10 10:26:36,842,person,0.9491,0.9495
2026-04-10 10:26:37,843,person,0.9507,0.9504
2026-04-10 10:26:37,844,person,0.9487,0.9492
2026-04-10 10:26:37,845,person,0.9508,0.9505
2026-04-10 10:26:38,846,person,0.9499,0.9499
2026-04-10 10:26:38,847,person,0.9494,0.9496
2026-04-10 10:26:38,848,person,0.9485,0.9491
2026-04-10 10:26:39,849,person,0.9562,0.9537
2026-04-10 10:26:39,850,person,0.9582,0.9549
2026-04-10 10:26:39,851,person,0.9451,0.9471
2026-04-10 10:26:40,852,person,0.9463,0.9478
2026-04-10 10:26:40,853,person,0.9491,0.9495
2026-04-10 10:26:40,854,person,0.9523,0.9514
2026-04-10 10:26:41,855,person,0.9433,0.9460
2026-04-10 10:26:41,856,person,0.9482,0.9489
2026-04-10 10:26:41,857,person,0.9506,0.9504
2026-04-10 10:26:42,858,person,0.9495,0.9497
2026-04-10 10:26:42,859,person,0.9436,0.9461
2026-04-10 10:26:42,860,person,0.9469,0.9482
2026-04-10 10:26:43,861,person,0.9298,0.9379
2026-04-10 10:26:43,862,person,0.9233,0.9340
2026-04-10 10:26:43,863,person,0.9226,0.9336
2026-04-10 10:26:44,864,person,0.9220,0.9332
2026-04-10 10:26:44,865,person,0.9212,0.9327
2026-04-10 10:26:44,866,person,0.9270,0.9362
2026-04-10 10:26:45,867,person,0.9274,0.9364
2026-04-10 10:26:45,868,person,0.9233,0.9340
2026-04-10 10:26:45,869,person,0.9301,0.9381
2026-04-10 10:26:46,870,person,0.9234,0.9341
2026-04-10 10:26:46,871,person,0.9278,0.9367
2026-04-10 10:26:46,872,person,0.9280,0.9368
2026-04-10 10:26:47,873,person,0.9294,0.9376
2026-04-10 10:26:47,874,person,0.9288,0.9373
2026-04-10 10:26:47,875,person,0.8919,0.9151
2026-04-10 10:26:48,876,person,0.8801,0.9081
2026-04-10 10:26:48,877,person,0.8778,0.9067
2026-04-10 10:26:48,878,cell phone,0.9418,0.9171
2026-04-10 10:26:49,879,cell phone,0.9203,0.9042
2026-04-10 10:26:49,880,cell phone,0.9121,0.8993
2026-04-10 10:26:49,881,cell phone,0.8770,0.8782
2026-04-10 10:26:50,882,cell phone,0.9155,0.9013
2026-04-10 10:26:50,883,cell phone,0.8406,0.8564
2026-04-10 10:26:50,884,cell phone,0.8586,0.8671
2026-04-10 10:26:51,885,person,0.8593,0.8956
2026-04-10 10:26:51,886,cell phone,0.9296,0.9097
2026-04-10 10:26:51,887,person,0.8661,0.8996
2026-04-10 10:26:52,888,person,0.8368,0.8821
2026-04-10 10:26:52,889,person,0.9019,0.9211
2026-04-10 10:26:52,890,person,0.9197,0.9318
2026-04-10 10:26:53,891,person,0.8430,0.8858
2026-04-10 10:26:53,892,person,0.8326,0.8796
2026-04-10 10:26:53,893,cell phone,0.8766,0.8780
2026-04-10 10:26:54,894,cell phone,0.8694,0.8737
2026-04-10 10:26:54,895,person,0.8677,0.9006
2026-04-10 10:26:55,896,person,0.8633,0.8980
2026-04-10 10:26:55,897,person,0.9449,0.9469
2026-04-10 10:26:55,898,person,0.9484,0.9490
2026-04-10 10:26:56,899,person,0.9409,0.9446
2026-04-10 10:26:56,900,person,0.9420,0.9452
2026-04-10 10:26:56,901,person,0.9448,0.9469
2026-04-10 10:26:57,902,person,0.9541,0.9525
2026-04-10 10:26:57,903,person,0.9562,0.9537
2026-04-10 10:26:57,904,person,0.9497,0.9498
2026-04-10 10:26:58,905,person,0.9429,0.9458
2026-04-10 10:26:58,906,person,0.9398,0.9439
2026-04-10 10:26:58,907,person,0.9335,0.9401
2026-04-10 10:26:59,908,person,0.9359,0.9415
2026-04-10 10:26:59,909,person,0.9295,0.9377
2026-04-10 10:26:59,910,person,0.9280,0.9368
2026-04-10 10:27:00,911,person,0.9252,0.9351
2026-04-10 10:27:00,912,person,0.9424,0.9454
2026-04-10 10:27:00,913,person,0.9363,0.9418
2026-04-10 10:27:01,914,person,0.9392,0.9435
2026-04-10 10:27:01,915,person,0.9457,0.9474
2026-04-10 10:27:01,916,person,0.9409,0.9446
2026-04-10 10:27:02,917,person,0.9261,0.9356
2026-04-10 10:27:02,918,person,0.8823,0.9094
2026-04-10 10:27:02,919,person,0.9127,0.9276
2026-04-10 10:27:03,920,person,0.8320,0.8792
2026-04-10 10:27:03,921,person,0.7898,0.8539
2026-04-10 10:27:04,922,person,0.9120,0.9272
2026-04-10 10:27:04,923,person,0.9241,0.9344
2026-04-10 10:27:04,924,person,0.9256,0.9354
2026-04-10 10:27:05,925,person,0.9024,0.9215
2026-04-10 10:27:05,926,person,0.9359,0.9415
2026-04-10 10:27:05,927,person,0.9339,0.9403
2026-04-10 10:27:06,928,person,0.9524,0.9515
2026-04-10 10:27:06,929,person,0.9365,0.9419
2026-04-10 10:27:06,930,person,0.9230,0.9338
2026-04-10 10:27:07,931,person,0.9363,0.9418
2026-04-10 10:27:07,932,person,0.9356,0.9414
2026-04-10 10:27:07,933,person,0.9273,0.9364
2026-04-10 10:27:08,934,person,0.9212,0.9327
2026-04-10 10:27:08,935,person,0.9211,0.9326
2026-04-10 10:27:08,936,person,0.9336,0.9402
2026-04-10 10:27:09,937,person,0.9373,0.9424
2026-04-10 10:27:09,938,person,0.9343,0.9406
2026-04-10 10:27:09,939,person,0.9318,0.9391
2026-04-10 10:27:10,940,person,0.9228,0.9337
2026-04-10 10:27:10,941,person,0.8490,0.8894
2026-04-10 10:27:10,942,person,0.9179,0.9307
2026-04-10 10:27:11,943,person,0.8860,0.9116
2026-04-10 10:27:11,944,person,0.7789,0.8474
2026-04-10 10:27:11,945,person,0.8441,0.8864
2026-04-10 10:27:12,946,person,0.8962,0.9177
2026-04-10 10:27:12,947,person,0.9148,0.9289
2026-04-10 10:27:12,948,person,0.9126,0.9275
2026-04-10 10:27:13,949,person,0.8327,0.8796
2026-04-10 10:27:13,950,chair,0.8991,0.7794
2026-04-10 10:27:13,951,chair,0.8801,0.7680
2026-04-10 10:27:14,952,person,0.8997,0.9198
2026-04-10 10:27:14,953,person,0.9388,0.9433
2026-04-10 10:27:14,954,person,0.9134,0.9281
2026-04-10 10:27:15,955,person,0.9206,0.9324
2026-04-10 10:27:15,956,person,0.9226,0.9336
2026-04-10 10:27:15,957,person,0.8324,0.8795
2026-04-10 10:27:16,958,person,0.9285,0.9371
2026-04-10 10:27:16,959,person,0.9284,0.9370
2026-04-10 10:27:16,960,person,0.9309,0.9385
2026-04-10 10:27:17,961,person,0.9113,0.9268
2026-04-10 10:27:17,962,person,0.9327,0.9396
2026-04-10 10:27:18,963,person,0.9329,0.9397
2026-04-10 10:27:18,964,person,0.9285,0.9371
2026-04-10 10:27:18,965,person,0.9326,0.9396
2026-04-10 10:27:18,966,person,0.9247,0.9348
2026-04-10 10:27:19,967,person,0.9299,0.9380
2026-04-10 10:27:19,968,person,0.9225,0.9335
2026-04-10 10:27:19,969,chair,0.8853,0.7712
2026-04-10 10:27:20,970,person,0.6394,0.7637
2026-04-10 10:27:20,971,chair,0.8942,0.7765
2026-04-10 10:27:20,972,chair,0.8996,0.7798
2026-04-10 10:27:21,973,person,0.7995,0.8597
2026-04-10 10:27:21,974,person,0.7387,0.8232
2026-04-10 10:27:21,975,person,0.8028,0.8617
2026-04-10 10:27:22,976,person,0.8535,0.8921
2026-04-10 10:27:22,977,person,0.8621,0.8973
2026-04-10 10:27:22,978,person,0.7734,0.8440
2026-04-10 10:27:23,979,person,0.8379,0.8827
2026-04-10 10:27:23,980,person,0.7350,0.8210
2026-04-10 10:27:23,981,person,0.6700,0.7820
2026-04-10 10:27:24,982,person,0.8195,0.8717
2026-04-10 10:27:24,983,chair,0.8969,0.7781
2026-04-10 10:27:24,984,person,0.8327,0.8796
2026-04-10 10:27:25,985,person,0.7666,0.8400
2026-04-10 10:27:25,986,person,0.9050,0.9230
2026-04-10 10:27:25,987,person,0.7025,0.8015
2026-04-10 10:27:26,988,person,0.9203,0.9322
2026-04-10 10:27:26,989,person,0.9315,0.9389
2026-04-10 10:27:26,990,person,0.9542,0.9525
2026-04-10 10:27:27,991,person,0.9553,0.9532
2026-04-10 10:27:27,992,person,0.9367,0.9420
2026-04-10 10:27:27,993,person,0.9468,0.9481
2026-04-10 10:27:28,994,person,0.9430,0.9458
2026-04-10 10:27:28,995,person,0.9500,0.9500
2026-04-10 10:27:28,996,person,0.9511,0.9506
2026-04-10 10:27:29,997,person,0.9493,0.9496
2026-04-10 10:27:29,998,person,0.9545,0.9527
2026-04-10 10:27:29,999,person,0.9515,0.9509
2026-04-10 10:27:30,1000,person,0.9491,0.9494
2026-04-10 10:27:30,1001,person,0.9528,0.9517
2026-04-10 10:27:30,1002,person,0.9407,0.9444
2026-04-10 10:27:31,1003,person,0.9459,0.9475
2026-04-10 10:27:31,1004,person,0.9451,0.9470
2026-04-10 10:27:31,1005,person,0.9426,0.9456
2026-04-10 10:27:32,1006,person,0.9335,0.9401
2026-04-10 10:27:32,1007,person,0.9525,0.9515
2026-04-10 10:27:32,1008,person,0.9512,0.9507
2026-04-10 10:27:33,1009,person,0.9491,0.9495
2026-04-10 10:27:33,1010,person,0.9516,0.9510
2026-04-10 10:27:33,1011,person,0.9545,0.9527
2026-04-10 10:27:34,1012,person,0.9526,0.9515
2026-04-10 10:27:34,1013,person,0.9451,0.9471
2026-04-10 10:27:34,1014,person,0.9584,0.9551
2026-04-10 10:27:35,1015,person,0.9330,0.9398
2026-04-10 10:27:35,1016,person,0.9587,0.9552
2026-04-10 10:27:35,1017,person,0.9522,0.9513
2026-04-10 10:27:36,1018,person,0.9531,0.9519
2026-04-10 10:27:36,1019,person,0.9499,0.9500
2026-04-10 10:27:36,1020,person,0.9503,0.9502
2026-04-10 10:27:37,1021,person,0.9524,0.9515
2026-04-10 10:27:37,1022,person,0.9540,0.9524
2026-04-10 10:27:37,1023,person,0.9572,0.9543
2026-04-10 10:27:38,1024,person,0.9575,0.9545
2026-04-10 10:27:38,1025,person,0.9609,0.9565
2026-04-10 10:27:38,1026,person,0.9539,0.9523
2026-04-10 10:27:39,1027,person,0.9535,0.9521
2026-04-10 10:27:39,1028,person,0.9556,0.9533
2026-04-10 10:27:39,1029,person,0.9475,0.9485
2026-04-10 10:27:40,1030,person,0.9515,0.9509
2026-04-10 10:27:40,1031,person,0.9488,0.9493
2026-04-10 10:27:40,1032,person,0.9339,0.9404
2026-04-10 10:27:41,1033,person,0.9427,0.9456
2026-04-10 10:27:41,1034,person,0.9488,0.9493
2026-04-10 10:27:41,1035,person,0.9363,0.9418
2026-04-10 10:27:42,1036,person,0.9276,0.9366
2026-04-10 10:27:42,1037,person,0.9383,0.9430
2026-04-10 10:27:42,1038,person,0.9444,0.9466
2026-04-10 10:27:42,1039,person,0.9301,0.9380
2026-04-10 10:27:43,1040,person,0.9370,0.9422
2026-04-10 10:27:43,1041,person,0.9343,0.9406
2026-04-10 10:27:43,1042,person,0.9371,0.9422
2026-04-10 10:27:44,1043,person,0.9390,0.9434
2026-04-10 10:27:44,1044,person,0.9414,0.9448
2026-04-10 10:27:44,1045,person,0.8065,0.8639
2026-04-10 10:27:45,1046,person,0.8872,0.9123
2026-04-10 10:27:45,1047,person,0.9215,0.9329
2026-04-10 10:27:45,1048,person,0.9368,0.9421
2026-04-10 10:27:46,1049,person,0.9406,0.9444
2026-04-10 10:27:46,1050,person,0.9446,0.9468
2026-04-10 10:27:46,1051,person,0.9388,0.9433
2026-04-10 10:27:47,1052,person,0.9203,0.9322
2026-04-10 10:27:47,1053,person,0.9122,0.9273
2026-04-10 10:27:47,1054,person,0.9080,0.9248
2026-04-10 10:27:48,1055,person,0.9365,0.9419
2026-04-10 10:27:48,1056,person,0.9216,0.9330
2026-04-10 10:27:48,1057,person,0.8235,0.8741
2026-04-10 10:27:49,1058,person,0.9404,0.9442
2026-04-10 10:27:49,1059,person,0.9444,0.9466
2026-04-10 10:27:50,1060,person,0.9047,0.9228
2026-04-10 10:27:50,1061,person,0.8956,0.9173
2026-04-10 10:27:50,1062,person,0.8381,0.8829
2026-04-10 10:27:50,1063,person,0.7787,0.8472
2026-04-10 10:27:51,1064,chair,0.8300,0.7380
2026-04-10 10:27:51,1065,person,0.6433,0.7660
2026-04-10 10:27:51,1066,person,0.7400,0.8240
2026-04-10 10:27:52,1067,person,0.6743,0.7846
2026-04-10 10:27:52,1068,person,0.7066,0.8039
2026-04-10 10:27:52,1069,person,0.7514,0.8308
2026-04-10 10:27:53,1070,tv,0.8931,0.7359
2026-04-10 10:27:53,1071,tv,0.8872,0.7323
2026-04-10 10:27:53,1072,person,0.7725,0.8435
2026-04-10 10:27:54,1073,person,0.7168,0.8101
2026-04-10 10:27:54,1074,person,0.6625,0.7775
2026-04-10 10:27:54,1075,person,0.7390,0.8234
2026-04-10 10:27:55,1076,laptop,0.7079,0.7927
2026-04-10 10:27:55,1077,person,0.7128,0.8077
2026-04-10 10:27:55,1078,person,0.7208,0.8125
2026-04-10 10:27:56,1079,person,0.6839,0.7904
2026-04-10 10:27:56,1080,person,0.8141,0.8685
2026-04-10 10:27:56,1081,person,0.6028,0.7417
2026-04-10 10:27:57,1082,person,0.7948,0.8569
2026-04-10 10:27:57,1083,person,0.9324,0.9394
2026-04-10 10:27:57,1084,person,0.9358,0.9415
2026-04-10 10:27:58,1085,person,0.9404,0.9442
2026-04-10 10:27:58,1086,person,0.9397,0.9438
2026-04-10 10:27:58,1087,person,0.9505,0.9503
2026-04-10 10:27:59,1088,person,0.9469,0.9481
2026-04-10 10:27:59,1089,person,0.9448,0.9469
2026-04-10 10:27:59,1090,person,0.9438,0.9463
2026-04-10 10:28:00,1091,person,0.9258,0.9355
2026-04-10 10:28:00,1092,person,0.8703,0.9022
2026-04-10 10:28:00,1093,person,0.9244,0.9346
2026-04-10 10:28:01,1094,person,0.9389,0.9433
2026-04-10 10:28:01,1095,person,0.9413,0.9448
2026-04-10 10:28:01,1096,person,0.9451,0.9471
2026-04-10 10:28:02,1097,person,0.9342,0.9405
2026-04-10 10:28:02,1098,person,0.9384,0.9430
2026-04-10 10:28:02,1099,person,0.9350,0.9410
2026-04-10 10:28:03,1100,person,0.9396,0.9437
2026-04-10 10:28:03,1101,person,0.9413,0.9448
2026-04-10 10:28:03,1102,person,0.9428,0.9457
2026-04-10 10:28:04,1103,person,0.9423,0.9454
2026-04-10 10:28:04,1104,person,0.9357,0.9414
2026-04-10 10:28:04,1105,person,0.9441,0.9465
2026-04-10 10:28:04,1106,person,0.9371,0.9423
2026-04-10 10:28:05,1107,person,0.9269,0.9361
2026-04-10 10:28:05,1108,person,0.9356,0.9414
2026-04-10 10:28:05,1109,person,0.9290,0.9374
2026-04-10 10:28:06,1110,person,0.9278,0.9367
2026-04-10 10:28:06,1111,person,0.9426,0.9456
2026-04-10 10:28:06,1112,person,0.9395,0.9437
2026-04-10 10:28:07,1113,person,0.9496,0.9498
2026-04-10 10:28:07,1114,person,0.9302,0.9381
2026-04-10 10:28:07,1115,person,0.9301,0.9380
2026-04-10 10:28:08,1116,person,0.9247,0.9348
2026-04-10 10:28:08,1117,person,0.9284,0.9370
2026-04-10 10:28:08,1118,person,0.9181,0.9308
2026-04-10 10:28:09,1119,person,0.9234,0.9341
2026-04-10 10:28:09,1120,person,0.9221,0.9333
2026-04-10 10:28:09,1121,person,0.9219,0.9331
2026-04-10 10:28:10,1122,person,0.9197,0.9318
2026-04-10 10:28:10,1123,person,0.9288,0.9373
2026-04-10 10:28:10,1124,person,0.9306,0.9383
2026-04-10 10:28:11,1125,person,0.9291,0.9375
2026-04-10 10:28:11,1126,person,0.9300,0.9380
2026-04-10 10:28:11,1127,person,0.9259,0.9355
2026-04-10 10:28:12,1128,person,0.9276,0.9366
2026-04-10 10:28:12,1129,person,0.9281,0.9369
2026-04-10 10:28:12,1130,person,0.9382,0.9429
2026-04-10 10:28:13,1131,person,0.9413,0.9448
2026-04-10 10:28:13,1132,person,0.9462,0.9477
2026-04-10 10:28:13,1133,person,0.9466,0.9480
2026-04-10 10:28:14,1134,person,0.9459,0.9476
2026-04-10 10:28:14,1135,person,0.9484,0.9490
2026-04-10 10:28:14,1136,person,0.9310,0.9386
2026-04-10 10:28:15,1137,person,0.9215,0.9329
2026-04-10 10:28:15,1138,person,0.9206,0.9323
2026-04-10 10:28:16,1139,person,0.9306,0.9384
2026-04-10 10:28:16,1140,person,0.9439,0.9464
2026-04-10 10:28:16,1141,person,0.9466,0.9480
2026-04-10 10:28:17,1142,person,0.9409,0.9445
2026-04-10 10:28:17,1143,person,0.9454,0.9472
2026-04-10 10:28:18,1144,person,0.9211,0.9326
2026-04-10 10:28:18,1145,person,0.9179,0.9307
2026-04-10 10:28:18,1146,person,0.9067,0.9240
2026-04-10 10:28:19,1147,person,0.9107,0.9264
2026-04-10 10:28:19,1148,person,0.9012,0.9207
2026-04-10 10:28:19,1149,person,0.8975,0.9185
2026-04-10 10:28:20,1150,person,0.9119,0.9272
2026-04-10 10:28:20,1151,person,0.8850,0.9110
2026-04-10 10:28:20,1152,person,0.9242,0.9345
2026-04-10 10:28:21,1153,person,0.9104,0.9263
2026-04-10 10:28:21,1154,person,0.9037,0.9222
2026-04-10 10:28:21,1155,person,0.9245,0.9347
2026-04-10 10:28:22,1156,person,0.9311,0.9387
2026-04-10 10:28:22,1157,person,0.9314,0.9388
2026-04-10 10:28:22,1158,person,0.9340,0.9404
2026-04-10 10:28:23,1159,person,0.9277,0.9366
2026-04-10 10:28:23,1160,person,0.9266,0.9359
2026-04-10 10:28:23,1161,person,0.9302,0.9381
2026-04-10 10:28:24,1162,person,0.9204,0.9322
2026-04-10 10:28:24,1163,person,0.9522,0.9513
2026-04-10 10:28:24,1164,person,0.9431,0.9459
2026-04-10 10:28:25,1165,person,0.9476,0.9485
2026-04-10 10:28:25,1166,person,0.9378,0.9427
2026-04-10 10:28:25,1167,person,0.9417,0.9450
2026-04-10 10:28:26,1168,person,0.8827,0.9096
2026-04-10 10:28:26,1169,person,0.9361,0.9416
2026-04-10 10:28:26,1170,person,0.9365,0.9419
2026-04-10 10:28:27,1171,person,0.9461,0.9477
2026-04-10 10:28:27,1172,person,0.9425,0.9455
2026-04-10 10:28:27,1173,person,0.9371,0.9423
2026-04-10 10:28:28,1174,person,0.9375,0.9425
2026-04-10 10:28:28,1175,person,0.9338,0.9403
2026-04-10 10:28:28,1176,person,0.9409,0.9445
2026-04-10 10:28:29,1177,person,0.9418,0.9451
2026-04-10 10:28:29,1178,person,0.9415,0.9449
2026-04-10 10:28:29,1179,person,0.9466,0.9479
2026-04-10 10:28:30,1180,person,0.9316,0.9389
2026-04-10 10:28:30,1181,person,0.9290,0.9374
2026-04-10 10:28:31,1182,person,0.9185,0.9311
2026-04-10 10:28:31,1183,person,0.9204,0.9323
2026-04-10 10:28:31,1184,person,0.9079,0.9247
2026-04-10 10:28:31,1185,person,0.9103,0.9262
2026-04-10 10:28:32,1186,person,0.9097,0.9258
2026-04-10 10:28:32,1187,person,0.9071,0.9243
2026-04-10 10:28:32,1188,person,0.9112,0.9267
2026-04-10 10:28:33,1189,person,0.9119,0.9272
2026-04-10 10:28:33,1190,person,0.9083,0.9250
2026-04-10 10:28:33,1191,person,0.9009,0.9205
2026-04-10 10:28:34,1192,person,0.9095,0.9257
2026-04-10 10:28:34,1193,person,0.9119,0.9271
2026-04-10 10:28:34,1194,person,0.9145,0.9287
2026-04-10 10:28:35,1195,person,0.9118,0.9271
2026-04-10 10:28:35,1196,person,0.9051,0.9231
2026-04-10 10:28:35,1197,person,0.9023,0.9214
2026-04-10 10:28:36,1198,person,0.9163,0.9298
2026-04-10 10:28:36,1199,person,0.9045,0.9227
2026-04-10 10:28:36,1200,person,0.9204,0.9323
2026-04-10 10:28:37,1201,person,0.9433,0.9460
2026-04-10 10:28:37,1202,person,0.9499,0.9499
2026-04-10 10:28:37,1203,person,0.9450,0.9470
2026-04-10 10:28:38,1204,person,0.9518,0.9511
2026-04-10 10:28:38,1205,person,0.9444,0.9467
2026-04-10 10:28:38,1206,person,0.9494,0.9497
2026-04-10 10:28:39,1207,person,0.9424,0.9454
2026-04-10 10:28:39,1208,person,0.9453,0.9472
2026-04-10 10:28:39,1209,person,0.9449,0.9469
2026-04-10 10:28:40,1210,person,0.9510,0.9506
2026-04-10 10:28:40,1211,person,0.9476,0.9485
2026-04-10 10:28:40,1212,person,0.9515,0.9509
2026-04-10 10:28:41,1213,person,0.9457,0.9474
2026-04-10 10:28:41,1214,person,0.9449,0.9469
2026-04-10 10:28:41,1215,person,0.9422,0.9453
2026-04-10 10:28:42,1216,person,0.9434,0.9460
2026-04-10 10:28:42,1217,person,0.9492,0.9495
2026-04-10 10:28:42,1218,person,0.9505,0.9503
2026-04-10 10:28:43,1219,person,0.9486,0.9492
2026-04-10 10:28:43,1220,person,0.9469,0.9481
2026-04-10 10:28:43,1221,person,0.9514,0.9509
2026-04-10 10:28:43,1222,person,0.9519,0.9512
2026-04-10 10:28:44,1223,person,0.9517,0.9510
2026-04-10 10:28:44,1224,person,0.9531,0.9519
2026-04-10 10:28:44,1225,person,0.9529,0.9518
2026-04-10 10:28:45,1226,person,0.9485,0.9491
2026-04-10 10:28:45,1227,person,0.9490,0.9494
2026-04-10 10:28:45,1228,person,0.9510,0.9506
2026-04-10 10:28:46,1229,person,0.9401,0.9441
2026-04-10 10:28:46,1230,person,0.9093,0.9256
2026-04-10 10:28:47,1231,person,0.9331,0.9399
2026-04-10 10:28:47,1232,person,0.9300,0.9380
2026-04-10 10:28:47,1233,person,0.9349,0.9410
2026-04-10 10:28:48,1234,person,0.9417,0.9450
2026-04-10 10:28:48,1235,person,0.9476,0.9485
2026-04-10 10:28:48,1236,person,0.9401,0.9441
2026-04-10 10:28:49,1237,person,0.9427,0.9456
2026-04-10 10:28:49,1238,person,0.9436,0.9461
2026-04-10 10:28:49,1239,person,0.9511,0.9507
2026-04-10 10:28:50,1240,person,0.9413,0.9448
2026-04-10 10:28:50,1241,person,0.9379,0.9428
2026-04-10 10:28:50,1242,person,0.9137,0.9282
2026-04-10 10:28:51,1243,person,0.9245,0.9347
2026-04-10 10:28:51,1244,person,0.9506,0.9504
2026-04-10 10:28:52,1245,person,0.9346,0.9408
2026-04-10 10:28:52,1246,person,0.9381,0.9429
2026-04-10 10:28:52,1247,person,0.9188,0.9313
2026-04-10 10:28:53,1248,person,0.9333,0.9400
2026-04-10 10:28:53,1249,person,0.9349,0.9409
2026-04-10 10:28:53,1250,person,0.9377,0.9426
2026-04-10 10:28:54,1251,person,0.9210,0.9326
2026-04-10 10:28:54,1252,person,0.9155,0.9293
2026-04-10 10:28:54,1253,person,0.9279,0.9367
2026-04-10 10:28:55,1254,person,0.9349,0.9409
2026-04-10 10:28:55,1255,person,0.9260,0.9356
2026-04-10 10:28:56,1256,person,0.9425,0.9455
2026-04-10 10:28:56,1257,person,0.9446,0.9467
2026-04-10 10:28:56,1258,person,0.9299,0.9379
2026-04-10 10:28:57,1259,person,0.9321,0.9393
2026-04-10 10:28:57,1260,person,0.9301,0.9381
2026-04-10 10:28:57,1261,person,0.9419,0.9452
2026-04-10 10:28:58,1262,person,0.9400,0.9440
2026-04-10 10:28:58,1263,person,0.9353,0.9412
2026-04-10 10:28:58,1264,person,0.9342,0.9405
2026-04-10 10:28:59,1265,person,0.9362,0.9417
2026-04-10 10:28:59,1266,person,0.9367,0.9420
2026-04-10 10:28:59,1267,person,0.9421,0.9453
2026-04-10 10:29:00,1268,person,0.9281,0.9369
2026-04-10 10:29:00,1269,person,0.9190,0.9314
2026-04-10 10:29:01,1270,person,0.9065,0.9239
2026-04-10 10:29:01,1271,person,0.9256,0.9354
2026-04-10 10:29:01,1272,person,0.9246,0.9347
2026-04-10 10:29:02,1273,person,0.9224,0.9334
2026-04-10 10:29:02,1274,person,0.9327,0.9396
2026-04-10 10:29:02,1275,person,0.9412,0.9447
2026-04-10 10:29:03,1276,person,0.7277,0.8166
2026-04-10 10:29:03,1277,person,0.9344,0.9406
2026-04-10 10:29:04,1278,person,0.8685,0.9011
2026-04-10 10:29:04,1279,person,0.8559,0.8935
2026-04-10 10:29:04,1280,person,0.9324,0.9394
2026-04-10 10:29:05,1281,person,0.9022,0.9213
2026-04-10 10:29:05,1282,person,0.9268,0.9361
2026-04-10 10:29:05,1283,person,0.9050,0.9230
2026-04-10 10:29:06,1284,person,0.8715,0.9029
2026-04-10 10:29:06,1285,person,0.9437,0.9462
2026-04-10 10:29:06,1286,person,0.9485,0.9491
2026-04-10 10:29:07,1287,person,0.9399,0.9439
2026-04-10 10:29:07,1288,person,0.9427,0.9456
2026-04-10 10:29:07,1289,person,0.9473,0.9484
2026-04-10 10:29:08,1290,person,0.9247,0.9348
2026-04-10 10:29:08,1291,person,0.9395,0.9437
2026-04-10 10:29:09,1292,person,0.9376,0.9426
2026-04-10 10:29:09,1293,person,0.9355,0.9413
2026-04-10 10:29:09,1294,person,0.9354,0.9413
2026-04-10 10:29:10,1295,person,0.9355,0.9413
2026-04-10 10:29:10,1296,person,0.9436,0.9462
2026-04-10 10:29:11,1297,person,0.9377,0.9426
2026-04-10 10:29:11,1298,person,0.9350,0.9410
2026-04-10 10:29:11,1299,person,0.9369,0.9422
2026-04-10 10:29:12,1300,person,0.9383,0.9430
2026-04-10 10:29:12,1301,person,0.9426,0.9456
2026-04-10 10:29:12,1302,person,0.9393,0.9436
2026-04-10 10:29:13,1303,person,0.9341,0.9404
2026-04-10 10:29:13,1304,person,0.9346,0.9407
2026-04-10 10:29:14,1305,person,0.9400,0.9440
2026-04-10 10:29:14,1306,person,0.9493,0.9496
2026-04-10 10:29:14,1307,person,0.9150,0.9290
2026-04-10 10:29:15,1308,person,0.9331,0.9399
2026-04-10 10:29:15,1309,person,0.9231,0.9338
2026-04-10 10:29:16,1310,person,0.9348,0.9409
2026-04-10 10:29:16,1311,person,0.9443,0.9466
2026-04-10 10:29:16,1312,person,0.9472,0.9483
2026-04-10 10:29:17,1313,person,0.9483,0.9490
2026-04-10 10:29:17,1314,person,0.9479,0.9488
2026-04-10 10:29:17,1315,person,0.9446,0.9467
2026-04-10 10:29:18,1316,person,0.9359,0.9415
2026-04-10 10:29:18,1317,person,0.9434,0.9461
2026-04-10 10:29:18,1318,person,0.9272,0.9363
2026-04-10 10:29:19,1319,person,0.9499,0.9499
2026-04-10 10:29:19,1320,person,0.9282,0.9369
2026-04-10 10:29:20,1321,person,0.9129,0.9277
2026-04-10 10:29:20,1322,person,0.9229,0.9337
2026-04-10 10:29:21,1323,person,0.9224,0.9334
2026-04-10 10:29:21,1324,person,0.9325,0.9395
2026-04-10 10:29:21,1325,person,0.9310,0.9386
2026-04-10 10:29:22,1326,person,0.9235,0.9341
2026-04-10 10:29:22,1327,person,0.9270,0.9362
2026-04-10 10:29:22,1328,person,0.9259,0.9355
2026-04-10 10:29:23,1329,person,0.9370,0.9422
2026-04-10 10:29:23,1330,person,0.8943,0.9166
2026-04-10 10:29:24,1331,chair,0.8813,0.7688
2026-04-10 10:29:24,1332,chair,0.8964,0.7779
2026-04-10 10:29:25,1333,person,0.9034,0.9221
2026-04-10 10:29:25,1334,person,0.9201,0.9320
2026-04-10 10:29:25,1335,person,0.9245,0.9347
2026-04-10 10:29:26,1336,person,0.9250,0.9350
2026-04-10 10:29:26,1337,person,0.9152,0.9291
2026-04-10 10:29:27,1338,chair,0.8936,0.7762
2026-04-10 10:29:27,1339,person,0.7487,0.8292
2026-04-10 10:29:27,1340,chair,0.8909,0.7745
2026-04-10 10:29:28,1341,person,0.9233,0.9340
2026-04-10 10:29:28,1342,person,0.9251,0.9351
2026-04-10 10:29:29,1343,person,0.9354,0.9412
2026-04-10 10:29:29,1344,person,0.9444,0.9466
2026-04-10 10:29:29,1345,person,0.9037,0.9222
2026-04-10 10:29:30,1346,person,0.9413,0.9448
2026-04-10 10:29:30,1347,person,0.9386,0.9432
2026-04-10 10:29:31,1348,person,0.9203,0.9322
2026-04-10 10:29:31,1349,person,0.6779,0.7868
2026-04-10 10:29:32,1350,person,0.8322,0.8793
2026-04-10 10:29:32,1351,person,0.9056,0.9234
2026-04-10 10:29:32,1352,person,0.9255,0.9353
2026-04-10 10:29:33,1353,person,0.8974,0.9184
2026-04-10 10:29:33,1354,person,0.8710,0.9026
2026-04-10 10:29:33,1355,person,0.8490,0.8894
2026-04-10 10:29:34,1356,person,0.7456,0.8274
2026-04-10 10:29:34,1357,person,0.8855,0.9113
2026-04-10 10:29:34,1358,person,0.8633,0.8980
2026-04-10 10:29:35,1359,person,0.8159,0.8695
2026-04-10 10:29:35,1360,person,0.9156,0.9294
2026-04-10 10:29:35,1361,person,0.8341,0.8805
2026-04-10 10:29:36,1362,person,0.6800,0.7880
2026-04-10 10:29:36,1363,person,0.7769,0.8461
2026-04-10 10:29:36,1364,person,0.8165,0.8699
2026-04-10 10:29:37,1365,person,0.8224,0.8734
2026-04-10 10:29:37,1366,chair,0.8951,0.7771
2026-04-10 10:29:37,1367,chair,0.8888,0.7733
2026-04-10 10:29:38,1368,chair,0.8802,0.7681
2026-04-10 10:29:38,1369,chair,0.8861,0.7717
2026-04-10 10:29:38,1370,chair,0.8874,0.7724
2026-04-10 10:29:39,1371,chair,0.8938,0.7763
2026-04-10 10:29:39,1372,person,0.6725,0.7835
2026-04-10 10:29:39,1373,chair,0.9005,0.7803
2026-04-10 10:29:40,1374,person,0.7794,0.8476
2026-04-10 10:29:40,1375,person,0.8135,0.8681
2026-04-10 10:29:40,1376,chair,0.8968,0.7781
2026-04-10 10:29:41,1377,person,0.8514,0.8908
2026-04-10 10:29:41,1378,person,0.8584,0.8950
2026-04-10 10:29:41,1379,person,0.7740,0.8444
2026-04-10 10:29:42,1380,person,0.8591,0.8955
2026-04-10 10:29:42,1381,person,0.8635,0.8981
2026-04-10 10:29:42,1382,person,0.8431,0.8859
2026-04-10 10:29:43,1383,person,0.7942,0.8565
2026-04-10 10:29:43,1384,person,0.8350,0.8810
2026-04-10 10:29:43,1385,person,0.8443,0.8866
2026-04-10 10:29:44,1386,person,0.8112,0.8667
2026-04-10 10:29:44,1387,person,0.8508,0.8905
2026-04-10 10:29:45,1388,person,0.7398,0.8239
2026-04-10 10:29:45,1389,person,0.7421,0.8252
2026-04-10 10:29:45,1390,person,0.7140,0.8084
2026-04-10 10:29:45,1391,person,0.7471,0.8283
2026-04-10 10:29:46,1392,person,0.7175,0.8105
2026-04-10 10:29:46,1393,person,0.6984,0.7990
2026-04-10 10:29:46,1394,person,0.9061,0.9237
2026-04-10 10:29:47,1395,person,0.8285,0.8771
2026-04-10 10:29:47,1396,person,0.7611,0.8367
2026-04-10 10:29:48,1397,person,0.7648,0.8389
2026-04-10 10:29:48,1398,person,0.8497,0.8898
2026-04-10 10:29:48,1399,person,0.7617,0.8370
2026-04-10 10:29:49,1400,person,0.7263,0.8158
2026-04-10 10:29:49,1401,person,0.7335,0.8201
2026-04-10 10:29:49,1402,person,0.7761,0.8457
2026-04-10 10:29:50,1403,person,0.8600,0.8960
2026-04-10 10:29:50,1404,person,0.8859,0.9116
2026-04-10 10:29:50,1405,person,0.9116,0.9270
2026-04-10 10:29:51,1406,person,0.8918,0.9151
2026-04-10 10:29:51,1407,person,0.9107,0.9264
2026-04-10 10:29:51,1408,person,0.9053,0.9232
2026-04-10 10:29:52,1409,person,0.8975,0.9185
2026-04-10 10:29:52,1410,person,0.9125,0.9275
2026-04-10 10:29:52,1411,person,0.8944,0.9166
2026-04-10 10:29:53,1412,person,0.8836,0.9101
2026-04-10 10:29:53,1413,person,0.7940,0.8564
2026-04-10 10:29:53,1414,person,0.7839,0.8503
2026-04-10 10:29:54,1415,person,0.7574,0.8344
2026-04-10 10:29:54,1416,person,0.7983,0.8590
2026-04-10 10:29:54,1417,person,0.8014,0.8608
2026-04-10 10:29:55,1418,person,0.8657,0.8994
2026-04-10 10:29:55,1419,person,0.8968,0.9181
2026-04-10 10:29:55,1420,person,0.8999,0.9200
2026-04-10 10:29:56,1421,person,0.9374,0.9424
2026-04-10 10:29:56,1422,person,0.9159,0.9295
2026-04-10 10:29:56,1423,person,0.9232,0.9339
2026-04-10 10:29:57,1424,person,0.9206,0.9324
2026-04-10 10:29:57,1425,person,0.9106,0.9264
2026-04-10 10:29:57,1426,person,0.8630,0.8978
2026-04-10 10:29:58,1427,person,0.9102,0.9261
2026-04-10 10:29:58,1428,person,0.8814,0.9088
2026-04-10 10:29:59,1429,person,0.9042,0.9225
2026-04-10 10:29:59,1430,person,0.9095,0.9257
2026-04-10 10:29:59,1431,person,0.9259,0.9355
2026-04-10 10:30:00,1432,person,0.9112,0.9267
2026-04-10 10:30:00,1433,person,0.9212,0.9327
2026-04-10 10:30:00,1434,person,0.9174,0.9304
2026-04-10 10:30:01,1435,person,0.9293,0.9376
2026-04-10 10:30:01,1436,person,0.9051,0.9231
2026-04-10 10:30:01,1437,person,0.8847,0.9108
2026-04-10 10:30:02,1438,person,0.9328,0.9397
2026-04-10 10:30:02,1439,person,0.8899,0.9139
2026-04-10 10:30:02,1440,person,0.6796,0.7878
2026-04-10 10:30:03,1441,person,0.8736,0.9042
2026-04-10 10:30:03,1442,person,0.8049,0.8629
2026-04-10 10:30:03,1443,person,0.7923,0.8554
2026-04-10 10:30:04,1444,person,0.8503,0.8902
2026-04-10 10:30:04,1445,person,0.8179,0.8707
2026-04-10 10:30:04,1446,person,0.8948,0.9169
2026-04-10 10:30:05,1447,person,0.8107,0.8664
2026-04-10 10:30:05,1448,person,0.8430,0.8858
2026-04-10 10:30:05,1449,person,0.8427,0.8856
2026-04-10 10:30:06,1450,person,0.9167,0.9300
2026-04-10 10:30:06,1451,person,0.9113,0.9268
2026-04-10 10:30:06,1452,person,0.9031,0.9218
2026-04-10 10:30:07,1453,person,0.9202,0.9321
2026-04-10 10:30:07,1454,person,0.8987,0.9192
2026-04-10 10:30:07,1455,person,0.8771,0.9063
2026-04-10 10:30:08,1456,person,0.7757,0.8454
2026-04-10 10:30:08,1457,person,0.6577,0.7746
2026-04-10 10:30:08,1458,person,0.8217,0.8730
2026-04-10 10:30:09,1459,person,0.9255,0.9353
2026-04-10 10:30:09,1460,person,0.9459,0.9476
2026-04-10 10:30:09,1461,person,0.8978,0.9187
2026-04-10 10:30:10,1462,person,0.8765,0.9059
2026-04-10 10:30:10,1463,person,0.9133,0.9280
2026-04-10 10:30:10,1464,person,0.9471,0.9483
2026-04-10 10:30:11,1465,person,0.9487,0.9492
2026-04-10 10:30:11,1466,person,0.8914,0.9148
2026-04-10 10:30:11,1467,person,0.5933,0.7360
2026-04-10 10:30:12,1468,person,0.7342,0.8205
2026-04-10 10:30:12,1469,person,0.6967,0.7980
2026-04-10 10:30:12,1470,person,0.8792,0.9075
2026-04-10 10:30:13,1471,person,0.7636,0.8382
2026-04-10 10:30:13,1472,person,0.8259,0.8755
2026-04-10 10:30:13,1473,person,0.9578,0.9547
2026-04-10 10:30:14,1474,person,0.9519,0.9512
2026-04-10 10:30:14,1475,person,0.9531,0.9518
2026-04-10 10:30:14,1476,person,0.9328,0.9397
2026-04-10 10:30:15,1477,person,0.9556,0.9533
2026-04-10 10:30:15,1478,person,0.9272,0.9363
2026-04-10 10:30:15,1479,person,0.9447,0.9468
2026-04-10 10:30:16,1480,person,0.9469,0.9482
2026-04-10 10:30:16,1481,person,0.9492,0.9495
2026-04-10 10:30:16,1482,person,0.9430,0.9458
2026-04-10 10:30:17,1483,person,0.9516,0.9510
2026-04-10 10:30:17,1484,person,0.9408,0.9445
2026-04-10 10:30:17,1485,person,0.9473,0.9484
2026-04-10 10:30:18,1486,person,0.9569,0.9542
2026-04-10 10:30:18,1487,person,0.9250,0.9350
2026-04-10 10:30:18,1488,person,0.9520,0.9512
2026-04-10 10:30:19,1489,person,0.9512,0.9507
2026-04-10 10:30:19,1490,person,0.9365,0.9419
2026-04-10 10:30:19,1491,person,0.9440,0.9464
2026-04-10 10:30:20,1492,person,0.9496,0.9497
2026-04-10 10:30:20,1493,person,0.9390,0.9434
2026-04-10 10:30:20,1494,person,0.9543,0.9526
2026-04-10 10:30:21,1495,person,0.9556,0.9534
2026-04-10 10:30:21,1496,person,0.9521,0.9512
2026-04-10 10:30:21,1497,person,0.9518,0.9511
2026-04-10 10:30:22,1498,person,0.9543,0.9526
2026-04-10 10:30:22,1499,person,0.9475,0.9485
2026-04-10 10:30:22,1500,person,0.9502,0.9501
2026-04-10 10:30:23,1501,person,0.9413,0.9448
2026-04-10 10:30:23,1502,person,0.9514,0.9508
2026-04-10 10:30:23,1503,person,0.9484,0.9490
2026-04-10 10:30:24,1504,person,0.9652,0.9591
2026-04-10 10:30:24,1505,person,0.9598,0.9559
2026-04-10 10:30:24,1506,person,0.9612,0.9567
2026-04-10 10:30:25,1507,person,0.9406,0.9444
2026-04-10 10:30:25,1508,person,0.9511,0.9507
2026-04-10 10:30:25,1509,person,0.9447,0.9468
2026-04-10 10:30:26,1510,person,0.9541,0.9525
2026-04-10 10:30:26,1511,person,0.9573,0.9544
2026-04-10 10:30:26,1512,person,0.9602,0.9561
2026-04-10 10:30:27,1513,person,0.9534,0.9520
2026-04-10 10:30:27,1514,person,0.9555,0.9533
2026-04-10 10:30:27,1515,person,0.9477,0.9486
2026-04-10 10:30:28,1516,person,0.9441,0.9464
2026-04-10 10:30:28,1517,person,0.9452,0.9471
2026-04-10 10:30:28,1518,person,0.8694,0.9017
2026-04-10 10:30:29,1519,person,0.5466,0.7080
2026-04-10 10:30:29,1520,person,0.9150,0.9290
2026-04-10 10:30:29,1521,person,0.9092,0.9255
2026-04-10 10:30:30,1522,person,0.9371,0.9422
2026-04-10 10:30:30,1523,person,0.8872,0.9123
2026-04-10 10:30:30,1524,person,0.8327,0.8796
2026-04-10 10:30:31,1525,person,0.7335,0.8201
2026-04-10 10:30:31,1526,person,0.7977,0.8586
2026-04-10 10:30:31,1527,person,0.8687,0.9012
2026-04-10 10:30:32,1528,chair,0.8524,0.7514
2026-04-10 10:30:32,1529,person,0.8066,0.8640
2026-04-10 10:30:32,1530,person,0.7237,0.8142
2026-04-10 10:30:33,1531,chair,0.8808,0.7685
2026-04-10 10:30:33,1532,person,0.8915,0.9149
2026-04-10 10:30:33,1533,person,0.7483,0.8290
2026-04-10 10:30:34,1534,person,0.8398,0.8839
2026-04-10 10:30:34,1535,person,0.9107,0.9264
2026-04-10 10:30:34,1536,person,0.8910,0.9146
2026-04-10 10:30:35,1537,person,0.9296,0.9378
2026-04-10 10:30:35,1538,person,0.8998,0.9199
2026-04-10 10:30:36,1539,person,0.8975,0.9185
2026-04-10 10:30:36,1540,person,0.9173,0.9304
2026-04-10 10:30:36,1541,person,0.6983,0.7990
2026-04-10 10:30:37,1542,chair,0.8427,0.7456
2026-04-10 10:30:37,1543,chair,0.8837,0.7702
2026-04-10 10:30:38,1544,chair,0.9083,0.7850
2026-04-10 10:30:38,1545,person,0.6852,0.7911
2026-04-10 10:30:38,1546,chair,0.9162,0.7897
2026-04-10 10:30:39,1547,chair,0.9135,0.7881
2026-04-10 10:30:39,1548,chair,0.9064,0.7839
2026-04-10 10:30:39,1549,chair,0.9156,0.7893
2026-04-10 10:30:40,1550,chair,0.9190,0.7914
2026-04-10 10:30:40,1551,chair,0.9174,0.7904
2026-04-10 10:30:40,1552,chair,0.9130,0.7878
2026-04-10 10:30:41,1553,chair,0.9180,0.7908
2026-04-10 10:30:41,1554,chair,0.9152,0.7891
2026-04-10 10:30:41,1555,chair,0.9126,0.7875
2026-04-10 10:30:42,1556,chair,0.9171,0.7903
2026-04-10 10:30:42,1557,chair,0.9188,0.7913
2026-04-10 10:30:42,1558,chair,0.9129,0.7878
2026-04-10 10:30:43,1559,chair,0.9127,0.7876
2026-04-10 10:30:43,1560,chair,0.9124,0.7874
2026-04-10 10:30:43,1561,chair,0.9138,0.7883
2026-04-10 10:30:44,1562,chair,0.9152,0.7891
2026-04-10 10:30:44,1563,chair,0.9169,0.7901
2026-04-10 10:30:44,1564,chair,0.9098,0.7859
2026-04-10 10:30:45,1565,chair,0.9182,0.7909
2026-04-10 10:30:45,1566,chair,0.9196,0.7918
2026-04-10 10:30:45,1567,chair,0.9168,0.7901
2026-04-10 10:30:46,1568,chair,0.9162,0.7897
2026-04-10 10:30:46,1569,chair,0.9204,0.7923
2026-04-10 10:30:46,1570,chair,0.9110,0.7866
2026-04-10 10:30:47,1571,chair,0.9189,0.7913
2026-04-10 10:30:47,1572,chair,0.9096,0.7858
2026-04-10 10:30:47,1573,chair,0.9173,0.7904
2026-04-10 10:30:48,1574,chair,0.9121,0.7873
2026-04-10 10:30:48,1575,chair,0.9185,0.7911
2026-04-10 10:30:48,1576,chair,0.9181,0.7908
2026-04-10 10:30:48,1577,chair,0.9173,0.7904
2026-04-10 10:30:49,1578,chair,0.9135,0.7881
2026-04-10 10:30:49,1579,chair,0.9117,0.7870
2026-04-10 10:30:49,1580,chair,0.9133,0.7880
2026-04-10 10:30:50,1581,chair,0.9145,0.7887
2026-04-10 10:30:50,1582,chair,0.9144,0.7886
2026-04-10 10:30:50,1583,chair,0.9156,0.7894
2026-04-10 10:30:51,1584,chair,0.9118,0.7871
2026-04-10 10:30:51,1585,chair,0.9060,0.7836
2026-04-10 10:30:51,1586,chair,0.9135,0.7881
2026-04-10 10:30:52,1587,chair,0.9124,0.7874
2026-04-10 10:30:52,1588,chair,0.9182,0.7909
2026-04-10 10:30:52,1589,chair,0.9205,0.7923
2026-04-10 10:30:53,1590,chair,0.9132,0.7879
2026-04-10 10:30:53,1591,chair,0.9134,0.7880
2026-04-10 10:30:53,1592,chair,0.9135,0.7881
2026-04-10 10:30:54,1593,chair,0.9152,0.7891
2026-04-10 10:30:54,1594,chair,0.9142,0.7885
2026-04-10 10:30:54,1595,chair,0.9155,0.7893
2026-04-10 10:30:55,1596,chair,0.9147,0.7888
2026-04-10 10:30:55,1597,chair,0.9129,0.7877
2026-04-10 10:30:55,1598,chair,0.9204,0.7922
2026-04-10 10:30:56,1599,chair,0.9077,0.7846
2026-04-10 10:30:56,1600,person,0.9345,0.9407
2026-04-10 10:30:57,1601,person,0.8436,0.8862
2026-04-10 10:30:57,1602,chair,0.9168,0.7901
2026-04-10 10:30:57,1603,chair,0.9174,0.7905
2026-04-10 10:30:58,1604,chair,0.9193,0.7916
2026-04-10 10:30:58,1605,chair,0.9140,0.7884
2026-04-10 10:30:58,1606,chair,0.9153,0.7892
2026-04-10 10:30:59,1607,chair,0.9135,0.7881
2026-04-10 10:30:59,1608,chair,0.9177,0.7906
2026-04-10 10:30:59,1609,chair,0.9130,0.7878
2026-04-10 10:31:00,1610,chair,0.9212,0.7927
2026-04-10 10:31:00,1611,chair,0.9139,0.7883
2026-04-10 10:31:00,1612,chair,0.9084,0.7851
2026-04-10 10:31:01,1613,person,0.7221,0.8133
2026-04-10 10:31:01,1614,person,0.8073,0.8644
2026-04-10 10:31:01,1615,person,0.8253,0.8752
2026-04-10 10:31:02,1616,person,0.8128,0.8677
2026-04-10 10:31:02,1617,person,0.8348,0.8809
2026-04-10 10:31:02,1618,person,0.8332,0.8799
2026-04-10 10:31:03,1619,person,0.7733,0.8440
2026-04-10 10:31:03,1620,chair,0.9091,0.7855
2026-04-10 10:31:03,1621,chair,0.9205,0.7923
2026-04-10 10:31:04,1622,person,0.7226,0.8136
2026-04-10 10:31:04,1623,person,0.6931,0.7958
2026-04-10 10:31:04,1624,person,0.7301,0.8181
2026-04-10 10:31:05,1625,person,0.7656,0.8393
2026-04-10 10:31:05,1626,person,0.7764,0.8459
2026-04-10 10:31:05,1627,chair,0.9120,0.7872
2026-04-10 10:31:06,1628,person,0.7753,0.8452
2026-04-10 10:31:06,1629,person,0.7537,0.8322
2026-04-10 10:31:06,1630,person,0.6895,0.7937
2026-04-10 10:31:07,1631,chair,0.9173,0.7904
2026-04-10 10:31:07,1632,person,0.6998,0.7999
2026-04-10 10:31:07,1633,chair,0.9145,0.7887
2026-04-10 10:31:08,1634,chair,0.9169,0.7901
2026-04-10 10:31:08,1635,chair,0.9164,0.7899
2026-04-10 10:31:08,1636,chair,0.9157,0.7894
2026-04-10 10:31:09,1637,person,0.7394,0.8236
2026-04-10 10:31:09,1638,person,0.6965,0.7979
2026-04-10 10:31:09,1639,chair,0.9137,0.7882
2026-04-10 10:31:10,1640,person,0.7002,0.8001
2026-04-10 10:31:10,1641,chair,0.8862,0.7717
2026-04-10 10:31:10,1642,person,0.7853,0.8512
2026-04-10 10:31:11,1643,chair,0.9107,0.7864
2026-04-10 10:31:11,1644,person,0.7841,0.8505
2026-04-10 10:31:11,1645,chair,0.9131,0.7879
2026-04-10 10:31:12,1646,chair,0.9153,0.7892
2026-04-10 10:31:12,1647,person,0.6881,0.7929
2026-04-10 10:31:12,1648,person,0.7221,0.8133
2026-04-10 10:31:13,1649,chair,0.9141,0.7885
2026-04-10 10:31:13,1650,chair,0.9150,0.7890
2026-04-10 10:31:13,1651,chair,0.9113,0.7868
2026-04-10 10:31:14,1652,chair,0.9155,0.7893
2026-04-10 10:31:14,1653,chair,0.9119,0.7872
2026-04-10 10:31:14,1654,chair,0.9154,0.7892
2026-04-10 10:31:15,1655,chair,0.9135,0.7881
2026-04-10 10:31:15,1656,chair,0.9191,0.7915
2026-04-10 10:31:16,1657,chair,0.9120,0.7872
2026-04-10 10:31:16,1658,chair,0.9157,0.7894
2026-04-10 10:31:16,1659,person,0.7027,0.8016
2026-04-10 10:31:17,1660,chair,0.9171,0.7903
2026-04-10 10:31:17,1661,chair,0.9219,0.7931
2026-04-10 10:31:17,1662,chair,0.9119,0.7871
2026-04-10 10:31:18,1663,chair,0.9142,0.7885
2026-04-10 10:31:18,1664,chair,0.9118,0.7871
2026-04-10 10:31:18,1665,chair,0.9081,0.7848
2026-04-10 10:31:19,1666,person,0.7303,0.8182
2026-04-10 10:31:19,1667,chair,0.9154,0.7893
2026-04-10 10:31:19,1668,chair,0.9194,0.7916
2026-04-10 10:31:20,1669,chair,0.9169,0.7901
2026-04-10 10:31:20,1670,person,0.8739,0.9043
2026-04-10 10:31:20,1671,person,0.8764,0.9058
2026-04-10 10:31:21,1672,person,0.8974,0.9184
2026-04-10 10:31:21,1673,person,0.9021,0.9213
2026-04-10 10:31:21,1674,person,0.8441,0.8864
2026-04-10 10:31:22,1675,person,0.8924,0.9154
2026-04-10 10:31:22,1676,person,0.8894,0.9136
2026-04-10 10:31:22,1677,person,0.8185,0.8711
2026-04-10 10:31:23,1678,person,0.7775,0.8465
2026-04-10 10:31:23,1679,chair,0.9117,0.7870
2026-04-10 10:31:23,1680,person,0.7209,0.8125
2026-04-10 10:31:24,1681,chair,0.9168,0.7901
2026-04-10 10:31:24,1682,chair,0.9163,0.7898
2026-04-10 10:31:24,1683,chair,0.9135,0.7881
2026-04-10 10:31:25,1684,chair,0.9147,0.7888
2026-04-10 10:31:25,1685,chair,0.9148,0.7889
2026-04-10 10:31:26,1686,chair,0.9177,0.7906
2026-04-10 10:31:26,1687,chair,0.9109,0.7865
2026-04-10 10:31:26,1688,person,0.8718,0.9031
2026-04-10 10:31:27,1689,person,0.9036,0.9222
2026-04-10 10:31:27,1690,person,0.8835,0.9101
2026-04-10 10:31:27,1691,person,0.9129,0.9277
2026-04-10 10:31:28,1692,person,0.9195,0.9317
2026-04-10 10:31:28,1693,person,0.9174,0.9305
2026-04-10 10:31:28,1694,person,0.9032,0.9219
2026-04-10 10:31:29,1695,person,0.8695,0.9017
2026-04-10 10:31:29,1696,person,0.8840,0.9104
2026-04-10 10:31:29,1697,person,0.9218,0.9331
2026-04-10 10:31:30,1698,person,0.9072,0.9243
2026-04-10 10:31:30,1699,chair,0.9156,0.7893
2026-04-10 10:31:30,1700,person,0.9115,0.9269
2026-04-10 10:31:31,1701,person,0.8741,0.9045
2026-04-10 10:31:31,1702,person,0.8329,0.8797
2026-04-10 10:31:31,1703,person,0.7350,0.8210
2026-04-10 10:31:32,1704,person,0.9099,0.9259
2026-04-10 10:31:32,1705,person,0.8911,0.9147
2026-04-10 10:31:32,1706,chair,0.9144,0.7887
2026-04-10 10:31:33,1707,chair,0.9116,0.7870
2026-04-10 10:31:33,1708,person,0.7571,0.8343
2026-04-10 10:31:33,1709,person,0.7720,0.8432
2026-04-10 10:31:34,1710,person,0.7857,0.8514
2026-04-10 10:31:34,1711,person,0.8090,0.8654
2026-04-10 10:31:34,1712,chair,0.9161,0.7897
2026-04-10 10:31:35,1713,chair,0.9170,0.7902
2026-04-10 10:31:35,1714,chair,0.9198,0.7919
2026-04-10 10:31:35,1715,chair,0.9088,0.7853
2026-04-10 10:31:36,1716,chair,0.9166,0.7899
2026-04-10 10:31:36,1717,chair,0.9162,0.7897
2026-04-10 10:31:36,1718,chair,0.9178,0.7907
2026-04-10 10:31:37,1719,chair,0.9201,0.7921
2026-04-10 10:31:37,1720,chair,0.9166,0.7900
2026-04-10 10:31:37,1721,person,0.7736,0.8442
2026-04-10 10:31:38,1722,person,0.6955,0.7973
2026-04-10 10:31:38,1723,person,0.7727,0.8436
2026-04-10 10:31:38,1724,person,0.7260,0.8156
2026-04-10 10:31:39,1725,chair,0.9136,0.7881
2026-04-10 10:31:39,1726,person,0.7237,0.8142
2026-04-10 10:31:39,1727,person,0.7001,0.8000
2026-04-10 10:31:40,1728,chair,0.9218,0.7931
2026-04-10 10:31:40,1729,person,0.6928,0.7957
2026-04-10 10:31:40,1730,chair,0.9152,0.7891
2026-04-10 10:31:41,1731,chair,0.9167,0.7900
2026-04-10 10:31:41,1732,person,0.7114,0.8068
2026-04-10 10:31:41,1733,chair,0.9141,0.7885
2026-04-10 10:31:42,1734,chair,0.9182,0.7909
2026-04-10 10:31:42,1735,chair,0.9104,0.7863
2026-04-10 10:31:42,1736,person,0.7100,0.8060
2026-04-10 10:31:43,1737,chair,0.9176,0.7906
2026-04-10 10:31:43,1738,chair,0.9147,0.7888
2026-04-10 10:31:43,1739,chair,0.9109,0.7865
2026-04-10 10:31:44,1740,chair,0.9172,0.7903
2026-04-10 10:31:44,1741,person,0.7137,0.8082
2026-04-10 10:31:45,1742,chair,0.9160,0.7896
2026-04-10 10:31:45,1743,chair,0.9137,0.7882
2026-04-10 10:31:45,1744,chair,0.9195,0.7917
2026-04-10 10:31:46,1745,person,0.7533,0.8320
2026-04-10 10:31:46,1746,chair,0.9152,0.7891
2026-04-10 10:31:46,1747,chair,0.9163,0.7898
2026-04-10 10:31:47,1748,chair,0.9147,0.7888
2026-04-10 10:31:47,1749,chair,0.9151,0.7891
2026-04-10 10:31:48,1750,chair,0.9150,0.7890
2026-04-10 10:31:48,1751,chair,0.9150,0.7890
2026-04-10 10:31:48,1752,chair,0.9206,0.7924
2026-04-10 10:31:49,1753,chair,0.9129,0.7877
2026-04-10 10:31:49,1754,chair,0.9134,0.7880
2026-04-10 10:31:49,1755,chair,0.9115,0.7869
2026-04-10 10:31:50,1756,chair,0.9144,0.7886
2026-04-10 10:31:50,1757,chair,0.9182,0.7909
2026-04-10 10:31:50,1758,chair,0.9178,0.7907
2026-04-10 10:31:51,1759,person,0.6816,0.7890
2026-04-10 10:31:51,1760,chair,0.9135,0.7881
2026-04-10 10:31:51,1761,chair,0.9169,0.7901
2026-04-10 10:31:52,1762,person,0.7506,0.8304
2026-04-10 10:31:52,1763,chair,0.9179,0.7907
2026-04-10 10:31:52,1764,chair,0.9063,0.7838
2026-04-10 10:31:53,1765,chair,0.9182,0.7909
2026-04-10 10:31:54,1766,chair,0.9203,0.7922
2026-04-10 10:31:54,1767,chair,0.9156,0.7894
2026-04-10 10:31:55,1768,chair,0.9138,0.7883
2026-04-10 10:31:55,1769,chair,0.9210,0.7926
2026-04-10 10:31:55,1770,chair,0.9165,0.7899
2026-04-10 10:31:56,1771,chair,0.9138,0.7883
2026-04-10 10:31:56,1772,chair,0.9190,0.7914
2026-04-10 10:31:57,1773,chair,0.9189,0.7913
2026-04-10 10:31:57,1774,chair,0.9152,0.7891
2026-04-10 10:31:58,1775,person,0.8459,0.8875
2026-04-10 10:31:58,1776,person,0.8253,0.8752
2026-04-10 10:31:58,1777,chair,0.9164,0.7898
2026-04-10 10:31:59,1778,person,0.7366,0.8220
2026-04-10 10:31:59,1779,person,0.7652,0.8391
2026-04-10 10:31:59,1780,person,0.7067,0.8040
2026-04-10 10:32:00,1781,chair,0.9155,0.7893
2026-04-10 10:32:00,1782,person,0.7297,0.8178
2026-04-10 10:32:01,1783,person,0.7459,0.8275
2026-04-10 10:32:01,1784,person,0.7602,0.8361
2026-04-10 10:32:01,1785,person,0.6911,0.7946
2026-04-10 10:32:02,1786,chair,0.9152,0.7891
2026-04-10 10:32:02,1787,chair,0.9151,0.7891
2026-04-10 10:32:03,1788,person,0.7258,0.8155
2026-04-10 10:32:03,1789,person,0.7549,0.8330
2026-04-10 10:32:03,1790,person,0.7754,0.8452
2026-04-10 10:32:04,1791,person,0.7408,0.8245
2026-04-10 10:32:04,1792,person,0.8165,0.8699
2026-04-10 10:32:04,1793,person,0.7072,0.8043
2026-04-10 10:32:05,1794,person,0.7657,0.8394
2026-04-10 10:32:05,1795,person,0.8415,0.8849
2026-04-10 10:32:06,1796,person,0.8201,0.8721
2026-04-10 10:32:06,1797,person,0.8160,0.8696
2026-04-10 10:32:06,1798,chair,0.9168,0.7901
2026-04-10 10:32:07,1799,person,0.7443,0.8266
2026-04-10 10:32:07,1800,person,0.7603,0.8362
2026-04-10 10:32:08,1801,person,0.7504,0.8303
2026-04-10 10:32:08,1802,person,0.7051,0.8031
2026-04-10 10:32:08,1803,person,0.7761,0.8457
2026-04-10 10:32:09,1804,person,0.8006,0.8604
2026-04-10 10:32:09,1805,person,0.7742,0.8445
2026-04-10 10:32:09,1806,person,0.6960,0.7976
2026-04-10 10:32:10,1807,chair,0.9175,0.7905
2026-04-10 10:32:10,1808,person,0.8188,0.8713
2026-04-10 10:32:11,1809,person,0.6874,0.7924
2026-04-10 10:32:11,1810,person,0.6931,0.7959
2026-04-10 10:32:11,1811,person,0.7221,0.8133
2026-04-10 10:32:12,1812,person,0.7465,0.8279
2026-04-10 10:32:12,1813,chair,0.9172,0.7903
2026-04-10 10:32:12,1814,person,0.7244,0.8146
2026-04-10 10:32:13,1815,person,0.7239,0.8144
2026-04-10 10:32:13,1816,person,0.7672,0.8403
2026-04-10 10:32:14,1817,chair,0.9164,0.7898
2026-04-10 10:32:14,1818,chair,0.9186,0.7911
2026-04-10 10:32:14,1819,chair,0.9192,0.7915
2026-04-10 10:32:15,1820,person,0.7270,0.8162
2026-04-10 10:32:15,1821,chair,0.9047,0.7828
2026-04-10 10:32:16,1822,chair,0.9163,0.7898
2026-04-10 10:32:16,1823,chair,0.9169,0.7902
2026-04-10 10:32:16,1824,chair,0.9097,0.7858
2026-04-10 10:32:17,1825,person,0.7580,0.8348
2026-04-10 10:32:17,1826,chair,0.9056,0.7833
2026-04-10 10:32:18,1827,person,0.7353,0.8212
2026-04-10 10:32:18,1828,chair,0.9155,0.7893
2026-04-10 10:32:18,1829,chair,0.9134,0.7880
2026-04-10 10:32:19,1830,person,0.6878,0.7927
2026-04-10 10:32:19,1831,person,0.7030,0.8018
2026-04-10 10:32:19,1832,person,0.7619,0.8371
2026-04-10 10:32:20,1833,person,0.6895,0.7937
2026-04-10 10:32:20,1834,chair,0.9193,0.7916
2026-04-10 10:32:21,1835,chair,0.9156,0.7893
2026-04-10 10:32:21,1836,chair,0.9180,0.7908
2026-04-10 10:32:21,1837,chair,0.9114,0.7869
2026-04-10 10:32:22,1838,chair,0.9179,0.7907
2026-04-10 10:32:22,1839,chair,0.9132,0.7879
2026-04-10 10:32:23,1840,person,0.7550,0.8330
2026-04-10 10:32:23,1841,person,0.7163,0.8098
2026-04-10 10:32:23,1842,person,0.7135,0.8081
2026-04-10 10:32:24,1843,chair,0.9175,0.7905
2026-04-10 10:32:24,1844,chair,0.9170,0.7902
2026-04-10 10:32:25,1845,chair,0.9181,0.7909
2026-04-10 10:32:25,1846,person,0.6930,0.7958
2026-04-10 10:32:25,1847,chair,0.9174,0.7905
2026-04-10 10:32:26,1848,chair,0.9153,0.7892
2026-04-10 10:32:26,1849,chair,0.9114,0.7869
2026-04-10 10:32:27,1850,chair,0.9190,0.7914
2026-04-10 10:32:27,1851,person,0.7239,0.8143
2026-04-10 10:32:27,1852,chair,0.9160,0.7896
2026-04-10 10:32:28,1853,person,0.6845,0.7907
2026-04-10 10:32:28,1854,person,0.7326,0.8196
2026-04-10 10:32:28,1855,person,0.7956,0.8574
2026-04-10 10:32:29,1856,person,0.7793,0.8476
2026-04-10 10:32:29,1857,person,0.9033,0.9220
2026-04-10 10:32:29,1858,chair,0.8309,0.7385
2026-04-10 10:32:30,1859,person,0.6241,0.7545
2026-04-10 10:32:30,1860,chair,0.9133,0.7880
2026-04-10 10:32:30,1861,chair,0.9143,0.7886
2026-04-10 10:32:31,1862,chair,0.9182,0.7909
2026-04-10 10:32:31,1863,person,0.6792,0.7875
2026-04-10 10:32:32,1864,chair,0.9174,0.7904
2026-04-10 10:32:32,1865,chair,0.9130,0.7878
2026-04-10 10:32:32,1866,person,0.7173,0.8104
2026-04-10 10:32:33,1867,chair,0.9162,0.7897
2026-04-10 10:32:33,1868,person,0.6919,0.7951
2026-04-10 10:32:33,1869,chair,0.9170,0.7902
2026-04-10 10:32:34,1870,chair,0.9173,0.7904
2026-04-10 10:32:34,1871,person,0.6801,0.7881
2026-04-10 10:32:34,1872,chair,0.9156,0.7894
2026-04-10 10:32:35,1873,person,0.7444,0.8267
2026-04-10 10:32:35,1874,chair,0.9192,0.7915
2026-04-10 10:32:35,1875,chair,0.9134,0.7880
2026-04-10 10:32:36,1876,person,0.6919,0.7951
2026-04-10 10:32:36,1877,chair,0.9121,0.7872
2026-04-10 10:32:36,1878,chair,0.9145,0.7887
2026-04-10 10:32:37,1879,chair,0.9119,0.7871
2026-04-10 10:32:37,1880,chair,0.9115,0.7869
2026-04-10 10:32:37,1881,chair,0.9215,0.7929
2026-04-10 10:32:38,1882,chair,0.9143,0.7886
2026-04-10 10:32:38,1883,chair,0.9127,0.7876
2026-04-10 10:32:38,1884,chair,0.9179,0.7907
2026-04-10 10:32:39,1885,chair,0.9155,0.7893
2026-04-10 10:32:39,1886,chair,0.9156,0.7894
2026-04-10 10:32:39,1887,chair,0.9161,0.7896
2026-04-10 10:32:40,1888,chair,0.9143,0.7886
2026-04-10 10:32:40,1889,chair,0.9174,0.7904
2026-04-10 10:32:40,1890,chair,0.9106,0.7864
2026-04-10 10:32:41,1891,chair,0.9156,0.7893
2026-04-10 10:32:41,1892,chair,0.9138,0.7883
2026-04-10 10:32:41,1893,chair,0.9173,0.7904
2026-04-10 10:32:42,1894,chair,0.9139,0.7883
2026-04-10 10:32:42,1895,chair,0.9144,0.7886
2026-04-10 10:32:42,1896,chair,0.9192,0.7915
2026-04-10 10:32:43,1897,chair,0.9137,0.7882
2026-04-10 10:32:43,1898,chair,0.9135,0.7881
2026-04-10 10:32:43,1899,chair,0.9122,0.7873
2026-04-10 10:32:44,1900,chair,0.9125,0.7875
2026-04-10 10:32:44,1901,chair,0.9159,0.7896
2026-04-10 10:32:44,1902,chair,0.9108,0.7865
2026-04-10 10:32:45,1903,chair,0.9212,0.7927
2026-04-10 10:32:45,1904,chair,0.9166,0.7900
2026-04-10 10:32:45,1905,chair,0.9146,0.7887
2026-04-10 10:32:46,1906,chair,0.9161,0.7897
2026-04-10 10:32:46,1907,chair,0.9146,0.7887
2026-04-10 10:32:46,1908,chair,0.9165,0.7899
2026-04-10 10:32:47,1909,chair,0.9170,0.7902
2026-04-10 10:32:47,1910,chair,0.9143,0.7886
2026-04-10 10:32:47,1911,chair,0.9143,0.7886
2026-04-10 10:32:48,1912,chair,0.9132,0.7879
2026-04-10 10:32:48,1913,chair,0.9182,0.7909
2026-04-10 10:32:48,1914,chair,0.9144,0.7887
2026-04-10 10:32:49,1915,chair,0.9148,0.7889
2026-04-10 10:32:49,1916,chair,0.9155,0.7893
2026-04-10 10:32:49,1917,chair,0.9194,0.7917
2026-04-10 10:32:50,1918,chair,0.9148,0.7889
2026-04-10 10:32:50,1919,chair,0.9132,0.7879
2026-04-10 10:32:51,1920,chair,0.9125,0.7875
2026-04-10 10:32:51,1921,chair,0.9127,0.7876
2026-04-10 10:32:51,1922,chair,0.9192,0.7915
2026-04-10 10:32:51,1923,chair,0.9141,0.7885
2026-04-10 10:32:52,1924,chair,0.9193,0.7916
2026-04-10 10:32:52,1925,chair,0.9120,0.7872
2026-04-10 10:32:52,1926,chair,0.9155,0.7893
2026-04-10 10:32:53,1927,chair,0.9147,0.7888
2026-04-10 10:32:53,1928,chair,0.9162,0.7897
2026-04-10 10:32:54,1929,chair,0.9161,0.7897
2026-04-10 10:32:54,1930,chair,0.9144,0.7887
2026-04-10 10:32:54,1931,chair,0.9148,0.7889
2026-04-10 10:32:55,1932,chair,0.9172,0.7903
2026-04-10 10:32:55,1933,chair,0.9150,0.7890
2026-04-10 10:32:55,1934,chair,0.9182,0.7909
2026-04-10 10:32:56,1935,chair,0.9124,0.7875
2026-04-10 10:32:56,1936,chair,0.9138,0.7883
2026-04-10 10:32:56,1937,chair,0.9144,0.7887
2026-04-10 10:32:57,1938,chair,0.9115,0.7869
2026-04-10 10:32:57,1939,chair,0.9155,0.7893
2026-04-10 10:32:57,1940,chair,0.9126,0.7876
2026-04-10 10:32:58,1941,chair,0.9121,0.7873
2026-04-10 10:32:58,1942,chair,0.9091,0.7854
2026-04-10 10:32:58,1943,chair,0.9166,0.7899
2026-04-10 10:32:59,1944,chair,0.9154,0.7893
2026-04-10 10:32:59,1945,chair,0.9144,0.7887
2026-04-10 10:32:59,1946,chair,0.9168,0.7901
2026-04-10 10:33:00,1947,chair,0.9125,0.7875
2026-04-10 10:33:00,1948,chair,0.9146,0.7888
2026-04-10 10:33:00,1949,chair,0.9158,0.7895
2026-04-10 10:33:01,1950,chair,0.9157,0.7894
2026-04-10 10:33:01,1951,chair,0.9173,0.7904
2026-04-10 10:33:01,1952,chair,0.9088,0.7853
2026-04-10 10:33:02,1953,chair,0.9111,0.7867
2026-04-10 10:33:02,1954,chair,0.9181,0.7909
2026-04-10 10:33:02,1955,chair,0.9165,0.7899
2026-04-10 10:33:03,1956,chair,0.9145,0.7887
2026-04-10 10:33:03,1957,chair,0.9139,0.7883
2026-04-10 10:33:03,1958,chair,0.9156,0.7893
2026-04-10 10:33:04,1959,chair,0.9119,0.7871
2026-04-10 10:33:04,1960,chair,0.9157,0.7894
2026-04-10 10:33:04,1961,chair,0.9145,0.7887
2026-04-10 10:33:05,1962,chair,0.9112,0.7867
2026-04-10 10:33:05,1963,chair,0.9180,0.7908
2026-04-10 10:33:05,1964,chair,0.9183,0.7910
2026-04-10 10:33:06,1965,chair,0.9124,0.7874
2026-04-10 10:33:06,1966,chair,0.9170,0.7902
2026-04-10 10:33:06,1967,chair,0.9169,0.7902
2026-04-10 10:33:06,1968,chair,0.9097,0.7858
2026-04-10 10:33:07,1969,chair,0.9187,0.7912
2026-04-10 10:33:07,1970,chair,0.9092,0.7855
2026-04-10 10:33:07,1971,chair,0.9101,0.7861
2026-04-10 10:33:08,1972,chair,0.9171,0.7903
2026-04-10 10:33:08,1973,chair,0.9175,0.7905
2026-04-10 10:33:08,1974,chair,0.9166,0.7900
2026-04-10 10:33:09,1975,chair,0.9146,0.7888
2026-04-10 10:33:09,1976,chair,0.9179,0.7907
2026-04-10 10:33:09,1977,chair,0.9104,0.7863
2026-04-10 10:33:10,1978,chair,0.9191,0.7915
2026-04-10 10:33:10,1979,chair,0.9103,0.7862
2026-04-10 10:33:10,1980,chair,0.9138,0.7883
2026-04-10 10:33:11,1981,chair,0.9160,0.7896
2026-04-10 10:33:11,1982,chair,0.9100,0.7860
2026-04-10 10:33:11,1983,chair,0.9159,0.7895
2026-04-10 10:33:12,1984,chair,0.9163,0.7898
2026-04-10 10:33:12,1985,chair,0.9149,0.7890
2026-04-10 10:33:12,1986,chair,0.9166,0.7900
2026-04-10 10:33:13,1987,chair,0.9165,0.7899
2026-04-10 10:33:13,1988,chair,0.9161,0.7897
2026-04-10 10:33:13,1989,chair,0.9117,0.7870
2026-04-10 10:33:14,1990,chair,0.9166,0.7900
2026-04-10 10:33:14,1991,chair,0.9166,0.7899
2026-04-10 10:33:14,1992,person,0.8057,0.8634
2026-04-10 10:33:15,1993,person,0.7136,0.8081
2026-04-10 10:33:15,1994,chair,0.9144,0.7887
2026-04-10 10:33:15,1995,person,0.7788,0.8473
2026-04-10 10:33:16,1996,person,0.7244,0.8146
2026-04-10 10:33:16,1997,person,0.7686,0.8412
2026-04-10 10:33:16,1998,person,0.7387,0.8232
2026-04-10 10:33:17,1999,person,0.6879,0.7927
2026-04-10 10:33:17,2000,person,0.7203,0.8122
2026-04-10 10:33:17,2001,chair,0.9142,0.7885
2026-04-10 10:33:18,2002,chair,0.9089,0.7853
2026-04-10 10:33:18,2003,chair,0.9076,0.7846
2026-04-10 10:33:18,2004,chair,0.9160,0.7896
2026-04-10 10:33:19,2005,chair,0.9151,0.7891
2026-04-10 10:33:19,2006,chair,0.9140,0.7884
2026-04-10 10:33:19,2007,chair,0.9147,0.7888
2026-04-10 10:33:20,2008,chair,0.9177,0.7906
2026-04-10 10:33:20,2009,chair,0.9186,0.7912
2026-04-10 10:33:20,2010,chair,0.9124,0.7874
2026-04-10 10:33:21,2011,chair,0.9144,0.7886
2026-04-10 10:33:21,2012,chair,0.9165,0.7899
2026-04-10 10:33:21,2013,chair,0.9171,0.7903
2026-04-10 10:33:22,2014,chair,0.9206,0.7924
2026-04-10 10:33:22,2015,chair,0.9146,0.7887
2026-04-10 10:33:22,2016,chair,0.9093,0.7856
2026-04-10 10:33:23,2017,chair,0.9146,0.7888
2026-04-10 10:33:23,2018,chair,0.9121,0.7872
2026-04-10 10:33:23,2019,chair,0.9191,0.7915
2026-04-10 10:33:24,2020,chair,0.9175,0.7905
2026-04-10 10:33:24,2021,chair,0.9154,0.7892
2026-04-10 10:33:24,2022,chair,0.9127,0.7876
2026-04-10 10:33:25,2023,chair,0.9182,0.7909
2026-04-10 10:33:25,2024,chair,0.9160,0.7896
2026-04-10 10:33:25,2025,chair,0.9174,0.7905
2026-04-10 10:33:26,2026,chair,0.9153,0.7892
2026-04-10 10:33:26,2027,chair,0.9172,0.7903
2026-04-10 10:33:26,2028,chair,0.9120,0.7872
2026-04-10 10:33:27,2029,chair,0.9178,0.7907
2026-04-10 10:33:27,2030,chair,0.9196,0.7918
2026-04-10 10:33:27,2031,chair,0.9126,0.7876
2026-04-10 10:33:28,2032,chair,0.9154,0.7892
2026-04-10 10:33:28,2033,chair,0.9196,0.7918
2026-04-10 10:33:28,2034,chair,0.9155,0.7893
2026-04-10 10:33:28,2035,chair,0.9166,0.7899
2026-04-10 10:33:29,2036,chair,0.9176,0.7905
2026-04-10 10:33:29,2037,chair,0.9176,0.7906
2026-04-10 10:33:29,2038,chair,0.9144,0.7886
2026-04-10 10:33:30,2039,chair,0.9185,0.7911
2026-04-10 10:33:30,2040,chair,0.9208,0.7925
2026-04-10 10:33:30,2041,chair,0.9125,0.7875
2026-04-10 10:33:31,2042,chair,0.9166,0.7900
2026-04-10 10:33:31,2043,chair,0.9104,0.7863
2026-04-10 10:33:31,2044,chair,0.9190,0.7914
2026-04-10 10:33:32,2045,chair,0.9158,0.7895
2026-04-10 10:33:32,2046,chair,0.9111,0.7867
2026-04-10 10:33:32,2047,chair,0.9199,0.7920
2026-04-10 10:33:33,2048,chair,0.9170,0.7902
2026-04-10 10:33:33,2049,chair,0.9193,0.7916
2026-04-10 10:33:33,2050,chair,0.9168,0.7901
2026-04-10 10:33:34,2051,chair,0.9203,0.7922
2026-04-10 10:33:34,2052,chair,0.9164,0.7899
2026-04-10 10:33:34,2053,chair,0.9222,0.7933
2026-04-10 10:33:35,2054,chair,0.9197,0.7918
2026-04-10 10:33:35,2055,person,0.7795,0.8477
2026-04-10 10:33:35,2056,person,0.8112,0.8667
2026-04-10 10:33:36,2057,person,0.7967,0.8580
2026-04-10 10:33:36,2058,person,0.7455,0.8273
2026-04-10 10:33:36,2059,person,0.7166,0.8099
2026-04-10 10:33:37,2060,person,0.6947,0.7968
2026-04-10 10:33:37,2061,chair,0.9170,0.7902
2026-04-10 10:33:37,2062,person,0.7126,0.8075
2026-04-10 10:33:38,2063,chair,0.9164,0.7899
2026-04-10 10:33:38,2064,chair,0.9147,0.7888
2026-04-10 10:33:38,2065,chair,0.9186,0.7911
2026-04-10 10:33:39,2066,chair,0.9148,0.7889
2026-04-10 10:33:39,2067,chair,0.9172,0.7903
2026-04-10 10:33:39,2068,chair,0.9197,0.7918
2026-04-10 10:33:40,2069,chair,0.9171,0.7903
2026-04-10 10:33:40,2070,chair,0.9171,0.7902
2026-04-10 10:33:40,2071,chair,0.9164,0.7899
2026-04-10 10:33:41,2072,chair,0.9148,0.7889
2026-04-10 10:33:41,2073,chair,0.9135,0.7881
2026-04-10 10:33:41,2074,chair,0.9133,0.7880
2026-04-10 10:33:42,2075,chair,0.9170,0.7902
2026-04-10 10:33:42,2076,chair,0.9165,0.7899
2026-04-10 10:33:42,2077,chair,0.9154,0.7892
2026-04-10 10:33:43,2078,chair,0.9139,0.7883
2026-04-10 10:33:43,2079,chair,0.9188,0.7913
2026-04-10 10:33:43,2080,chair,0.9104,0.7863
2026-04-10 10:33:44,2081,chair,0.9168,0.7901
2026-04-10 10:33:44,2082,chair,0.9154,0.7892
2026-04-10 10:33:44,2083,chair,0.9182,0.7909
2026-04-10 10:33:45,2084,chair,0.9116,0.7869
2026-04-10 10:33:45,2085,chair,0.9104,0.7862
2026-04-10 10:33:45,2086,chair,0.9154,0.7893
2026-04-10 10:33:46,2087,person,0.7466,0.8280
2026-04-10 10:33:46,2088,person,0.7407,0.8244
2026-04-10 10:33:46,2089,person,0.7294,0.8176
2026-04-10 10:33:47,2090,chair,0.9155,0.7893
2026-04-10 10:33:47,2091,chair,0.9181,0.7908
2026-04-10 10:33:47,2092,chair,0.9193,0.7916
2026-04-10 10:33:48,2093,chair,0.9138,0.7883
2026-04-10 10:33:48,2094,chair,0.9123,0.7874
2026-04-10 10:33:48,2095,chair,0.9189,0.7913
2026-04-10 10:33:49,2096,chair,0.9217,0.7930
2026-04-10 10:33:49,2097,chair,0.9131,0.7879
2026-04-10 10:33:49,2098,chair,0.9189,0.7913
2026-04-10 10:33:50,2099,chair,0.9146,0.7888
2026-04-10 10:33:50,2100,chair,0.9194,0.7916
2026-04-10 10:33:50,2101,chair,0.9152,0.7891
2026-04-10 10:33:51,2102,chair,0.9150,0.7890
2026-04-10 10:33:51,2103,chair,0.9191,0.7915
2026-04-10 10:33:51,2104,chair,0.9151,0.7891
2026-04-10 10:33:52,2105,chair,0.9167,0.7900
2026-04-10 10:33:52,2106,chair,0.9145,0.7887
2026-04-10 10:33:52,2107,chair,0.9172,0.7903
2026-04-10 10:33:53,2108,chair,0.9132,0.7879
2026-04-10 10:33:53,2109,chair,0.9148,0.7889
2026-04-10 10:33:53,2110,chair,0.9211,0.7927
2026-04-10 10:33:54,2111,chair,0.9190,0.7914
2026-04-10 10:33:54,2112,chair,0.9194,0.7917
2026-04-10 10:33:54,2113,chair,0.9141,0.7885
2026-04-10 10:33:55,2114,chair,0.9153,0.7892
2026-04-10 10:33:55,2115,chair,0.9154,0.7892
2026-04-10 10:33:55,2116,chair,0.9070,0.7842
2026-04-10 10:33:56,2117,chair,0.9114,0.7869
2026-04-10 10:33:56,2118,chair,0.9167,0.7900
2026-04-10 10:33:56,2119,chair,0.9149,0.7890
2026-04-10 10:33:57,2120,chair,0.9160,0.7896
2026-04-10 10:33:57,2121,chair,0.9186,0.7911
2026-04-10 10:33:57,2122,chair,0.9126,0.7876
2026-04-10 10:33:58,2123,chair,0.9122,0.7873
2026-04-10 10:33:58,2124,chair,0.9175,0.7905
2026-04-10 10:33:58,2125,chair,0.9165,0.7899
2026-04-10 10:33:59,2126,chair,0.9138,0.7883
2026-04-10 10:33:59,2127,chair,0.9155,0.7893
2026-04-10 10:33:59,2128,chair,0.9197,0.7918
2026-04-10 10:34:00,2129,chair,0.9170,0.7902
2026-04-10 10:34:00,2130,chair,0.9174,0.7904
2026-04-10 10:34:00,2131,chair,0.9207,0.7924
2026-04-10 10:34:01,2132,chair,0.9173,0.7904
2026-04-10 10:34:01,2133,chair,0.9175,0.7905
2026-04-10 10:34:01,2134,chair,0.9183,0.7910
2026-04-10 10:34:02,2135,chair,0.9166,0.7899
2026-04-10 10:34:02,2136,chair,0.9199,0.7920
2026-04-10 10:34:02,2137,chair,0.9220,0.7932
2026-04-10 10:34:03,2138,chair,0.9200,0.7920
2026-04-10 10:34:03,2139,chair,0.9204,0.7923
2026-04-10 10:34:03,2140,chair,0.9123,0.7874
2026-04-10 10:34:04,2141,chair,0.9195,0.7917
2026-04-10 10:34:04,2142,chair,0.9173,0.7904
2026-04-10 10:34:04,2143,chair,0.9151,0.7891
2026-04-10 10:34:05,2144,chair,0.9180,0.7908
2026-04-10 10:34:05,2145,chair,0.9113,0.7868
2026-04-10 10:34:05,2146,chair,0.9192,0.7915
2026-04-10 10:34:05,2147,chair,0.9160,0.7896
2026-04-10 10:34:06,2148,chair,0.9165,0.7899
2026-04-10 10:34:06,2149,chair,0.9198,0.7919
2026-04-10 10:34:06,2150,chair,0.9127,0.7876
2026-04-10 10:34:07,2151,chair,0.9182,0.7909
2026-04-10 10:34:07,2152,chair,0.9144,0.7886
2026-04-10 10:34:08,2153,chair,0.9159,0.7895
2026-04-10 10:34:08,2154,chair,0.9160,0.7896
2026-04-10 10:34:08,2155,chair,0.9159,0.7895
2026-04-10 10:34:09,2156,chair,0.9160,0.7896
2026-04-10 10:34:09,2157,chair,0.9152,0.7891
2026-04-10 10:34:09,2158,chair,0.9138,0.7883
2026-04-10 10:34:10,2159,chair,0.9186,0.7912
2026-04-10 10:34:10,2160,chair,0.9180,0.7908
2026-04-10 10:34:10,2161,chair,0.9210,0.7926
2026-04-10 10:34:11,2162,chair,0.9161,0.7897
2026-04-10 10:34:11,2163,chair,0.9119,0.7871
2026-04-10 10:34:11,2164,chair,0.9154,0.7892
2026-04-10 10:34:12,2165,chair,0.9135,0.7881
2026-04-10 10:34:12,2166,chair,0.9165,0.7899
2026-04-10 10:34:12,2167,chair,0.9175,0.7905
2026-04-10 10:34:13,2168,chair,0.9166,0.7900
2026-04-10 10:34:13,2169,chair,0.9156,0.7893
2026-04-10 10:34:13,2170,chair,0.9173,0.7904
2026-04-10 10:34:14,2171,chair,0.9214,0.7929
2026-04-10 10:34:14,2172,chair,0.9174,0.7904
2026-04-10 10:34:14,2173,chair,0.9196,0.7918
2026-04-10 10:34:15,2174,chair,0.9140,0.7884
2026-04-10 10:34:15,2175,chair,0.9185,0.7911
2026-04-10 10:34:15,2176,chair,0.9186,0.7912
2026-04-10 10:34:16,2177,chair,0.9155,0.7893
2026-04-10 10:34:16,2178,chair,0.9193,0.7916
2026-04-10 10:34:16,2179,chair,0.9152,0.7891
2026-04-10 10:34:17,2180,chair,0.9172,0.7903
2026-04-10 10:34:17,2181,chair,0.9142,0.7885
2026-04-10 10:34:17,2182,chair,0.9183,0.7910
2026-04-10 10:34:18,2183,chair,0.9168,0.7901
2026-04-10 10:34:18,2184,chair,0.9167,0.7900
2026-04-10 10:34:18,2185,chair,0.9167,0.7900
2026-04-10 10:34:19,2186,chair,0.9183,0.7910
2026-04-10 10:34:19,2187,chair,0.9163,0.7898
2026-04-10 10:34:20,2188,chair,0.9132,0.7879
2026-04-10 10:34:20,2189,chair,0.9170,0.7902
2026-04-10 10:34:20,2190,chair,0.9149,0.7889
2026-04-10 10:34:21,2191,chair,0.9214,0.7929
2026-04-10 10:34:21,2192,chair,0.9203,0.7922
2026-04-10 10:34:21,2193,chair,0.9143,0.7886
2026-04-10 10:34:22,2194,chair,0.9158,0.7895
2026-04-10 10:34:22,2195,chair,0.9161,0.7896
2026-04-10 10:34:22,2196,chair,0.9147,0.7888
2026-04-10 10:34:23,2197,chair,0.9174,0.7905
2026-04-10 10:34:23,2198,chair,0.9180,0.7908
2026-04-10 10:34:23,2199,chair,0.9145,0.7887
2026-04-10 10:34:24,2200,chair,0.9198,0.7919
2026-04-10 10:34:24,2201,chair,0.9148,0.7889
2026-04-10 10:34:24,2202,chair,0.9147,0.7888
2026-04-10 10:34:25,2203,chair,0.9120,0.7872
2026-04-10 10:34:25,2204,chair,0.9118,0.7871
2026-04-10 10:34:25,2205,chair,0.9135,0.7881
2026-04-10 10:34:26,2206,chair,0.9121,0.7873
2026-04-10 10:34:26,2207,chair,0.9146,0.7888
2026-04-10 10:34:26,2208,chair,0.9164,0.7898
2026-04-10 10:34:27,2209,chair,0.9171,0.7903
2026-04-10 10:34:27,2210,chair,0.9161,0.7896
2026-04-10 10:34:28,2211,chair,0.9139,0.7883
2026-04-10 10:34:28,2212,chair,0.9183,0.7910
2026-04-10 10:34:28,2213,chair,0.9189,0.7914
2026-04-10 10:34:28,2214,chair,0.9140,0.7884
2026-04-10 10:34:29,2215,chair,0.9206,0.7923
2026-04-10 10:34:29,2216,chair,0.9142,0.7885
2026-04-10 10:34:29,2217,chair,0.9149,0.7889
2026-04-10 10:34:30,2218,chair,0.9176,0.7906
2026-04-10 10:34:30,2219,chair,0.9152,0.7891
2026-04-10 10:34:31,2220,chair,0.9184,0.7910
2026-04-10 10:34:31,2221,chair,0.9209,0.7925
2026-04-10 10:34:31,2222,chair,0.9104,0.7863
2026-04-10 10:34:32,2223,chair,0.9168,0.7901
2026-04-10 10:34:32,2224,chair,0.9205,0.7923
2026-04-10 10:34:32,2225,person,0.8081,0.8648
2026-04-10 10:34:33,2226,chair,0.9215,0.7929
2026-04-10 10:34:33,2227,chair,0.9135,0.7881
2026-04-10 10:34:33,2228,chair,0.9136,0.7882
2026-04-10 10:34:34,2229,chair,0.9194,0.7916
2026-04-10 10:34:34,2230,chair,0.9133,0.7880
2026-04-10 10:34:34,2231,chair,0.9150,0.7890
2026-04-10 10:34:34,2232,chair,0.9152,0.7891
2026-04-10 10:34:35,2233,chair,0.9135,0.7881
2026-04-10 10:34:35,2234,chair,0.9158,0.7895
2026-04-10 10:34:35,2235,chair,0.9178,0.7907
2026-04-10 10:34:36,2236,chair,0.9196,0.7917
2026-04-10 10:34:36,2237,chair,0.9119,0.7872
2026-04-10 10:34:36,2238,chair,0.9096,0.7858
2026-04-10 10:34:37,2239,chair,0.9147,0.7888
2026-04-10 10:34:37,2240,chair,0.9179,0.7907
2026-04-10 10:34:37,2241,chair,0.9144,0.7886
2026-04-10 10:34:38,2242,chair,0.9157,0.7894
2026-04-10 10:34:38,2243,chair,0.9157,0.7894
2026-04-10 10:34:38,2244,chair,0.9174,0.7904
2026-04-10 10:34:39,2245,chair,0.9151,0.7890
2026-04-10 10:34:39,2246,chair,0.9184,0.7910
2026-04-10 10:34:39,2247,chair,0.9208,0.7925
2026-04-10 10:34:40,2248,chair,0.9171,0.7903
2026-04-10 10:34:40,2249,chair,0.9167,0.7900
2026-04-10 10:34:40,2250,chair,0.9164,0.7899
2026-04-10 10:34:41,2251,chair,0.9106,0.7864
2026-04-10 10:34:41,2252,chair,0.9163,0.7898
2026-04-10 10:34:41,2253,person,0.7769,0.8462
2026-04-10 10:34:42,2254,chair,0.9121,0.7873
2026-04-10 10:34:42,2255,chair,0.9183,0.7910
2026-04-10 10:34:42,2256,chair,0.9161,0.7896
2026-04-10 10:34:43,2257,chair,0.9124,0.7874
2026-04-10 10:34:43,2258,chair,0.9094,0.7856
2026-04-10 10:34:43,2259,chair,0.9152,0.7891
2026-04-10 10:34:44,2260,chair,0.9119,0.7872
2026-04-10 10:34:44,2261,person,0.6897,0.7938
2026-04-10 10:34:44,2262,chair,0.9130,0.7878
2026-04-10 10:34:45,2263,chair,0.9162,0.7897
2026-04-10 10:34:45,2264,chair,0.9163,0.7898
2026-04-10 10:34:45,2265,chair,0.9174,0.7904
2026-04-10 10:34:46,2266,chair,0.9166,0.7900
2026-04-10 10:34:46,2267,person,0.6866,0.7920
2026-04-10 10:34:46,2268,chair,0.9153,0.7892
2026-04-10 10:34:47,2269,chair,0.9133,0.7880
2026-04-10 10:34:47,2270,chair,0.9180,0.7908
2026-04-10 10:34:47,2271,chair,0.9146,0.7888
2026-04-10 10:34:48,2272,chair,0.9170,0.7902
2026-04-10 10:34:48,2273,chair,0.9158,0.7895
2026-04-10 10:34:48,2274,chair,0.9174,0.7905
2026-04-10 10:34:49,2275,chair,0.9142,0.7885
2026-04-10 10:34:49,2276,chair,0.9145,0.7887
2026-04-10 10:34:49,2277,person,0.7073,0.8044
2026-04-10 10:34:50,2278,chair,0.9140,0.7884
2026-04-10 10:34:50,2279,chair,0.9200,0.7920
2026-04-10 10:34:50,2280,chair,0.9144,0.7887
2026-04-10 10:34:51,2281,chair,0.9167,0.7900
2026-04-10 10:34:51,2282,chair,0.9185,0.7911
2026-04-10 10:34:51,2283,chair,0.9197,0.7918
2026-04-10 10:34:52,2284,chair,0.9188,0.7913
2026-04-10 10:34:52,2285,chair,0.9226,0.7935
2026-04-10 10:34:52,2286,chair,0.9238,0.7943
2026-04-10 10:34:53,2287,chair,0.9122,0.7873
2026-04-10 10:34:53,2288,chair,0.9254,0.7952
2026-04-10 10:34:53,2289,chair,0.9153,0.7892
2026-04-10 10:34:54,2290,chair,0.9158,0.7895
2026-04-10 10:34:54,2291,chair,0.9126,0.7876
2026-04-10 10:34:54,2292,chair,0.9109,0.7865
2026-04-10 10:34:55,2293,chair,0.9152,0.7891
2026-04-10 10:34:55,2294,chair,0.9192,0.7915
2026-04-10 10:34:56,2295,chair,0.9162,0.7897
2026-04-10 10:34:56,2296,chair,0.9174,0.7904
2026-04-10 10:34:56,2297,chair,0.9206,0.7924
2026-04-10 10:34:57,2298,chair,0.9141,0.7884
2026-04-10 10:34:57,2299,chair,0.9126,0.7876
2026-04-10 10:34:58,2300,chair,0.9177,0.7906
2026-04-10 10:34:58,2301,chair,0.9187,0.7912
2026-04-10 10:34:58,2302,chair,0.9193,0.7916
2026-04-10 10:34:59,2303,chair,0.9177,0.7906
2026-04-10 10:34:59,2304,chair,0.9184,0.7910
2026-04-10 10:34:59,2305,chair,0.9156,0.7894
2026-04-10 10:35:00,2306,chair,0.9192,0.7915
2026-04-10 10:35:00,2307,chair,0.9207,0.7924
2026-04-10 10:35:00,2308,chair,0.9159,0.7896
2026-04-10 10:35:01,2309,chair,0.9210,0.7926
2026-04-10 10:35:01,2310,chair,0.9175,0.7905
2026-04-10 10:35:01,2311,chair,0.9178,0.7907
2026-04-10 10:35:02,2312,chair,0.9169,0.7902
2026-04-10 10:35:02,2313,chair,0.9239,0.7943
2026-04-10 10:35:03,2314,chair,0.9187,0.7912
2026-04-10 10:35:03,2315,chair,0.9152,0.7891
2026-04-10 10:35:03,2316,chair,0.9196,0.7917
2026-04-10 10:35:04,2317,chair,0.9154,0.7893
2026-04-10 10:35:04,2318,chair,0.9201,0.7921
2026-04-10 10:35:04,2319,chair,0.9160,0.7896
2026-04-10 10:35:05,2320,chair,0.9197,0.7918
2026-04-10 10:35:05,2321,chair,0.9145,0.7887
2026-04-10 10:35:05,2322,chair,0.9203,0.7922
2026-04-10 10:35:06,2323,chair,0.9139,0.7884
2026-04-10 10:35:06,2324,chair,0.9226,0.7936
2026-04-10 10:35:07,2325,chair,0.9203,0.7922
2026-04-10 10:35:07,2326,chair,0.9187,0.7912
2026-04-10 10:35:07,2327,chair,0.9148,0.7889
2026-04-10 10:35:08,2328,chair,0.9161,0.7896
2026-04-10 10:35:08,2329,chair,0.9198,0.7919
2026-04-10 10:35:08,2330,chair,0.9219,0.7932
2026-04-10 10:35:09,2331,chair,0.9192,0.7915
2026-04-10 10:35:09,2332,chair,0.9178,0.7907
2026-04-10 10:35:10,2333,chair,0.9083,0.7850
2026-04-10 10:35:10,2334,chair,0.9162,0.7897
2026-04-10 10:35:10,2335,chair,0.9173,0.7904
2026-04-10 10:35:11,2336,chair,0.9165,0.7899
2026-04-10 10:35:11,2337,chair,0.9133,0.7880
2026-04-10 10:35:11,2338,chair,0.9171,0.7903
2026-04-10 10:35:12,2339,chair,0.9207,0.7924
2026-04-10 10:35:12,2340,chair,0.9143,0.7886
2026-04-10 10:35:12,2341,chair,0.9205,0.7923
2026-04-10 10:35:13,2342,chair,0.9208,0.7925
2026-04-10 10:35:13,2343,chair,0.9143,0.7886
2026-04-10 10:35:14,2344,chair,0.9141,0.7885
2026-04-10 10:35:14,2345,chair,0.9216,0.7929
2026-04-10 10:35:14,2346,chair,0.9167,0.7900
2026-04-10 10:35:15,2347,chair,0.9157,0.7894
2026-04-10 10:35:15,2348,chair,0.9176,0.7905
2026-04-10 10:35:16,2349,chair,0.9219,0.7931
2026-04-10 10:35:16,2350,chair,0.9196,0.7918
2026-04-10 10:35:16,2351,chair,0.9186,0.7912
2026-04-10 10:35:16,2352,chair,0.9152,0.7891
2026-04-10 10:35:17,2353,chair,0.9213,0.7928
2026-04-10 10:35:17,2354,chair,0.9163,0.7898
2026-04-10 10:35:17,2355,chair,0.9167,0.7900
2026-04-10 10:35:17,2356,chair,0.9182,0.7909
2026-04-10 10:35:18,2357,chair,0.9179,0.7907
2026-04-10 10:35:18,2358,chair,0.9208,0.7925
2026-04-10 10:35:18,2359,chair,0.9171,0.7902
2026-04-10 10:35:19,2360,chair,0.9160,0.7896
2026-04-10 10:35:19,2361,chair,0.9193,0.7916
2026-04-10 10:35:19,2362,chair,0.9144,0.7887
2026-04-10 10:35:20,2363,chair,0.9206,0.7924
2026-04-10 10:35:20,2364,chair,0.9220,0.7932
2026-04-10 10:35:20,2365,chair,0.9184,0.7910
2026-04-10 10:35:21,2366,chair,0.9225,0.7935
2026-04-10 10:35:21,2367,chair,0.9158,0.7895
2026-04-10 10:35:22,2368,chair,0.9137,0.7882
2026-04-10 10:35:22,2369,chair,0.9202,0.7921
2026-04-10 10:35:22,2370,chair,0.9174,0.7904
2026-04-10 10:35:23,2371,chair,0.9161,0.7896
2026-04-10 10:35:23,2372,chair,0.9237,0.7942
2026-04-10 10:35:23,2373,chair,0.9174,0.7904
2026-04-10 10:35:24,2374,chair,0.9226,0.7936
2026-04-10 10:35:24,2375,chair,0.9209,0.7925
2026-04-10 10:35:25,2376,chair,0.9218,0.7931
2026-04-10 10:35:25,2377,chair,0.9227,0.7936
2026-04-10 10:35:25,2378,chair,0.9169,0.7902
2026-04-10 10:35:26,2379,chair,0.9193,0.7916
2026-04-10 10:35:26,2380,chair,0.9225,0.7935
2026-04-10 10:35:26,2381,chair,0.9142,0.7885
2026-04-10 10:35:27,2382,chair,0.9213,0.7928
2026-04-10 10:35:27,2383,chair,0.9198,0.7919
2026-04-10 10:35:27,2384,chair,0.9164,0.7899
2026-04-10 10:35:28,2385,chair,0.9194,0.7916
2026-04-10 10:35:28,2386,chair,0.9139,0.7883
2026-04-10 10:35:28,2387,chair,0.9156,0.7893
2026-04-10 10:35:29,2388,chair,0.9195,0.7917
2026-04-10 10:35:29,2389,chair,0.9198,0.7919
2026-04-10 10:35:29,2390,chair,0.9182,0.7909
2026-04-10 10:35:30,2391,chair,0.9169,0.7901
2026-04-10 10:35:30,2392,chair,0.9207,0.7924
2026-04-10 10:35:30,2393,chair,0.9206,0.7923
2026-04-10 10:35:31,2394,chair,0.9176,0.7906
2026-04-10 10:35:31,2395,chair,0.9217,0.7930
2026-04-10 10:35:31,2396,chair,0.9205,0.7923
2026-04-10 10:35:32,2397,chair,0.9179,0.7907
2026-04-10 10:35:32,2398,chair,0.9201,0.7920
2026-04-10 10:35:32,2399,chair,0.9172,0.7903
2026-04-10 10:35:33,2400,chair,0.9185,0.7911
2026-04-10 10:35:33,2401,chair,0.9210,0.7926
2026-04-10 10:35:33,2402,chair,0.9164,0.7898
2026-04-10 10:35:34,2403,chair,0.9197,0.7918
2026-04-10 10:35:34,2404,chair,0.9190,0.7914
2026-04-10 10:35:34,2405,chair,0.9192,0.7915
2026-04-10 10:35:35,2406,chair,0.9183,0.7910
2026-04-10 10:35:35,2407,chair,0.9232,0.7939
2026-04-10 10:35:35,2408,chair,0.9164,0.7898
2026-04-10 10:35:36,2409,chair,0.9138,0.7883
2026-04-10 10:35:36,2410,chair,0.9139,0.7883
2026-04-10 10:35:36,2411,chair,0.9190,0.7914
2026-04-10 10:35:37,2412,chair,0.9188,0.7913
2026-04-10 10:35:37,2413,chair,0.9201,0.7920
2026-04-10 10:35:37,2414,chair,0.9204,0.7922
2026-04-10 10:35:38,2415,chair,0.9181,0.7908
2026-04-10 10:35:38,2416,chair,0.9209,0.7925
2026-04-10 10:35:38,2417,chair,0.9175,0.7905
2026-04-10 10:35:39,2418,chair,0.9181,0.7909
2026-04-10 10:35:39,2419,chair,0.9200,0.7920
2026-04-10 10:35:39,2420,chair,0.9208,0.7925
2026-04-10 10:35:40,2421,chair,0.9181,0.7909
2026-04-10 10:35:40,2422,chair,0.9242,0.7945
2026-04-10 10:35:41,2423,chair,0.9219,0.7932
2026-04-10 10:35:41,2424,chair,0.9161,0.7896
2026-04-10 10:35:41,2425,chair,0.9224,0.7934
2026-04-10 10:35:41,2426,chair,0.9159,0.7895
2026-04-10 10:35:42,2427,chair,0.9219,0.7932
2026-04-10 10:35:42,2428,chair,0.9212,0.7927
2026-04-10 10:35:42,2429,chair,0.9182,0.7909
2026-04-10 10:35:43,2430,chair,0.9209,0.7925
2026-04-10 10:35:43,2431,chair,0.9188,0.7913
2026-04-10 10:35:43,2432,chair,0.9245,0.7947
2026-04-10 10:35:44,2433,chair,0.9190,0.7914
2026-04-10 10:35:44,2434,chair,0.9248,0.7949
2026-04-10 10:35:44,2435,chair,0.9192,0.7915
2026-04-10 10:35:45,2436,chair,0.9148,0.7889
2026-04-10 10:35:45,2437,chair,0.9261,0.7956
2026-04-10 10:35:45,2438,chair,0.9135,0.7881
2026-04-10 10:35:46,2439,chair,0.9162,0.7897
2026-04-10 10:35:46,2440,chair,0.9178,0.7907
2026-04-10 10:35:46,2441,chair,0.9186,0.7912
2026-04-10 10:35:47,2442,chair,0.9053,0.7832
2026-04-10 10:35:47,2443,chair,0.9195,0.7917
2026-04-10 10:35:47,2444,chair,0.9174,0.7905
2026-04-10 10:35:48,2445,chair,0.9184,0.7910
2026-04-10 10:35:48,2446,chair,0.9203,0.7922
2026-04-10 10:35:48,2447,chair,0.9128,0.7877
2026-04-10 10:35:49,2448,chair,0.9172,0.7903
2026-04-10 10:35:49,2449,chair,0.9239,0.7943
2026-04-10 10:35:49,2450,chair,0.9212,0.7927
2026-04-10 10:35:50,2451,chair,0.9221,0.7933
2026-04-10 10:35:50,2452,chair,0.9225,0.7935
2026-04-10 10:35:50,2453,chair,0.9171,0.7903
2026-04-10 10:35:51,2454,chair,0.9194,0.7916
2026-04-10 10:35:51,2455,chair,0.9211,0.7927
2026-04-10 10:35:51,2456,chair,0.9153,0.7892
2026-04-10 10:35:52,2457,chair,0.9190,0.7914
2026-04-10 10:35:52,2458,chair,0.9200,0.7920
2026-04-10 10:35:52,2459,chair,0.9197,0.7918
2026-04-10 10:35:53,2460,chair,0.9195,0.7917
2026-04-10 10:35:53,2461,chair,0.9193,0.7916
2026-04-10 10:35:53,2462,chair,0.9177,0.7906
2026-04-10 10:35:54,2463,chair,0.9097,0.7858
2026-04-10 10:35:54,2464,chair,0.9179,0.7907
2026-04-10 10:35:54,2465,chair,0.9217,0.7930
2026-04-10 10:35:55,2466,chair,0.9159,0.7895
2026-04-10 10:35:55,2467,chair,0.9199,0.7920
2026-04-10 10:35:55,2468,chair,0.9225,0.7935
2026-04-10 10:35:56,2469,chair,0.9213,0.7928
2026-04-10 10:35:56,2470,chair,0.9206,0.7923
2026-04-10 10:35:56,2471,chair,0.9225,0.7935
2026-04-10 10:35:56,2472,chair,0.9222,0.7933
2026-04-10 10:35:57,2473,chair,0.9189,0.7913
2026-04-10 10:35:57,2474,chair,0.9201,0.7921
2026-04-10 10:35:57,2475,chair,0.9205,0.7923
2026-04-10 10:35:58,2476,chair,0.9144,0.7887
2026-04-10 10:35:58,2477,chair,0.9213,0.7928
2026-04-10 10:35:58,2478,chair,0.9187,0.7912
2026-04-10 10:35:59,2479,chair,0.9192,0.7915
2026-04-10 10:35:59,2480,chair,0.9212,0.7927
2026-04-10 10:35:59,2481,chair,0.9198,0.7919
2026-04-10 10:36:00,2482,chair,0.9205,0.7923
2026-04-10 10:36:00,2483,chair,0.9185,0.7911
2026-04-10 10:36:00,2484,chair,0.9159,0.7895
2026-04-10 10:36:01,2485,chair,0.9177,0.7906
2026-04-10 10:36:01,2486,chair,0.9182,0.7909
2026-04-10 10:36:01,2487,chair,0.9210,0.7926
2026-04-10 10:36:02,2488,chair,0.9148,0.7889
2026-04-10 10:36:02,2489,chair,0.9238,0.7943
2026-04-10 10:36:02,2490,chair,0.9174,0.7904
2026-04-10 10:36:03,2491,chair,0.9214,0.7928
2026-04-10 10:36:03,2492,chair,0.9227,0.7936
2026-04-10 10:36:03,2493,chair,0.9168,0.7901
2026-04-10 10:36:04,2494,chair,0.9212,0.7927
2026-04-10 10:36:04,2495,chair,0.9230,0.7938
2026-04-10 10:36:04,2496,chair,0.9189,0.7914
2026-04-10 10:36:05,2497,chair,0.9195,0.7917
2026-04-10 10:36:05,2498,chair,0.9164,0.7899
2026-04-10 10:36:05,2499,chair,0.9176,0.7906
2026-04-10 10:36:06,2500,chair,0.9197,0.7918
2026-04-10 10:36:06,2501,chair,0.9230,0.7938
2026-04-10 10:36:06,2502,chair,0.9209,0.7926
2026-04-10 10:36:07,2503,chair,0.9193,0.7916
2026-04-10 10:36:07,2504,chair,0.9201,0.7921
2026-04-10 10:36:07,2505,chair,0.9155,0.7893
2026-04-10 10:36:08,2506,chair,0.9177,0.7906
2026-04-10 10:36:08,2507,chair,0.9164,0.7898
2026-04-10 10:36:08,2508,chair,0.9209,0.7925
2026-04-10 10:36:09,2509,chair,0.9118,0.7871
2026-04-10 10:36:09,2510,chair,0.9103,0.7862
2026-04-10 10:36:09,2511,chair,0.9250,0.7950
2026-04-10 10:36:10,2512,chair,0.9161,0.7896
2026-04-10 10:36:10,2513,chair,0.9219,0.7932
2026-04-10 10:36:10,2514,chair,0.9180,0.7908
2026-04-10 10:36:11,2515,chair,0.9202,0.7921
2026-04-10 10:36:11,2516,chair,0.9174,0.7905
2026-04-10 10:36:11,2517,chair,0.9151,0.7891
2026-04-10 10:36:12,2518,chair,0.9182,0.7909
2026-04-10 10:36:12,2519,chair,0.9246,0.7948
2026-04-10 10:36:12,2520,chair,0.9200,0.7920
2026-04-10 10:36:13,2521,chair,0.9238,0.7943
2026-04-10 10:36:13,2522,chair,0.9177,0.7906
2026-04-10 10:36:13,2523,chair,0.9155,0.7893
2026-04-10 10:36:14,2524,chair,0.9212,0.7927
2026-04-10 10:36:14,2525,chair,0.9190,0.7914
2026-04-10 10:36:14,2526,chair,0.9200,0.7920
2026-04-10 10:36:15,2527,chair,0.9191,0.7915
2026-04-10 10:36:15,2528,chair,0.9200,0.7920
2026-04-10 10:36:15,2529,chair,0.9188,0.7913
2026-04-10 10:36:16,2530,chair,0.9205,0.7923
2026-04-10 10:36:16,2531,chair,0.9193,0.7916
2026-04-10 10:36:16,2532,chair,0.9211,0.7927
2026-04-10 10:36:17,2533,chair,0.9167,0.7900
2026-04-10 10:36:17,2534,chair,0.9213,0.7928
2026-04-10 10:36:17,2535,chair,0.9240,0.7944
2026-04-10 10:36:18,2536,chair,0.9211,0.7926
2026-04-10 10:36:18,2537,chair,0.9210,0.7926
2026-04-10 10:36:18,2538,chair,0.9224,0.7934
2026-04-10 10:36:19,2539,chair,0.9124,0.7875
2026-04-10 10:36:19,2540,chair,0.9193,0.7916
2026-04-10 10:36:19,2541,chair,0.9174,0.7904
2026-04-10 10:36:20,2542,chair,0.9193,0.7916
2026-04-10 10:36:20,2543,chair,0.9212,0.7927
2026-04-10 10:36:20,2544,chair,0.9107,0.7864
2026-04-10 10:36:21,2545,chair,0.9150,0.7890
2026-04-10 10:36:21,2546,chair,0.9235,0.7941
2026-04-10 10:36:21,2547,chair,0.9216,0.7930
2026-04-10 10:36:22,2548,chair,0.9177,0.7906
2026-04-10 10:36:22,2549,chair,0.9236,0.7941
2026-04-10 10:36:22,2550,chair,0.9247,0.7948
2026-04-10 10:36:23,2551,chair,0.9209,0.7925
2026-04-10 10:36:23,2552,chair,0.9203,0.7922
2026-04-10 10:36:23,2553,chair,0.9164,0.7899
2026-04-10 10:36:24,2554,chair,0.9197,0.7918
2026-04-10 10:36:24,2555,chair,0.9151,0.7891
2026-04-10 10:36:24,2556,chair,0.9184,0.7910
2026-04-10 10:36:24,2557,chair,0.9194,0.7916
2026-04-10 10:36:25,2558,chair,0.9213,0.7928
2026-04-10 10:36:25,2559,chair,0.9187,0.7912
2026-04-10 10:36:25,2560,chair,0.9177,0.7906
2026-04-10 10:36:26,2561,chair,0.9195,0.7917
2026-04-10 10:36:26,2562,chair,0.9204,0.7923
2026-04-10 10:36:26,2563,chair,0.9179,0.7907
2026-04-10 10:36:27,2564,chair,0.9151,0.7890
2026-04-10 10:36:27,2565,chair,0.9196,0.7918
2026-04-10 10:36:27,2566,chair,0.9174,0.7905
2026-04-10 10:36:28,2567,chair,0.9218,0.7931
2026-04-10 10:36:28,2568,chair,0.9205,0.7923
2026-04-10 10:36:28,2569,chair,0.9161,0.7897
2026-04-10 10:36:29,2570,chair,0.9205,0.7923
2026-04-10 10:36:29,2571,chair,0.9166,0.7899
2026-04-10 10:36:29,2572,chair,0.9191,0.7914
2026-04-10 10:36:30,2573,chair,0.9195,0.7917
2026-04-10 10:36:30,2574,chair,0.9178,0.7907
2026-04-10 10:36:30,2575,chair,0.9183,0.7910
2026-04-10 10:36:31,2576,chair,0.9187,0.7912
2026-04-10 10:36:31,2577,chair,0.9231,0.7939
2026-04-10 10:36:31,2578,chair,0.9224,0.7935
2026-04-10 10:36:32,2579,chair,0.9151,0.7891
2026-04-10 10:36:32,2580,chair,0.9197,0.7918
2026-04-10 10:36:32,2581,chair,0.9199,0.7919
2026-04-10 10:36:33,2582,chair,0.9232,0.7939
2026-04-10 10:36:33,2583,chair,0.9147,0.7888
2026-04-10 10:36:33,2584,chair,0.9202,0.7921
2026-04-10 10:36:34,2585,chair,0.9225,0.7935
2026-04-10 10:36:34,2586,chair,0.9243,0.7946
2026-04-10 10:36:34,2587,chair,0.9199,0.7919
2026-04-10 10:36:35,2588,chair,0.9178,0.7907
2026-04-10 10:36:35,2589,chair,0.9154,0.7892
2026-04-10 10:36:35,2590,chair,0.9155,0.7893
2026-04-10 10:36:36,2591,chair,0.9233,0.7940
2026-04-10 10:36:36,2592,chair,0.9135,0.7881
2026-04-10 10:36:36,2593,chair,0.9195,0.7917
2026-04-10 10:36:37,2594,chair,0.9209,0.7925
2026-04-10 10:36:37,2595,chair,0.9185,0.7911
2026-04-10 10:36:37,2596,chair,0.9195,0.7917
2026-04-10 10:36:38,2597,chair,0.9192,0.7915
2026-04-10 10:36:38,2598,chair,0.9234,0.7940
2026-04-10 10:36:38,2599,chair,0.9196,0.7918
2026-04-10 10:36:39,2600,chair,0.9220,0.7932
2026-04-10 10:36:39,2601,chair,0.9178,0.7907
2026-04-10 10:36:39,2602,chair,0.9212,0.7927
2026-04-10 10:36:40,2603,chair,0.9201,0.7920
2026-04-10 10:36:40,2604,chair,0.9186,0.7911
2026-04-10 10:36:40,2605,chair,0.9199,0.7919
2026-04-10 10:36:41,2606,chair,0.9203,0.7922
2026-04-10 10:36:41,2607,chair,0.9221,0.7933
2026-04-10 10:36:41,2608,chair,0.9244,0.7946
2026-04-10 10:36:42,2609,chair,0.9204,0.7922
2026-04-10 10:36:42,2610,chair,0.9235,0.7941
2026-04-10 10:36:42,2611,chair,0.9240,0.7944
2026-04-10 10:36:43,2612,chair,0.9210,0.7926
2026-04-10 10:36:43,2613,chair,0.9139,0.7883
2026-04-10 10:36:43,2614,chair,0.9204,0.7922
2026-04-10 10:36:44,2615,chair,0.9119,0.7871
2026-04-10 10:36:44,2616,chair,0.9176,0.7906
2026-04-10 10:36:44,2617,chair,0.9221,0.7933
2026-04-10 10:36:45,2618,chair,0.9195,0.7917
2026-04-10 10:36:45,2619,chair,0.9177,0.7906
2026-04-10 10:36:45,2620,chair,0.9249,0.7950
2026-04-10 10:36:46,2621,chair,0.9162,0.7897
2026-04-10 10:36:46,2622,chair,0.9238,0.7943
2026-04-10 10:36:46,2623,chair,0.9227,0.7936
2026-04-10 10:36:47,2624,chair,0.9187,0.7912
2026-04-10 10:36:47,2625,chair,0.9163,0.7898
2026-04-10 10:36:47,2626,chair,0.9221,0.7933
2026-04-10 10:36:48,2627,chair,0.9167,0.7900
2026-04-10 10:36:48,2628,chair,0.9161,0.7897
2026-04-10 10:36:48,2629,chair,0.9170,0.7902
2026-04-10 10:36:49,2630,chair,0.9175,0.7905
2026-04-10 10:36:49,2631,chair,0.9199,0.7919
2026-04-10 10:36:49,2632,chair,0.9195,0.7917
2026-04-10 10:36:50,2633,chair,0.9249,0.7949
2026-04-10 10:36:50,2634,chair,0.9198,0.7919
2026-04-10 10:36:50,2635,chair,0.9235,0.7941
2026-04-10 10:36:51,2636,chair,0.9212,0.7927
2026-04-10 10:36:51,2637,chair,0.9214,0.7928
2026-04-10 10:36:51,2638,chair,0.9211,0.7926
2026-04-10 10:36:52,2639,chair,0.9235,0.7941
2026-04-10 10:36:52,2640,chair,0.9206,0.7924
2026-04-10 10:36:52,2641,chair,0.9133,0.7880
2026-04-10 10:36:53,2642,chair,0.9207,0.7924
2026-04-10 10:36:53,2643,chair,0.9181,0.7909
2026-04-10 10:36:53,2644,chair,0.9143,0.7886
2026-04-10 10:36:54,2645,chair,0.9181,0.7908
2026-04-10 10:36:54,2646,chair,0.9183,0.7910
2026-04-10 10:36:54,2647,chair,0.9206,0.7924
2026-04-10 10:36:55,2648,chair,0.9166,0.7899
2026-04-10 10:36:55,2649,chair,0.9197,0.7918
2026-04-10 10:36:55,2650,chair,0.9196,0.7917
2026-04-10 10:36:56,2651,chair,0.9189,0.7913
2026-04-10 10:36:56,2652,chair,0.9185,0.7911
2026-04-10 10:36:56,2653,chair,0.9213,0.7928
2026-04-10 10:36:56,2654,chair,0.9253,0.7952
2026-04-10 10:36:57,2655,chair,0.9201,0.7920
2026-04-10 10:36:57,2656,chair,0.9201,0.7921
2026-04-10 10:36:58,2657,chair,0.9196,0.7918
2026-04-10 10:36:58,2658,chair,0.9222,0.7933
2026-04-10 10:36:58,2659,chair,0.9238,0.7943
2026-04-10 10:36:59,2660,chair,0.9237,0.7942
2026-04-10 10:36:59,2661,chair,0.9207,0.7924
2026-04-10 10:36:59,2662,chair,0.9200,0.7920
2026-04-10 10:37:00,2663,chair,0.9195,0.7917
2026-04-10 10:37:00,2664,chair,0.9206,0.7924
2026-04-10 10:37:00,2665,chair,0.9223,0.7934
2026-04-10 10:37:01,2666,chair,0.9232,0.7939
2026-04-10 10:37:01,2667,chair,0.9164,0.7899
2026-04-10 10:37:01,2668,chair,0.9206,0.7924
2026-04-10 10:37:02,2669,chair,0.9212,0.7927
2026-04-10 10:37:02,2670,chair,0.9204,0.7922
2026-04-10 10:37:02,2671,chair,0.9217,0.7930
2026-04-10 10:37:03,2672,chair,0.9217,0.7930
2026-04-10 10:37:03,2673,chair,0.9194,0.7917
2026-04-10 10:37:03,2674,chair,0.9243,0.7946
2026-04-10 10:37:04,2675,chair,0.9197,0.7918
2026-04-10 10:37:04,2676,chair,0.9220,0.7932
2026-04-10 10:37:04,2677,chair,0.9161,0.7896
2026-04-10 10:37:04,2678,chair,0.9199,0.7920
2026-04-10 10:37:05,2679,chair,0.9204,0.7922
2026-04-10 10:37:05,2680,chair,0.9189,0.7914
2026-04-10 10:37:05,2681,chair,0.9168,0.7901
2026-04-10 10:37:06,2682,chair,0.9179,0.7907
2026-04-10 10:37:06,2683,chair,0.9178,0.7907
2026-04-10 10:37:06,2684,chair,0.9194,0.7916
2026-04-10 10:37:07,2685,chair,0.9196,0.7918
2026-04-10 10:37:07,2686,chair,0.9206,0.7924
2026-04-10 10:37:07,2687,chair,0.9224,0.7934
2026-04-10 10:37:08,2688,chair,0.9221,0.7933
2026-04-10 10:37:08,2689,chair,0.9201,0.7921
2026-04-10 10:37:08,2690,chair,0.9186,0.7912
2026-04-10 10:37:09,2691,chair,0.9239,0.7944
2026-04-10 10:37:09,2692,chair,0.9183,0.7910
2026-04-10 10:37:09,2693,chair,0.9155,0.7893
2026-04-10 10:37:10,2694,chair,0.9253,0.7952
2026-04-10 10:37:10,2695,chair,0.9243,0.7946
2026-04-10 10:37:10,2696,chair,0.9216,0.7930
2026-04-10 10:37:11,2697,chair,0.9197,0.7918
2026-04-10 10:37:11,2698,chair,0.9188,0.7913
2026-04-10 10:37:11,2699,chair,0.9217,0.7930
2026-04-10 10:37:12,2700,chair,0.9163,0.7898
2026-04-10 10:37:12,2701,chair,0.9195,0.7917
2026-04-10 10:37:12,2702,chair,0.9225,0.7935
2026-04-10 10:37:13,2703,chair,0.9195,0.7917
2026-04-10 10:37:13,2704,chair,0.9177,0.7906
2026-04-10 10:37:13,2705,chair,0.9184,0.7910
2026-04-10 10:37:14,2706,chair,0.9220,0.7932
2026-04-10 10:37:14,2707,chair,0.9207,0.7924
2026-04-10 10:37:15,2708,chair,0.9245,0.7947
2026-04-10 10:37:15,2709,chair,0.9181,0.7909
2026-04-10 10:37:15,2710,chair,0.9181,0.7908
2026-04-10 10:37:16,2711,chair,0.9193,0.7916
2026-04-10 10:37:16,2712,chair,0.9202,0.7921
2026-04-10 10:37:16,2713,chair,0.9232,0.7939
2026-04-10 10:37:16,2714,chair,0.9196,0.7917
2026-04-10 10:37:17,2715,chair,0.9195,0.7917
2026-04-10 10:37:17,2716,chair,0.9222,0.7933
2026-04-10 10:37:17,2717,chair,0.9244,0.7947
2026-04-10 10:37:18,2718,chair,0.9186,0.7912
2026-04-10 10:37:18,2719,chair,0.9211,0.7927
2026-04-10 10:37:18,2720,chair,0.9221,0.7932
2026-04-10 10:37:19,2721,chair,0.9233,0.7940
2026-04-10 10:37:19,2722,chair,0.9253,0.7952
2026-04-10 10:37:19,2723,chair,0.9194,0.7916
2026-04-10 10:37:20,2724,chair,0.9203,0.7922
2026-04-10 10:37:20,2725,chair,0.9173,0.7904
2026-04-10 10:37:20,2726,chair,0.9201,0.7921
2026-04-10 10:37:21,2727,chair,0.9151,0.7891
2026-04-10 10:37:21,2728,chair,0.9184,0.7911
2026-04-10 10:37:22,2729,chair,0.9204,0.7922
2026-04-10 10:37:22,2730,chair,0.9188,0.7913
2026-04-10 10:37:22,2731,chair,0.9201,0.7921
2026-04-10 10:37:22,2732,chair,0.9180,0.7908
2026-04-10 10:37:23,2733,chair,0.9217,0.7930
2026-04-10 10:37:23,2734,chair,0.9189,0.7913
2026-04-10 10:37:23,2735,chair,0.9159,0.7895
2026-04-10 10:37:24,2736,chair,0.9206,0.7924
2026-04-10 10:37:24,2737,chair,0.9228,0.7937
2026-04-10 10:37:24,2738,chair,0.9195,0.7917
2026-04-10 10:37:25,2739,chair,0.9144,0.7886
2026-04-10 10:37:25,2740,chair,0.9179,0.7907
2026-04-10 10:37:25,2741,chair,0.9225,0.7935
2026-04-10 10:37:26,2742,chair,0.9168,0.7901
2026-04-10 10:37:26,2743,chair,0.9176,0.7905
2026-04-10 10:37:27,2744,chair,0.9180,0.7908
2026-04-10 10:37:27,2745,chair,0.9167,0.7900
2026-04-10 10:37:27,2746,chair,0.9218,0.7931
2026-04-10 10:37:28,2747,chair,0.9208,0.7925
2026-04-10 10:37:28,2748,chair,0.9209,0.7925
2026-04-10 10:37:28,2749,chair,0.9236,0.7942
2026-04-10 10:37:29,2750,chair,0.9193,0.7916
2026-04-10 10:37:29,2751,chair,0.9192,0.7915
2026-04-10 10:37:29,2752,chair,0.9247,0.7948
2026-04-10 10:37:30,2753,chair,0.9196,0.7917
2026-04-10 10:37:30,2754,chair,0.9215,0.7929
2026-04-10 10:37:30,2755,chair,0.9229,0.7938
2026-04-10 10:37:31,2756,chair,0.9218,0.7931
2026-04-10 10:37:31,2757,chair,0.9153,0.7892
2026-04-10 10:37:31,2758,chair,0.9194,0.7917
2026-04-10 10:37:32,2759,chair,0.9219,0.7931
2026-04-10 10:37:32,2760,chair,0.9207,0.7924
2026-04-10 10:37:32,2761,chair,0.9241,0.7945
2026-04-10 10:37:33,2762,chair,0.9197,0.7918
2026-04-10 10:37:33,2763,chair,0.9211,0.7926
2026-04-10 10:37:33,2764,chair,0.9199,0.7920
2026-04-10 10:37:34,2765,chair,0.9171,0.7902
2026-04-10 10:37:34,2766,chair,0.9215,0.7929
2026-04-10 10:37:34,2767,chair,0.9179,0.7907
2026-04-10 10:37:35,2768,chair,0.9134,0.7880
2026-04-10 10:37:35,2769,chair,0.9215,0.7929
2026-04-10 10:37:35,2770,chair,0.9212,0.7927
2026-04-10 10:37:36,2771,chair,0.9209,0.7925
2026-04-10 10:37:36,2772,chair,0.9170,0.7902
2026-04-10 10:37:36,2773,chair,0.9203,0.7922
2026-04-10 10:37:37,2774,chair,0.9170,0.7902
2026-04-10 10:37:37,2775,chair,0.9233,0.7940
2026-04-10 10:37:37,2776,chair,0.9203,0.7922
2026-04-10 10:37:38,2777,chair,0.9180,0.7908
2026-04-10 10:37:38,2778,chair,0.9222,0.7933
2026-04-10 10:37:38,2779,chair,0.9205,0.7923
2026-04-10 10:37:39,2780,chair,0.9187,0.7912
2026-04-10 10:37:39,2781,chair,0.9227,0.7936
2026-04-10 10:37:39,2782,chair,0.9242,0.7945
2026-04-10 10:37:40,2783,chair,0.9190,0.7914
2026-04-10 10:37:40,2784,chair,0.9175,0.7905
2026-04-10 10:37:40,2785,chair,0.9209,0.7926
2026-04-10 10:37:41,2786,chair,0.9135,0.7881
2026-04-10 10:37:41,2787,chair,0.9148,0.7889
2026-04-10 10:37:41,2788,chair,0.9213,0.7928
2026-04-10 10:37:42,2789,chair,0.9161,0.7897
2026-04-10 10:37:42,2790,chair,0.9229,0.7937
2026-04-10 10:37:42,2791,chair,0.9190,0.7914
2026-04-10 10:37:43,2792,chair,0.9235,0.7941
2026-04-10 10:37:43,2793,chair,0.9130,0.7878
2026-04-10 10:37:43,2794,chair,0.9196,0.7918
2026-04-10 10:37:44,2795,chair,0.9263,0.7958
2026-04-10 10:37:44,2796,chair,0.9153,0.7892
2026-04-10 10:37:44,2797,chair,0.9208,0.7925
2026-04-10 10:37:45,2798,chair,0.9222,0.7933
2026-04-10 10:37:45,2799,chair,0.9181,0.7908
2026-04-10 10:37:45,2800,chair,0.9204,0.7922
2026-04-10 10:37:46,2801,chair,0.9211,0.7927
2026-04-10 10:37:46,2802,chair,0.9193,0.7916
2026-04-10 10:37:46,2803,chair,0.9234,0.7940
2026-04-10 10:37:47,2804,chair,0.9213,0.7928
2026-04-10 10:37:47,2805,chair,0.9205,0.7923
2026-04-10 10:37:47,2806,chair,0.9208,0.7925
2026-04-10 10:37:48,2807,chair,0.9204,0.7922
2026-04-10 10:37:48,2808,chair,0.9197,0.7918
2026-04-10 10:37:48,2809,chair,0.9208,0.7925
2026-04-10 10:37:49,2810,chair,0.9261,0.7957
2026-04-10 10:37:49,2811,chair,0.9226,0.7936
2026-04-10 10:37:49,2812,chair,0.9179,0.7907
2026-04-10 10:37:50,2813,chair,0.9230,0.7938
2026-04-10 10:37:50,2814,chair,0.9011,0.7807
2026-04-10 10:37:50,2815,person,0.9436,0.9462
2026-04-10 10:37:51,2816,person,0.9490,0.9494
2026-04-10 10:37:51,2817,person,0.9159,0.9296
2026-04-10 10:37:51,2818,person,0.9424,0.9455
2026-04-10 10:37:52,2819,person,0.9457,0.9474
2026-04-10 10:37:52,2820,person,0.9305,0.9383
2026-04-10 10:37:52,2821,person,0.9358,0.9415
2026-04-10 10:37:53,2822,person,0.9326,0.9395
2026-04-10 10:37:53,2823,person,0.8283,0.8770
2026-04-10 10:37:53,2824,person,0.8978,0.9187
2026-04-10 10:37:54,2825,person,0.9005,0.9203
2026-04-10 10:37:54,2826,person,0.9238,0.9343
2026-04-10 10:37:54,2827,person,0.9489,0.9494
2026-04-10 10:37:55,2828,person,0.9531,0.9519
2026-04-10 10:37:55,2829,person,0.9590,0.9554
2026-04-10 10:37:55,2830,person,0.9500,0.9500
2026-04-10 10:37:56,2831,person,0.9251,0.9350
2026-04-10 10:37:56,2832,person,0.9401,0.9441
2026-04-10 10:37:57,2833,person,0.9159,0.9296
2026-04-10 10:37:57,2834,person,0.9437,0.9462
2026-04-10 10:37:57,2835,person,0.9445,0.9467
2026-04-10 10:37:58,2836,person,0.9169,0.9302
2026-04-10 10:37:58,2837,person,0.9314,0.9389
2026-04-10 10:37:58,2838,person,0.9455,0.9473
2026-04-10 10:37:59,2839,person,0.9388,0.9433
2026-04-10 10:37:59,2840,person,0.9539,0.9523
2026-04-10 10:37:59,2841,person,0.9489,0.9493
2026-04-10 10:38:00,2842,person,0.9483,0.9490
2026-04-10 10:38:00,2843,person,0.9513,0.9508
2026-04-10 10:38:00,2844,person,0.9583,0.9550
2026-04-10 10:38:01,2845,person,0.9541,0.9525
2026-04-10 10:38:01,2846,person,0.9514,0.9509
2026-04-10 10:38:02,2847,person,0.9258,0.9355
2026-04-10 10:38:02,2848,person,0.8606,0.8963
2026-04-10 10:38:02,2849,person,0.9229,0.9337
2026-04-10 10:38:03,2850,person,0.9037,0.9222
2026-04-10 10:38:03,2851,person,0.9180,0.9308
2026-04-10 10:38:03,2852,chair,0.8913,0.7748
2026-04-10 10:38:04,2853,person,0.7418,0.8251
2026-04-10 10:38:04,2854,person,0.9222,0.9333
2026-04-10 10:38:04,2855,person,0.9060,0.9236
2026-04-10 10:38:05,2856,person,0.9172,0.9303
2026-04-10 10:38:05,2857,person,0.9498,0.9499
2026-04-10 10:38:05,2858,person,0.9268,0.9361
2026-04-10 10:38:06,2859,person,0.9577,0.9546
2026-04-10 10:38:06,2860,person,0.9544,0.9526
2026-04-10 10:38:06,2861,person,0.9448,0.9469
2026-04-10 10:38:07,2862,person,0.9223,0.9334
2026-04-10 10:38:07,2863,person,0.9115,0.9269
2026-04-10 10:38:07,2864,person,0.6838,0.7903
2026-04-10 10:38:08,2865,chair,0.9051,0.7830
2026-04-10 10:38:08,2866,person,0.6802,0.7881
2026-04-10 10:38:08,2867,chair,0.9005,0.7803
2026-04-10 10:38:09,2868,person,0.8860,0.9116
2026-04-10 10:38:09,2869,person,0.8316,0.8790
2026-04-10 10:38:09,2870,person,0.7971,0.8583
2026-04-10 10:38:10,2871,person,0.7978,0.8587
2026-04-10 10:38:10,2872,chair,0.9073,0.7844
2026-04-10 10:38:10,2873,person,0.7376,0.8226
2026-04-10 10:38:11,2874,person,0.7259,0.8155
2026-04-10 10:38:11,2875,person,0.8071,0.8643
2026-04-10 10:38:11,2876,person,0.7795,0.8477
2026-04-10 10:38:12,2877,person,0.8912,0.9147
2026-04-10 10:38:12,2878,person,0.8072,0.8643
2026-04-10 10:38:12,2879,chair,0.9196,0.7917
2026-04-10 10:38:13,2880,person,0.8441,0.8865
2026-04-10 10:38:13,2881,person,0.7908,0.8545
2026-04-10 10:38:13,2882,person,0.9190,0.9314
2026-04-10 10:38:14,2883,person,0.8936,0.9162
2026-04-10 10:38:14,2884,person,0.9145,0.9287
2026-04-10 10:38:15,2885,person,0.9234,0.9341
2026-04-10 10:38:15,2886,person,0.8886,0.9132
2026-04-10 10:38:15,2887,person,0.9013,0.9208
2026-04-10 10:38:16,2888,person,0.8896,0.9137
2026-04-10 10:38:16,2889,person,0.8917,0.9150
2026-04-10 10:38:16,2890,person,0.7049,0.8029
2026-04-10 10:38:17,2891,chair,0.9185,0.7911
2026-04-10 10:38:17,2892,person,0.8852,0.9111
2026-04-10 10:38:18,2893,person,0.7419,0.8251
2026-04-10 10:38:18,2894,chair,0.9099,0.7860
2026-04-10 10:38:18,2895,chair,0.9183,0.7910
2026-04-10 10:38:19,2896,chair,0.9169,0.7902
2026-04-10 10:38:19,2897,chair,0.9215,0.7929
2026-04-10 10:38:20,2898,chair,0.9201,0.7921
2026-04-10 10:38:20,2899,chair,0.9141,0.7885
2026-04-10 10:38:20,2900,person,0.7342,0.8205
2026-04-10 10:38:21,2901,person,0.8507,0.8904
2026-04-10 10:38:21,2902,person,0.9106,0.9263
2026-04-10 10:38:21,2903,person,0.9155,0.9293
2026-04-10 10:38:22,2904,person,0.9417,0.9450
2026-04-10 10:38:22,2905,person,0.9185,0.9311
2026-04-10 10:38:23,2906,person,0.8906,0.9144
2026-04-10 10:38:23,2907,person,0.9018,0.9211
2026-04-10 10:38:23,2908,person,0.8397,0.8838
2026-04-10 10:38:24,2909,person,0.8404,0.8842
2026-04-10 10:38:24,2910,person,0.8934,0.9160
2026-04-10 10:38:24,2911,person,0.9081,0.9249
2026-04-10 10:38:25,2912,person,0.9311,0.9386
2026-04-10 10:38:25,2913,person,0.9249,0.9349
2026-04-10 10:38:26,2914,person,0.9339,0.9403
2026-04-10 10:38:26,2915,person,0.9185,0.9311
2026-04-10 10:38:26,2916,person,0.9312,0.9387
2026-04-10 10:38:27,2917,person,0.9115,0.9269
2026-04-10 10:38:27,2918,person,0.9193,0.9316
2026-04-10 10:38:28,2919,person,0.8921,0.9153
2026-04-10 10:38:28,2920,person,0.8533,0.8920
2026-04-10 10:38:28,2921,person,0.9468,0.9481
2026-04-10 10:38:29,2922,person,0.9586,0.9552
2026-04-10 10:38:29,2923,person,0.8003,0.8602
2026-04-10 10:38:30,2924,person,0.9094,0.9257
2026-04-10 10:38:30,2925,person,0.9147,0.9288
2026-04-10 10:38:30,2926,person,0.9215,0.9329
2026-04-10 10:38:31,2927,person,0.8630,0.8978
2026-04-10 10:38:31,2928,chair,0.8392,0.7435
2026-04-10 10:38:32,2929,person,0.7370,0.8222
2026-04-10 10:38:32,2930,person,0.8257,0.8754
2026-04-10 10:38:32,2931,person,0.9306,0.9383
2026-04-10 10:38:33,2932,person,0.8605,0.8963
2026-04-10 10:38:33,2933,person,0.9291,0.9375
2026-04-10 10:38:33,2934,person,0.9454,0.9473
2026-04-10 10:38:34,2935,person,0.9471,0.9483
2026-04-10 10:38:34,2936,person,0.9483,0.9490
2026-04-10 10:38:35,2937,person,0.9510,0.9506
2026-04-10 10:38:35,2938,person,0.9439,0.9463
2026-04-10 10:38:35,2939,person,0.9382,0.9429
2026-04-10 10:38:36,2940,person,0.9408,0.9445
2026-04-10 10:38:36,2941,person,0.9439,0.9463
2026-04-10 10:38:36,2942,person,0.9311,0.9386
2026-04-10 10:38:37,2943,person,0.9351,0.9411
2026-04-10 10:38:37,2944,person,0.9313,0.9388
2026-04-10 10:38:38,2945,person,0.9424,0.9454
2026-04-10 10:38:38,2946,person,0.9363,0.9418
2026-04-10 10:38:38,2947,person,0.9360,0.9416
2026-04-10 10:38:39,2948,person,0.9351,0.9411
2026-04-10 10:38:39,2949,person,0.9391,0.9435
2026-04-10 10:38:40,2950,person,0.9363,0.9418
2026-04-10 10:38:40,2951,person,0.9435,0.9461
2026-04-10 10:38:40,2952,person,0.9429,0.9458
2026-04-10 10:38:41,2953,person,0.9484,0.9490
2026-04-10 10:38:41,2954,person,0.9458,0.9475
2026-04-10 10:38:41,2955,person,0.9433,0.9460
2026-04-10 10:38:42,2956,person,0.9395,0.9437
2026-04-10 10:38:42,2957,person,0.9440,0.9464
2026-04-10 10:38:42,2958,person,0.9468,0.9481
2026-04-10 10:38:43,2959,person,0.9444,0.9467
2026-04-10 10:38:43,2960,person,0.9389,0.9433
2026-04-10 10:38:44,2961,person,0.9390,0.9434
2026-04-10 10:38:44,2962,person,0.9401,0.9441
2026-04-10 10:38:44,2963,person,0.9443,0.9466
2026-04-10 10:38:45,2964,person,0.9424,0.9454
2026-04-10 10:38:45,2965,person,0.9294,0.9376
2026-04-10 10:38:46,2966,person,0.9386,0.9432
2026-04-10 10:38:46,2967,person,0.9359,0.9415
2026-04-10 10:38:46,2968,person,0.9368,0.9421
2026-04-10 10:38:47,2969,person,0.9344,0.9406
2026-04-10 10:38:47,2970,person,0.9347,0.9408
2026-04-10 10:38:47,2971,person,0.9357,0.9414
2026-04-10 10:38:48,2972,person,0.9355,0.9413
2026-04-10 10:38:48,2973,person,0.9346,0.9407
2026-04-10 10:38:49,2974,person,0.9355,0.9413
2026-04-10 10:38:49,2975,person,0.9390,0.9434
2026-04-10 10:38:49,2976,person,0.9370,0.9422
2026-04-10 10:38:50,2977,person,0.9363,0.9418
2026-04-10 10:38:50,2978,person,0.9379,0.9427
2026-04-10 10:38:50,2979,person,0.9411,0.9447
2026-04-10 10:38:51,2980,person,0.9380,0.9428
2026-04-10 10:38:51,2981,person,0.9360,0.9416
2026-04-10 10:38:51,2982,person,0.9373,0.9424
2026-04-10 10:38:52,2983,person,0.9352,0.9411
2026-04-10 10:38:52,2984,person,0.9379,0.9427
2026-04-10 10:38:52,2985,person,0.9371,0.9423
2026-04-10 10:38:53,2986,person,0.9348,0.9409
2026-04-10 10:38:53,2987,person,0.9373,0.9424
2026-04-10 10:38:53,2988,person,0.9356,0.9413
2026-04-10 10:38:54,2989,person,0.9371,0.9422
2026-04-10 10:38:54,2990,person,0.9375,0.9425
2026-04-10 10:38:54,2991,person,0.9384,0.9430
2026-04-10 10:38:54,2992,person,0.9381,0.9428
2026-04-10 10:38:55,2993,person,0.9345,0.9407
2026-04-10 10:38:55,2994,person,0.9375,0.9425
2026-04-10 10:38:55,2995,person,0.9368,0.9421
2026-04-10 10:38:56,2996,person,0.9374,0.9424
2026-04-10 10:38:56,2997,person,0.9391,0.9434
2026-04-10 10:38:57,2998,person,0.9329,0.9397
2026-04-10 10:38:57,2999,person,0.9349,0.9409
2026-04-10 10:38:57,3000,person,0.9354,0.9412
2026-04-10 10:38:58,3001,person,0.9346,0.9408
2026-04-10 10:38:58,3002,person,0.9346,0.9408
2026-04-10 10:38:58,3003,person,0.9384,0.9431
2026-04-10 10:38:59,3004,person,0.9385,0.9431
2026-04-10 10:38:59,3005,person,0.9374,0.9425
2026-04-10 10:38:59,3006,person,0.9334,0.9400
2026-04-10 10:39:00,3007,person,0.9356,0.9414
2026-04-10 10:39:00,3008,person,0.9317,0.9390
2026-04-10 10:39:00,3009,person,0.9385,0.9431
2026-04-10 10:39:01,3010,person,0.9413,0.9448
2026-04-10 10:39:01,3011,person,0.9393,0.9436
2026-04-10 10:39:01,3012,person,0.9436,0.9462
2026-04-10 10:39:02,3013,person,0.9392,0.9435
2026-04-10 10:39:02,3014,person,0.9397,0.9438
2026-04-10 10:39:02,3015,person,0.9460,0.9476
2026-04-10 10:39:03,3016,person,0.9475,0.9485
2026-04-10 10:39:03,3017,person,0.9445,0.9467
2026-04-10 10:39:03,3018,person,0.9431,0.9459
2026-04-10 10:39:04,3019,person,0.9414,0.9448
2026-04-10 10:39:04,3020,person,0.9449,0.9469
2026-04-10 10:39:04,3021,person,0.9418,0.9451
2026-04-10 10:39:04,3022,person,0.9414,0.9449
2026-04-10 10:39:05,3023,person,0.9460,0.9476
2026-04-10 10:39:05,3024,person,0.9442,0.9465
2026-04-10 10:39:05,3025,person,0.9443,0.9466
2026-04-10 10:39:06,3026,person,0.9450,0.9470
2026-04-10 10:39:06,3027,person,0.9461,0.9477
2026-04-10 10:39:07,3028,person,0.9510,0.9506
2026-04-10 10:39:07,3029,person,0.9485,0.9491
2026-04-10 10:39:07,3030,person,0.9454,0.9472
2026-04-10 10:39:07,3031,person,0.9481,0.9489
2026-04-10 10:39:08,3032,person,0.9320,0.9392
2026-04-10 10:39:08,3033,person,0.9274,0.9365
2026-04-10 10:39:09,3034,person,0.9391,0.9435
2026-04-10 10:39:09,3035,person,0.9388,0.9433
2026-04-10 10:39:09,3036,person,0.9420,0.9452
2026-04-10 10:39:10,3037,person,0.9427,0.9456
2026-04-10 10:39:10,3038,person,0.9438,0.9463
2026-04-10 10:39:10,3039,person,0.9431,0.9458
2026-04-10 10:39:10,3040,person,0.9486,0.9491
2026-04-10 10:39:11,3041,person,0.9494,0.9496
2026-04-10 10:39:11,3042,person,0.9329,0.9397
2026-04-10 10:39:11,3043,person,0.9464,0.9479
2026-04-10 10:39:12,3044,person,0.9379,0.9427
2026-04-10 10:39:12,3045,person,0.9470,0.9482
2026-04-10 10:39:12,3046,person,0.9433,0.9460
2026-04-10 10:39:13,3047,person,0.9444,0.9466
2026-04-10 10:39:13,3048,person,0.9430,0.9458
2026-04-10 10:39:13,3049,person,0.9388,0.9433
2026-04-10 10:39:14,3050,person,0.9422,0.9453
2026-04-10 10:39:14,3051,person,0.9400,0.9440
2026-04-10 10:39:14,3052,person,0.9348,0.9409
2026-04-10 10:39:15,3053,person,0.9396,0.9438
2026-04-10 10:39:15,3054,person,0.9394,0.9436
2026-04-10 10:39:15,3055,person,0.9447,0.9468
2026-04-10 10:39:16,3056,person,0.9415,0.9449
2026-04-10 10:39:16,3057,person,0.9441,0.9464
2026-04-10 10:39:16,3058,person,0.9418,0.9451
2026-04-10 10:39:17,3059,person,0.9411,0.9447
2026-04-10 10:39:17,3060,person,0.9325,0.9395
2026-04-10 10:39:17,3061,person,0.9349,0.9409
2026-04-10 10:39:18,3062,person,0.9436,0.9462
2026-04-10 10:39:18,3063,person,0.9354,0.9412
2026-04-10 10:39:18,3064,person,0.9173,0.9304
2026-04-10 10:39:19,3065,person,0.9149,0.9289
2026-04-10 10:39:19,3066,person,0.9158,0.9295
2026-04-10 10:39:19,3067,person,0.9096,0.9258
2026-04-10 10:39:20,3068,person,0.9163,0.9298
2026-04-10 10:39:20,3069,person,0.9081,0.9249
2026-04-10 10:39:20,3070,person,0.9123,0.9274
2026-04-10 10:39:21,3071,person,0.8974,0.9184
2026-04-10 10:39:21,3072,person,0.8773,0.9064
2026-04-10 10:39:21,3073,person,0.9215,0.9329
2026-04-10 10:39:22,3074,person,0.9341,0.9405
2026-04-10 10:39:22,3075,person,0.9286,0.9371
2026-04-10 10:39:22,3076,person,0.9342,0.9405
2026-04-10 10:39:23,3077,person,0.9330,0.9398
2026-04-10 10:39:23,3078,person,0.9334,0.9400
2026-04-10 10:39:23,3079,person,0.9297,0.9378
2026-04-10 10:39:24,3080,person,0.9199,0.9319
2026-04-10 10:39:24,3081,person,0.8736,0.9042
2026-04-10 10:39:24,3082,person,0.8773,0.9064
2026-04-10 10:39:25,3083,person,0.8382,0.8829
2026-04-10 10:39:25,3084,person,0.8453,0.8872
2026-04-10 10:39:25,3085,person,0.9427,0.9456
2026-04-10 10:39:26,3086,person,0.9405,0.9443
2026-04-10 10:39:26,3087,person,0.9395,0.9437
2026-04-10 10:39:26,3088,person,0.9357,0.9414
2026-04-10 10:39:27,3089,person,0.9396,0.9438
2026-04-10 10:39:27,3090,person,0.9392,0.9435
2026-04-10 10:39:27,3091,person,0.9361,0.9416
2026-04-10 10:39:28,3092,person,0.9346,0.9408
2026-04-10 10:39:28,3093,person,0.9363,0.9418
2026-04-10 10:39:28,3094,person,0.9356,0.9413
2026-04-10 10:39:29,3095,person,0.9370,0.9422
2026-04-10 10:39:29,3096,person,0.9350,0.9410
2026-04-10 10:39:29,3097,person,0.9370,0.9422
2026-04-10 10:39:30,3098,person,0.9350,0.9410
2026-04-10 10:39:30,3099,person,0.9326,0.9396
2026-04-10 10:39:30,3100,person,0.9349,0.9410
2026-04-10 10:39:31,3101,person,0.9402,0.9441
2026-04-10 10:39:31,3102,person,0.9337,0.9402
2026-04-10 10:39:31,3103,person,0.9246,0.9348
2026-04-10 10:39:32,3104,chair,0.9187,0.7912
2026-04-10 10:39:32,3105,person,0.8783,0.9070
2026-04-10 10:39:32,3106,person,0.7468,0.8281
2026-04-10 10:39:33,3107,chair,0.9183,0.7910
2026-04-10 10:39:33,3108,chair,0.9190,0.7914
2026-04-10 10:39:33,3109,chair,0.9195,0.7917
2026-04-10 10:39:34,3110,chair,0.9176,0.7906
2026-04-10 10:39:34,3111,chair,0.9176,0.7906
2026-04-10 10:39:34,3112,chair,0.9211,0.7927
2026-04-10 10:39:35,3113,person,0.7784,0.8470
2026-04-10 10:39:35,3114,person,0.8441,0.8864
2026-04-10 10:39:35,3115,chair,0.9234,0.7940
2026-04-10 10:39:36,3116,chair,0.9211,0.7927
2026-04-10 10:39:36,3117,person,0.7671,0.8403
2026-04-10 10:39:36,3118,person,0.9225,0.9335
2026-04-10 10:39:37,3119,person,0.9234,0.9341
2026-04-10 10:39:37,3120,person,0.9441,0.9465
2026-04-10 10:39:37,3121,person,0.9393,0.9436
2026-04-10 10:39:38,3122,person,0.9477,0.9486
2026-04-10 10:39:38,3123,person,0.9396,0.9438
2026-04-10 10:39:38,3124,person,0.9341,0.9405
2026-04-10 10:39:39,3125,person,0.9361,0.9416
2026-04-10 10:39:39,3126,person,0.9443,0.9466
2026-04-10 10:39:39,3127,person,0.9446,0.9467
2026-04-10 10:39:40,3128,person,0.9427,0.9456
2026-04-10 10:39:40,3129,person,0.9297,0.9378
2026-04-10 10:39:40,3130,person,0.9349,0.9409
2026-04-10 10:39:41,3131,person,0.9304,0.9382
2026-04-10 10:39:41,3132,person,0.9199,0.9319
2026-04-10 10:39:41,3133,person,0.9025,0.9215
2026-04-10 10:39:42,3134,person,0.8636,0.8981
2026-04-10 10:39:42,3135,person,0.9430,0.9458
2026-04-10 10:39:42,3136,person,0.9366,0.9420
2026-04-10 10:39:43,3137,person,0.9443,0.9466
2026-04-10 10:39:43,3138,person,0.9369,0.9421
2026-04-10 10:39:43,3139,person,0.9221,0.9333
2026-04-10 10:39:44,3140,person,0.9158,0.9295
2026-04-10 10:39:44,3141,person,0.9093,0.9256
2026-04-10 10:39:44,3142,person,0.9422,0.9453
2026-04-10 10:39:45,3143,person,0.9190,0.9314
2026-04-10 10:39:45,3144,person,0.9216,0.9330
2026-04-10 10:39:45,3145,person,0.9323,0.9394
2026-04-10 10:39:46,3146,person,0.9346,0.9407
2026-04-10 10:39:46,3147,person,0.9361,0.9417
2026-04-10 10:39:46,3148,person,0.9329,0.9398
2026-04-10 10:39:47,3149,person,0.9275,0.9365
2026-04-10 10:39:47,3150,person,0.9285,0.9371
2026-04-10 10:39:47,3151,person,0.9273,0.9364
2026-04-10 10:39:47,3152,person,0.9357,0.9414
2026-04-10 10:39:48,3153,person,0.9330,0.9398
2026-04-10 10:39:48,3154,person,0.8889,0.9134
2026-04-10 10:39:48,3155,person,0.9318,0.9391
2026-04-10 10:39:49,3156,person,0.9213,0.9328
2026-04-10 10:39:49,3157,person,0.9255,0.9353
2026-04-10 10:39:49,3158,person,0.9213,0.9328
2026-04-10 10:39:50,3159,person,0.9290,0.9374
2026-04-10 10:39:50,3160,person,0.9233,0.9340
2026-04-10 10:39:50,3161,person,0.9084,0.9250
2026-04-10 10:39:51,3162,person,0.9388,0.9433
2026-04-10 10:39:51,3163,person,0.9207,0.9324
2026-04-10 10:39:51,3164,person,0.8928,0.9157
2026-04-10 10:39:52,3165,person,0.9278,0.9367
2026-04-10 10:39:52,3166,person,0.9435,0.9461
2026-04-10 10:39:52,3167,person,0.9329,0.9398
2026-04-10 10:39:53,3168,person,0.9486,0.9492
2026-04-10 10:39:53,3169,person,0.9478,0.9487
2026-04-10 10:39:53,3170,person,0.9460,0.9476
2026-04-10 10:39:54,3171,person,0.9529,0.9518
2026-04-10 10:39:54,3172,person,0.9507,0.9504
2026-04-10 10:39:54,3173,person,0.9470,0.9482
2026-04-10 10:39:55,3174,person,0.9379,0.9427
2026-04-10 10:39:55,3175,person,0.9218,0.9331
2026-04-10 10:39:55,3176,person,0.9194,0.9316
2026-04-10 10:39:56,3177,person,0.9133,0.9280
2026-04-10 10:39:56,3178,person,0.9233,0.9340
2026-04-10 10:39:56,3179,person,0.9085,0.9251
2026-04-10 10:39:57,3180,person,0.8998,0.9199
2026-04-10 10:39:57,3181,person,0.9230,0.9338
2026-04-10 10:39:57,3182,person,0.9633,0.9580
2026-04-10 10:39:58,3183,person,0.9334,0.9400
2026-04-10 10:39:58,3184,person,0.9310,0.9386
2026-04-10 10:39:59,3185,person,0.9329,0.9398
2026-04-10 10:39:59,3186,person,0.9327,0.9396
2026-04-10 10:39:59,3187,person,0.9300,0.9380
2026-04-10 10:40:00,3188,person,0.9252,0.9351
2026-04-10 10:40:00,3189,person,0.9121,0.9273
2026-04-10 10:40:00,3190,person,0.9080,0.9248
2026-04-10 10:40:01,3191,person,0.9217,0.9330
2026-04-10 10:40:01,3192,person,0.9319,0.9391
2026-04-10 10:40:01,3193,person,0.9303,0.9382
2026-04-10 10:40:02,3194,person,0.9446,0.9468
2026-04-10 10:40:02,3195,person,0.9522,0.9513
2026-04-10 10:40:02,3196,person,0.9256,0.9354
2026-04-10 10:40:03,3197,person,0.9157,0.9294
2026-04-10 10:40:03,3198,person,0.8970,0.9182
2026-04-10 10:40:03,3199,person,0.8533,0.8920
2026-04-10 10:40:04,3200,person,0.8804,0.9082
2026-04-10 10:40:04,3201,person,0.8889,0.9134
2026-04-10 10:40:04,3202,person,0.8689,0.9013
2026-04-10 10:40:05,3203,person,0.8489,0.8893
2026-04-10 10:40:05,3204,person,0.8787,0.9072
2026-04-10 10:40:05,3205,person,0.8913,0.9148
2026-04-10 10:40:06,3206,person,0.8975,0.9185
2026-04-10 10:40:06,3207,person,0.8996,0.9197
2026-04-10 10:40:06,3208,person,0.8972,0.9183
2026-04-10 10:40:07,3209,person,0.8776,0.9065
2026-04-10 10:40:07,3210,person,0.8949,0.9170
2026-04-10 10:40:07,3211,person,0.8784,0.9071
2026-04-10 10:40:08,3212,person,0.9049,0.9229
2026-04-10 10:40:08,3213,person,0.9313,0.9388
2026-04-10 10:40:08,3214,person,0.8728,0.9037
2026-04-10 10:40:09,3215,person,0.8835,0.9101
2026-04-10 10:40:09,3216,person,0.8697,0.9018
2026-04-10 10:40:09,3217,person,0.8609,0.8966
2026-04-10 10:40:09,3218,person,0.8427,0.8856
2026-04-10 10:40:10,3219,person,0.8483,0.8890
2026-04-10 10:40:10,3220,person,0.8333,0.8800
2026-04-10 10:40:10,3221,person,0.9040,0.9224
2026-04-10 10:40:11,3222,person,0.9118,0.9271
2026-04-10 10:40:11,3223,person,0.9258,0.9355
2026-04-10 10:40:12,3224,person,0.9027,0.9216
2026-04-10 10:40:12,3225,person,0.9128,0.9277
2026-04-10 10:40:12,3226,person,0.8381,0.8828
2026-04-10 10:40:12,3227,person,0.9432,0.9459
2026-04-10 10:40:13,3228,person,0.9162,0.9297
2026-04-10 10:40:13,3229,person,0.8292,0.8775
2026-04-10 10:40:13,3230,person,0.9430,0.9458
2026-04-10 10:40:14,3231,person,0.9450,0.9470
2026-04-10 10:40:14,3232,person,0.9388,0.9433
2026-04-10 10:40:14,3233,person,0.9395,0.9437
2026-04-10 10:40:15,3234,person,0.8006,0.8604
2026-04-10 10:40:15,3235,person,0.9313,0.9388
2026-04-10 10:40:15,3236,person,0.9323,0.9394
2026-04-10 10:40:16,3237,person,0.9195,0.9317
2026-04-10 10:40:16,3238,person,0.8948,0.9169
2026-04-10 10:40:16,3239,person,0.9425,0.9455
2026-04-10 10:40:17,3240,person,0.9417,0.9450
2026-04-10 10:40:17,3241,person,0.8965,0.9179
2026-04-10 10:40:17,3242,person,0.8986,0.9192
2026-04-10 10:40:18,3243,person,0.8359,0.8816
2026-04-10 10:40:18,3244,person,0.7409,0.8245
2026-04-10 10:40:18,3245,person,0.7093,0.8056
2026-04-10 10:40:19,3246,person,0.8953,0.9172
2026-04-10 10:40:19,3247,person,0.8561,0.8937
2026-04-10 10:40:20,3248,chair,0.7442,0.6865
2026-04-10 10:40:20,3249,person,0.8155,0.8693
2026-04-10 10:40:20,3250,person,0.7911,0.8547
2026-04-10 10:40:20,3251,person,0.8531,0.8919
2026-04-10 10:40:21,3252,chair,0.7734,0.7040
2026-04-10 10:40:21,3253,person,0.7384,0.8231
2026-04-10 10:40:22,3254,person,0.5569,0.7142
2026-04-10 10:40:22,3255,person,0.8562,0.8937
2026-04-10 10:40:22,3256,person,0.8646,0.8988
2026-04-10 10:40:23,3257,person,0.7854,0.8512
2026-04-10 10:40:23,3258,person,0.8233,0.8740
2026-04-10 10:40:23,3259,person,0.9217,0.9330
2026-04-10 10:40:24,3260,person,0.8777,0.9066
2026-04-10 10:40:24,3261,person,0.9103,0.9262
2026-04-10 10:40:24,3262,person,0.9185,0.9311
2026-04-10 10:40:25,3263,person,0.9087,0.9252
2026-04-10 10:40:25,3264,person,0.9092,0.9255
2026-04-10 10:40:25,3265,person,0.9236,0.9341
2026-04-10 10:40:26,3266,person,0.9323,0.9394
2026-04-10 10:40:26,3267,person,0.9192,0.9315
2026-04-10 10:40:26,3268,person,0.9318,0.9391
2026-04-10 10:40:27,3269,person,0.9229,0.9337
2026-04-10 10:40:27,3270,person,0.9238,0.9343
2026-04-10 10:40:27,3271,person,0.9144,0.9286
2026-04-10 10:40:28,3272,person,0.9331,0.9398
2026-04-10 10:40:28,3273,person,0.9272,0.9363
2026-04-10 10:40:28,3274,person,0.9339,0.9403
2026-04-10 10:40:29,3275,person,0.9316,0.9390
2026-04-10 10:40:29,3276,person,0.9224,0.9334
2026-04-10 10:40:29,3277,person,0.9179,0.9307
2026-04-10 10:40:30,3278,person,0.9158,0.9295
2026-04-10 10:40:30,3279,person,0.9214,0.9328
2026-04-10 10:40:30,3280,person,0.9343,0.9406
2026-04-10 10:40:30,3281,person,0.9352,0.9411
2026-04-10 10:40:31,3282,person,0.9169,0.9302
2026-04-10 10:40:31,3283,person,0.8042,0.8625
2026-04-10 10:40:32,3284,person,0.7592,0.8355
2026-04-10 10:40:32,3285,person,0.7087,0.8052
2026-04-10 10:40:32,3286,person,0.6883,0.7930
2026-04-10 10:40:32,3287,person,0.5579,0.7148
2026-04-10 10:40:33,3288,person,0.4847,0.6708
2026-04-10 10:40:33,3289,person,0.7353,0.8212
2026-04-10 10:40:34,3291,person,0.5940,0.7364
2026-04-10 10:40:34,3292,cat,0.5494,0.5297
2026-04-10 10:40:34,3293,person,0.3688,0.6013
2026-04-10 10:40:35,3294,person,0.4323,0.6394
2026-04-10 10:40:35,3296,person,0.5272,0.6963
2026-04-10 10:40:36,3297,person,0.6928,0.7957
2026-04-10 10:40:38,3304,person,0.5137,0.6882
2026-04-10 10:40:39,3305,dog,0.6225,0.5735
2026-04-10 10:40:39,3306,toothbrush,0.5359,0.5215
2026-04-10 10:40:39,3307,person,0.7857,0.8514
2026-04-10 10:40:40,3308,person,0.9452,0.9471
2026-04-10 10:40:40,3309,person,0.9503,0.9502
2026-04-10 10:40:40,3310,person,0.9429,0.9457
2026-04-10 10:40:41,3311,person,0.9502,0.9501
2026-04-10 10:40:41,3312,person,0.9416,0.9450
2026-04-10 10:40:41,3313,person,0.8823,0.9094
2026-04-10 10:40:42,3314,person,0.9417,0.9450
2026-04-10 10:40:42,3315,person,0.9397,0.9438
2026-04-10 10:40:42,3316,person,0.9030,0.9218
2026-04-10 10:40:43,3317,person,0.9432,0.9459
2026-04-10 10:40:43,3318,person,0.9551,0.9530
2026-04-10 10:40:43,3319,person,0.9463,0.9478
2026-04-10 10:40:44,3320,person,0.9418,0.9451
2026-04-10 10:40:44,3321,person,0.9504,0.9502
2026-04-10 10:40:44,3322,person,0.9423,0.9454
2026-04-10 10:40:45,3323,person,0.9402,0.9441
2026-04-10 10:40:45,3324,person,0.9036,0.9222
2026-04-10 10:40:45,3325,person,0.9327,0.9396
2026-04-10 10:40:46,3326,person,0.9395,0.9437
2026-04-10 10:40:46,3327,person,0.9097,0.9258
2026-04-10 10:40:46,3328,person,0.9309,0.9385
2026-04-10 10:40:47,3329,person,0.9392,0.9435
2026-04-10 10:40:47,3330,person,0.9240,0.9344
2026-04-10 10:40:48,3331,person,0.9093,0.9256
2026-04-10 10:40:48,3332,person,0.9341,0.9405
2026-04-10 10:40:48,3333,person,0.9053,0.9232
2026-04-10 10:40:49,3334,person,0.9219,0.9332
2026-04-10 10:40:49,3335,person,0.8768,0.9061
2026-04-10 10:40:49,3336,person,0.9048,0.9229
2026-04-10 10:40:50,3337,person,0.9154,0.9292
2026-04-10 10:40:50,3338,person,0.9354,0.9412
2026-04-10 10:40:50,3339,person,0.8812,0.9087
2026-04-10 10:40:51,3340,person,0.9410,0.9446
2026-04-10 10:40:51,3341,person,0.9401,0.9441
2026-04-10 10:40:51,3342,person,0.9456,0.9473
2026-04-10 10:40:52,3343,person,0.9185,0.9311
2026-04-10 10:40:52,3344,person,0.8076,0.8645
2026-04-10 10:40:52,3345,person,0.9296,0.9378
2026-04-10 10:40:53,3346,person,0.9398,0.9439
2026-04-10 10:40:53,3347,person,0.9363,0.9418
2026-04-10 10:40:53,3348,person,0.9408,0.9445
2026-04-10 10:40:54,3349,person,0.9245,0.9347
2026-04-10 10:40:54,3350,person,0.9358,0.9415
2026-04-10 10:40:54,3351,person,0.9453,0.9472
2026-04-10 10:40:55,3352,person,0.9481,0.9488
2026-04-10 10:40:55,3353,person,0.9189,0.9313
2026-04-10 10:40:55,3354,person,0.7997,0.8598
2026-04-10 10:40:56,3355,person,0.8833,0.9100
2026-04-10 10:40:56,3356,person,0.9381,0.9428
2026-04-10 10:40:57,3357,person,0.9418,0.9451
2026-04-10 10:40:57,3358,person,0.9084,0.9250
2026-04-10 10:40:57,3359,person,0.9461,0.9476
2026-04-10 10:40:58,3360,person,0.9403,0.9442
2026-04-10 10:40:58,3361,person,0.8114,0.8669
2026-04-10 10:40:58,3362,person,0.7140,0.8084
2026-04-10 10:40:59,3363,person,0.9240,0.9344
2026-04-10 10:40:59,3364,person,0.9461,0.9476
2026-04-10 10:40:59,3365,person,0.9463,0.9478
2026-04-10 10:41:00,3366,person,0.9392,0.9435
2026-04-10 10:41:00,3367,person,0.9124,0.9275
2026-04-10 10:41:00,3368,person,0.9366,0.9420
2026-04-10 10:41:01,3369,person,0.9242,0.9345
2026-04-10 10:41:01,3370,person,0.9283,0.9370
2026-04-10 10:41:01,3371,person,0.9389,0.9434
2026-04-10 10:41:02,3372,person,0.9399,0.9439
2026-04-10 10:41:02,3373,person,0.9309,0.9385
2026-04-10 10:41:02,3374,person,0.9350,0.9410
2026-04-10 10:41:03,3375,person,0.8930,0.9158
2026-04-10 10:41:03,3376,person,0.8463,0.8878
2026-04-10 10:41:03,3377,person,0.8492,0.8895
2026-04-10 10:41:04,3378,person,0.8427,0.8856
2026-04-10 10:41:04,3379,person,0.8665,0.8999
2026-04-10 10:41:04,3380,person,0.9140,0.9284
2026-04-10 10:41:05,3381,person,0.9290,0.9374
2026-04-10 10:41:05,3382,person,0.9158,0.9295
2026-04-10 10:41:05,3383,person,0.9328,0.9397
2026-04-10 10:41:06,3384,person,0.9314,0.9388
2026-04-10 10:41:06,3385,person,0.9228,0.9337
2026-04-10 10:41:06,3386,person,0.9392,0.9435
2026-04-10 10:41:07,3387,person,0.9357,0.9414
2026-04-10 10:41:07,3388,person,0.9426,0.9455
2026-04-10 10:41:07,3389,person,0.9432,0.9459
2026-04-10 10:41:08,3390,person,0.9284,0.9371
2026-04-10 10:41:08,3391,person,0.9189,0.9313
2026-04-10 10:41:08,3392,person,0.8665,0.8999
2026-04-10 10:41:09,3393,person,0.6445,0.7667
2026-04-10 10:41:09,3394,person,0.8977,0.9186
2026-04-10 10:41:09,3395,person,0.8542,0.8925
2026-04-10 10:41:10,3396,person,0.7699,0.8419
2026-04-10 10:41:10,3397,person,0.8869,0.9121
2026-04-10 10:41:10,3398,person,0.8007,0.8604
2026-04-10 10:41:11,3399,person,0.7927,0.8556
2026-04-10 10:41:11,3400,person,0.7786,0.8472
2026-04-10 10:41:11,3401,person,0.7263,0.8158
2026-04-10 10:41:12,3402,person,0.7366,0.8220
2026-04-10 10:41:12,3403,person,0.8742,0.9045
2026-04-10 10:41:12,3404,person,0.8922,0.9153
2026-04-10 10:41:13,3405,person,0.8855,0.9113
2026-04-10 10:41:13,3406,person,0.8855,0.9113
2026-04-10 10:41:14,3407,person,0.8867,0.9120
2026-04-10 10:41:14,3408,person,0.8945,0.9167
2026-04-10 10:41:14,3409,person,0.9288,0.9373
2026-04-10 10:41:15,3410,person,0.8890,0.9134
2026-04-10 10:41:15,3411,person,0.9036,0.9221
2026-04-10 10:41:15,3412,person,0.8642,0.8985
2026-04-10 10:41:16,3413,person,0.6914,0.7948
2026-04-10 10:41:16,3414,chair,0.8371,0.7422
2026-04-10 10:41:17,3415,person,0.8241,0.8744
2026-04-10 10:41:17,3416,person,0.8688,0.9013
2026-04-10 10:41:17,3417,person,0.7799,0.8479
2026-04-10 10:41:18,3418,person,0.7038,0.8023
2026-04-10 10:41:18,3419,person,0.9173,0.9304
2026-04-10 10:41:18,3420,person,0.8207,0.8724
2026-04-10 10:41:19,3421,person,0.9304,0.9382
2026-04-10 10:41:19,3422,person,0.9263,0.9358
2026-04-10 10:41:20,3423,person,0.9080,0.9248
2026-04-10 10:41:20,3424,person,0.9024,0.9215
2026-04-10 10:41:20,3425,person,0.8253,0.8752
2026-04-10 10:41:21,3426,person,0.9006,0.9204
2026-04-10 10:41:21,3427,chair,0.8917,0.7750
2026-04-10 10:41:21,3428,person,0.9045,0.9227
2026-04-10 10:41:22,3429,person,0.8733,0.9040
2026-04-10 10:41:22,3430,person,0.9250,0.9350
2026-04-10 10:41:22,3431,person,0.8835,0.9101
2026-04-10 10:41:23,3432,person,0.9219,0.9331
2026-04-10 10:41:23,3433,person,0.9002,0.9201
2026-04-10 10:41:23,3434,person,0.9234,0.9341
2026-04-10 10:41:24,3435,person,0.9250,0.9350
2026-04-10 10:41:24,3436,person,0.7283,0.8170
2026-04-10 10:41:25,3437,person,0.9199,0.9319
2026-04-10 10:41:25,3438,person,0.9150,0.9290
2026-04-10 10:41:25,3439,person,0.9505,0.9503
2026-04-10 10:41:25,3440,person,0.9570,0.9542
2026-04-10 10:41:26,3441,person,0.9569,0.9541
2026-04-10 10:41:26,3442,person,0.9565,0.9539
2026-04-10 10:41:26,3443,person,0.9581,0.9549
2026-04-10 10:41:26,3444,person,0.9585,0.9551
2026-04-10 10:41:27,3445,person,0.9596,0.9558
2026-04-10 10:41:27,3446,person,0.9597,0.9558
2026-04-10 10:41:27,3447,person,0.9571,0.9543
2026-04-10 10:41:28,3448,person,0.9488,0.9493
2026-04-10 10:41:28,3449,person,0.9305,0.9383
2026-04-10 10:41:28,3450,person,0.9267,0.9360
2026-04-10 10:41:29,3451,person,0.7911,0.8547
2026-04-10 10:41:29,3452,person,0.6263,0.7558
2026-04-10 10:41:29,3453,person,0.9232,0.9339
2026-04-10 10:41:30,3454,chair,0.9059,0.7835
2026-04-10 10:41:30,3455,person,0.7044,0.8027
2026-04-10 10:41:31,3456,person,0.9255,0.9353
2026-04-10 10:41:31,3457,person,0.9533,0.9520
2026-04-10 10:41:31,3458,person,0.9462,0.9477
2026-04-10 10:41:32,3459,person,0.9347,0.9408
2026-04-10 10:41:32,3460,person,0.9352,0.9411
2026-04-10 10:41:33,3461,person,0.9410,0.9446
2026-04-10 10:41:33,3462,person,0.9484,0.9490
2026-04-10 10:41:33,3463,person,0.9391,0.9435
2026-04-10 10:41:34,3464,person,0.9371,0.9423
2026-04-10 10:41:34,3465,chair,0.8956,0.7774
2026-04-10 10:41:34,3466,person,0.8278,0.8767
2026-04-10 10:41:35,3467,person,0.8421,0.8853
2026-04-10 10:41:35,3468,person,0.8505,0.8903
2026-04-10 10:41:36,3469,person,0.9041,0.9225
2026-04-10 10:41:36,3470,person,0.8947,0.9168
2026-04-10 10:41:36,3471,person,0.9014,0.9208
2026-04-10 10:41:37,3472,person,0.9204,0.9322
2026-04-10 10:41:37,3473,person,0.9077,0.9246
2026-04-10 10:41:37,3474,person,0.9001,0.9201
2026-04-10 10:41:38,3475,person,0.9005,0.9203
2026-04-10 10:41:38,3476,person,0.9224,0.9334
2026-04-10 10:41:39,3477,person,0.9431,0.9458
2026-04-10 10:41:39,3478,person,0.9380,0.9428
2026-04-10 10:41:39,3479,person,0.9391,0.9434
2026-04-10 10:41:40,3480,person,0.9368,0.9421
2026-04-10 10:41:40,3481,person,0.9363,0.9418
2026-04-10 10:41:40,3482,person,0.9376,0.9425
2026-04-10 10:41:41,3483,person,0.9452,0.9471
2026-04-10 10:41:41,3484,person,0.9424,0.9454
2026-04-10 10:41:41,3485,person,0.9460,0.9476
2026-04-10 10:41:42,3486,person,0.9460,0.9476
2026-04-10 10:41:42,3487,person,0.9316,0.9390
2026-04-10 10:41:43,3488,person,0.9334,0.9400
2026-04-10 10:41:43,3489,person,0.9331,0.9399
2026-04-10 10:41:43,3490,person,0.9336,0.9402
2026-04-10 10:41:44,3491,person,0.9355,0.9413
2026-04-10 10:41:44,3492,person,0.9106,0.9264
2026-04-10 10:41:44,3493,person,0.8688,0.9013
2026-04-10 10:41:45,3494,umbrella,0.7636,0.6581
2026-04-10 10:41:45,3495,person,0.7873,0.8524
2026-04-10 10:41:46,3496,person,0.7103,0.8062
2026-04-10 10:41:46,3497,chair,0.9256,0.7954
2026-04-10 10:41:46,3498,person,0.7642,0.8385
2026-04-10 10:41:47,3499,person,0.7617,0.8370
2026-04-10 10:41:47,3500,person,0.7827,0.8496
2026-04-10 10:41:47,3501,person,0.7867,0.8520
2026-04-10 10:41:48,3502,chair,0.9150,0.7890
2026-04-10 10:41:48,3503,chair,0.9160,0.7896
2026-04-10 10:41:48,3504,chair,0.9212,0.7927
2026-04-10 10:41:49,3505,person,0.7358,0.8215
2026-04-10 10:41:49,3506,person,0.7206,0.8124
2026-04-10 10:41:49,3507,chair,0.9233,0.7940
2026-04-10 10:41:50,3508,person,0.7328,0.8197
2026-04-10 10:41:50,3509,person,0.7544,0.8326
2026-04-10 10:41:50,3510,chair,0.9264,0.7958
2026-04-10 10:41:51,3511,person,0.8093,0.8656
2026-04-10 10:41:51,3512,person,0.7759,0.8456
2026-04-10 10:41:51,3513,person,0.7894,0.8536
2026-04-10 10:41:52,3514,person,0.7773,0.8464
2026-04-10 10:41:52,3515,person,0.7651,0.8391
2026-04-10 10:41:52,3516,person,0.7612,0.8367
2026-04-10 10:41:53,3517,person,0.7663,0.8398
2026-04-10 10:41:53,3518,person,0.6987,0.7992
2026-04-10 10:41:53,3519,person,0.7532,0.8319
2026-04-10 10:41:54,3520,person,0.7129,0.8078
2026-04-10 10:41:54,3521,person,0.7361,0.8216
2026-04-10 10:41:54,3522,person,0.7356,0.8214
2026-04-10 10:41:55,3523,person,0.7521,0.8312
2026-04-10 10:41:55,3524,person,0.7726,0.8436
2026-04-10 10:41:55,3525,person,0.7925,0.8555
2026-04-10 10:41:56,3526,person,0.7807,0.8484
2026-04-10 10:41:56,3527,person,0.7884,0.8530
2026-04-10 10:41:56,3528,person,0.7579,0.8348
2026-04-10 10:41:57,3529,person,0.7640,0.8384
2026-04-10 10:41:57,3530,person,0.7253,0.8152
2026-04-10 10:41:57,3531,chair,0.9249,0.7949
2026-04-10 10:41:58,3532,person,0.7954,0.8572
2026-04-10 10:41:58,3533,person,0.6965,0.7979
2026-04-10 10:41:58,3534,chair,0.9252,0.7951
2026-04-10 10:41:59,3535,chair,0.9224,0.7934
2026-04-10 10:41:59,3536,person,0.6965,0.7979
2026-04-10 10:41:59,3537,person,0.6962,0.7977
2026-04-10 10:42:00,3538,person,0.7860,0.8516
2026-04-10 10:42:00,3539,person,0.7813,0.8488
2026-04-10 10:42:00,3540,chair,0.9279,0.7967
2026-04-10 10:42:01,3541,chair,0.9234,0.7940
2026-04-10 10:42:01,3542,chair,0.9290,0.7974
2026-04-10 10:42:01,3543,person,0.7566,0.8340
2026-04-10 10:42:02,3544,person,0.7470,0.8282
2026-04-10 10:42:02,3545,chair,0.9290,0.7974
2026-04-10 10:42:02,3546,chair,0.9270,0.7962
2026-04-10 10:42:03,3547,chair,0.9248,0.7949
2026-04-10 10:42:03,3548,person,0.7490,0.8294
2026-04-10 10:42:03,3549,chair,0.9274,0.7965
2026-04-10 10:42:04,3550,chair,0.9290,0.7974
2026-04-10 10:42:04,3551,chair,0.9265,0.7959
2026-04-10 10:42:04,3552,chair,0.9306,0.7983
2026-04-10 10:42:05,3553,chair,0.9267,0.7960
2026-04-10 10:42:05,3554,chair,0.9296,0.7977
2026-04-10 10:42:05,3555,chair,0.9270,0.7962
2026-04-10 10:42:06,3556,chair,0.9320,0.7992
2026-04-10 10:42:06,3557,chair,0.9289,0.7974
2026-04-10 10:42:06,3558,chair,0.9247,0.7948
2026-04-10 10:42:07,3559,chair,0.9278,0.7967
2026-04-10 10:42:07,3560,chair,0.9294,0.7976
2026-04-10 10:42:07,3561,person,0.7395,0.8237
2026-04-10 10:42:08,3562,person,0.7823,0.8494
2026-04-10 10:42:08,3563,chair,0.9313,0.7988
2026-04-10 10:42:08,3564,person,0.7638,0.8383
2026-04-10 10:42:09,3565,person,0.7704,0.8422
2026-04-10 10:42:09,3566,chair,0.9288,0.7973
2026-04-10 10:42:09,3567,chair,0.9259,0.7955
2026-04-10 10:42:10,3568,person,0.7552,0.8331
2026-04-10 10:42:10,3569,chair,0.9292,0.7975
2026-04-10 10:42:10,3570,chair,0.9257,0.7954
2026-04-10 10:42:11,3571,chair,0.9289,0.7973
2026-04-10 10:42:11,3572,chair,0.9259,0.7956
2026-04-10 10:42:11,3573,chair,0.9279,0.7967
2026-04-10 10:42:12,3574,chair,0.9171,0.7903
2026-04-10 10:42:12,3575,chair,0.9157,0.7894
2026-04-10 10:42:12,3576,chair,0.9308,0.7985
2026-04-10 10:42:13,3577,chair,0.9245,0.7947
2026-04-10 10:42:13,3578,person,0.7319,0.8192
2026-04-10 10:42:13,3579,person,0.7258,0.8155
2026-04-10 10:42:14,3580,person,0.7124,0.8075
2026-04-10 10:42:14,3581,person,0.7146,0.8088
2026-04-10 10:42:14,3582,person,0.7160,0.8096
2026-04-10 10:42:15,3583,chair,0.9261,0.7957
2026-04-10 10:42:15,3584,person,0.8140,0.8684
2026-04-10 10:42:15,3585,person,0.8298,0.8779
2026-04-10 10:42:16,3586,person,0.7512,0.8307
2026-04-10 10:42:16,3587,person,0.8613,0.8968
2026-04-10 10:42:16,3588,person,0.7983,0.8590
2026-04-10 10:42:17,3589,person,0.7110,0.8066
2026-04-10 10:42:17,3590,person,0.7726,0.8436
2026-04-10 10:42:17,3591,chair,0.9296,0.7977
2026-04-10 10:42:18,3592,chair,0.9176,0.7906
2026-04-10 10:42:18,3593,chair,0.9198,0.7919
2026-04-10 10:42:18,3594,chair,0.9283,0.7970
2026-04-10 10:42:19,3595,chair,0.9272,0.7963
2026-04-10 10:42:19,3596,chair,0.9287,0.7972
2026-04-10 10:42:19,3597,chair,0.9259,0.7956
2026-04-10 10:42:20,3598,chair,0.9275,0.7965
2026-04-10 10:42:20,3599,chair,0.9288,0.7973
2026-04-10 10:42:20,3600,chair,0.9305,0.7983
2026-04-10 10:42:21,3601,chair,0.9239,0.7943
2026-04-10 10:42:21,3602,chair,0.9269,0.7962
2026-04-10 10:42:21,3603,chair,0.9288,0.7973
2026-04-10 10:42:22,3604,chair,0.9279,0.7967
2026-04-10 10:42:22,3605,chair,0.9284,0.7970
2026-04-10 10:42:22,3606,chair,0.9176,0.7905
2026-04-10 10:42:23,3607,chair,0.9208,0.7925
2026-04-10 10:42:23,3608,chair,0.9280,0.7968
2026-04-10 10:42:23,3609,person,0.7884,0.8531
2026-04-10 10:42:24,3610,person,0.7672,0.8403
2026-04-10 10:42:24,3611,person,0.7474,0.8284
2026-04-10 10:42:24,3612,person,0.8211,0.8726
2026-04-10 10:42:25,3613,person,0.8094,0.8656
2026-04-10 10:42:25,3614,person,0.7433,0.8260
2026-04-10 10:42:25,3615,person,0.7180,0.8108
2026-04-10 10:42:26,3616,person,0.8242,0.8745
2026-04-10 10:42:26,3617,person,0.8620,0.8972
2026-04-10 10:42:26,3618,person,0.7392,0.8235
2026-04-10 10:42:27,3619,person,0.7410,0.8246
2026-04-10 10:42:27,3620,chair,0.9267,0.7960
2026-04-10 10:42:27,3621,chair,0.9227,0.7936
2026-04-10 10:42:28,3622,chair,0.9247,0.7948
2026-04-10 10:42:28,3623,chair,0.9257,0.7954
2026-04-10 10:42:28,3624,chair,0.9290,0.7974
2026-04-10 10:42:29,3625,chair,0.9230,0.7938
2026-04-10 10:42:29,3626,chair,0.9266,0.7960
2026-04-10 10:42:29,3627,chair,0.9281,0.7969
2026-04-10 10:42:30,3628,chair,0.9221,0.7932
2026-04-10 10:42:30,3629,chair,0.9225,0.7935
2026-04-10 10:42:30,3630,chair,0.9220,0.7932
2026-04-10 10:42:31,3631,chair,0.9236,0.7942
2026-04-10 10:42:31,3632,chair,0.9250,0.7950
2026-04-10 10:42:31,3633,chair,0.9315,0.7989
2026-04-10 10:42:32,3634,chair,0.9270,0.7962
2026-04-10 10:42:32,3635,chair,0.9182,0.7909
2026-04-10 10:42:32,3636,person,0.7898,0.8539
2026-04-10 10:42:33,3637,person,0.7150,0.8090
2026-04-10 10:42:33,3638,chair,0.9208,0.7925
2026-04-10 10:42:33,3639,chair,0.9166,0.7899
2026-04-10 10:42:34,3640,person,0.7389,0.8234
2026-04-10 10:42:34,3641,chair,0.9210,0.7926
2026-04-10 10:42:34,3642,person,0.6978,0.7987
2026-04-10 10:42:35,3643,chair,0.9166,0.7899
2026-04-10 10:42:35,3644,person,0.6860,0.7916
2026-04-10 10:42:35,3645,person,0.8903,0.9142
2026-04-10 10:42:36,3646,chair,0.9165,0.7899
2026-04-10 10:42:36,3647,person,0.8164,0.8699
2026-04-10 10:42:36,3648,person,0.8657,0.8994
2026-04-10 10:42:37,3649,person,0.8806,0.9084
2026-04-10 10:42:37,3650,person,0.9325,0.9395
2026-04-10 10:42:37,3651,person,0.8848,0.9109
2026-04-10 10:42:38,3652,person,0.8582,0.8949
2026-04-10 10:42:38,3653,person,0.9212,0.9327
2026-04-10 10:42:38,3654,person,0.9324,0.9394
2026-04-10 10:42:39,3655,person,0.9181,0.9308
2026-04-10 10:42:39,3656,person,0.9295,0.9377
2026-04-10 10:42:39,3657,person,0.9267,0.9360
2026-04-10 10:42:40,3658,person,0.9296,0.9377
2026-04-10 10:42:40,3659,person,0.6570,0.7742
2026-04-10 10:42:40,3660,person,0.9306,0.9384
2026-04-10 10:42:41,3661,person,0.9281,0.9369
2026-04-10 10:42:41,3662,person,0.8379,0.8827
2026-04-10 10:42:41,3663,person,0.7366,0.8220
2026-04-10 10:42:42,3664,person,0.8259,0.8756
2026-04-10 10:42:42,3665,person,0.8672,0.9003
2026-04-10 10:42:42,3666,person,0.9414,0.9448
2026-04-10 10:42:43,3667,person,0.9109,0.9265
2026-04-10 10:42:43,3668,person,0.9260,0.9356
2026-04-10 10:42:43,3669,person,0.9075,0.9245
2026-04-10 10:42:44,3670,person,0.9154,0.9293
2026-04-10 10:42:44,3671,person,0.8770,0.9062
2026-04-10 10:42:44,3672,person,0.8997,0.9198
2026-04-10 10:42:45,3673,person,0.8302,0.8781
2026-04-10 10:42:45,3674,person,0.8874,0.9124
2026-04-10 10:42:45,3675,person,0.8717,0.9030
2026-04-10 10:42:46,3676,person,0.8908,0.9145
2026-04-10 10:42:46,3677,chair,0.8797,0.7678
2026-04-10 10:42:46,3678,chair,0.8838,0.7703
2026-04-10 10:42:47,3679,chair,0.8893,0.7736
2026-04-10 10:42:47,3680,chair,0.8986,0.7792
2026-04-10 10:42:47,3681,chair,0.9009,0.7805
2026-04-10 10:42:48,3682,chair,0.8840,0.7704
2026-04-10 10:42:48,3683,chair,0.8850,0.7710
2026-04-10 10:42:48,3684,chair,0.9087,0.7852
2026-04-10 10:42:48,3685,chair,0.8862,0.7717
2026-04-10 10:42:49,3686,chair,0.9042,0.7825
2026-04-10 10:42:49,3687,person,0.6993,0.7996
2026-04-10 10:42:49,3688,chair,0.8889,0.7733
2026-04-10 10:42:50,3689,chair,0.8843,0.7706
2026-04-10 10:42:50,3690,chair,0.8923,0.7754
2026-04-10 10:42:50,3691,chair,0.8929,0.7757
2026-04-10 10:42:51,3692,chair,0.8989,0.7793
2026-04-10 10:42:51,3693,chair,0.8975,0.7785
2026-04-10 10:42:51,3694,chair,0.8972,0.7783
2026-04-10 10:42:52,3695,chair,0.9056,0.7834
2026-04-10 10:42:52,3696,chair,0.9039,0.7823
2026-04-10 10:42:52,3697,chair,0.9108,0.7865
2026-04-10 10:42:53,3698,chair,0.8975,0.7785
2026-04-10 10:42:53,3699,chair,0.8954,0.7772
2026-04-10 10:42:53,3700,chair,0.9061,0.7836
2026-04-10 10:42:54,3701,person,0.8534,0.8920
2026-04-10 10:42:54,3702,chair,0.8989,0.7794
2026-04-10 10:42:54,3703,chair,0.8971,0.7783
2026-04-10 10:42:55,3704,person,0.9557,0.9534
2026-04-10 10:42:55,3705,person,0.9494,0.9496
2026-04-10 10:42:55,3706,person,0.9194,0.9316
2026-04-10 10:42:56,3707,person,0.9245,0.9347
2026-04-10 10:42:56,3708,person,0.7621,0.8372
2026-04-10 10:42:56,3709,person,0.8766,0.9060
2026-04-10 10:42:56,3710,person,0.7108,0.8065
2026-04-10 10:42:57,3711,person,0.7853,0.8512
2026-04-10 10:42:57,3712,person,0.8784,0.9071
2026-04-10 10:42:57,3713,person,0.9465,0.9479
2026-04-10 10:42:58,3714,person,0.8232,0.8739
2026-04-10 10:42:58,3715,person,0.7845,0.8507
2026-04-10 10:42:58,3716,person,0.9010,0.9206
2026-04-10 10:42:59,3717,person,0.9071,0.9243
2026-04-10 10:42:59,3718,person,0.9351,0.9410
2026-04-10 10:42:59,3719,person,0.9450,0.9470
2026-04-10 10:43:00,3720,person,0.9206,0.9323
2026-04-10 10:43:00,3721,person,0.9367,0.9420
2026-04-10 10:43:00,3722,person,0.8902,0.9141
2026-04-10 10:43:01,3723,person,0.9066,0.9240
2026-04-10 10:43:01,3724,person,0.9354,0.9413
2026-04-10 10:43:01,3725,person,0.8909,0.9146
2026-04-10 10:43:02,3726,person,0.9105,0.9263
2026-04-10 10:43:02,3727,person,0.8875,0.9125
2026-04-10 10:43:02,3728,person,0.9184,0.9310
2026-04-10 10:43:03,3729,person,0.6629,0.7777
2026-04-10 10:43:03,3730,person,0.9371,0.9422
2026-04-10 10:43:03,3731,person,0.9436,0.9462
2026-04-10 10:43:04,3732,person,0.9468,0.9481
2026-04-10 10:43:04,3733,person,0.8569,0.8941
2026-04-10 10:43:04,3734,person,0.9163,0.9298
2026-04-10 10:43:04,3735,person,0.9158,0.9295
2026-04-10 10:43:05,3736,person,0.8085,0.8651
2026-04-10 10:43:05,3737,person,0.8768,0.9061
2026-04-10 10:43:05,3738,person,0.9354,0.9413
2026-04-10 10:43:06,3739,person,0.9243,0.9346
2026-04-10 10:43:06,3740,tv,0.8560,0.7136
2026-04-10 10:43:06,3741,tv,0.8746,0.7248
2026-04-10 10:43:07,3742,person,0.7873,0.8524
2026-04-10 10:43:07,3743,person,0.7490,0.8294
2026-04-10 10:43:07,3744,person,0.7110,0.8066
2026-04-10 10:43:08,3745,person,0.8848,0.9109
2026-04-10 10:43:08,3746,person,0.8938,0.9163
2026-04-10 10:43:08,3747,person,0.9005,0.9203
2026-04-10 10:43:09,3748,person,0.9354,0.9412
2026-04-10 10:43:09,3749,person,0.8733,0.9040
2026-04-10 10:43:09,3750,person,0.7840,0.8504
2026-04-10 10:43:10,3751,chair,0.9191,0.7915
2026-04-10 10:43:10,3752,person,0.8161,0.8697
2026-04-10 10:43:10,3753,person,0.9450,0.9470
2026-04-10 10:43:11,3754,person,0.9434,0.9460
2026-04-10 10:43:11,3755,person,0.9403,0.9442
2026-04-10 10:43:11,3756,person,0.9416,0.9450
2026-04-10 10:43:12,3757,person,0.9265,0.9359
2026-04-10 10:43:12,3758,person,0.9466,0.9479
2026-04-10 10:43:12,3759,person,0.9504,0.9502
2026-04-10 10:43:13,3760,person,0.9474,0.9484
2026-04-10 10:43:13,3761,person,0.9150,0.9290
2026-04-10 10:43:13,3762,person,0.9372,0.9423
2026-04-10 10:43:14,3763,person,0.9453,0.9472
2026-04-10 10:43:14,3764,person,0.9382,0.9429
2026-04-10 10:43:14,3765,person,0.9434,0.9461
2026-04-10 10:43:15,3766,person,0.9165,0.9299
2026-04-10 10:43:15,3767,person,0.3610,0.5966
2026-04-10 10:43:15,3768,person,0.8883,0.9130
2026-04-10 10:43:16,3769,tv,0.7260,0.6356
2026-04-10 10:43:16,3770,chair,0.8276,0.7366
2026-04-10 10:43:17,3773,person,0.6722,0.7833
2026-04-10 10:43:18,3774,tv,0.8904,0.7343
2026-04-10 10:43:18,3775,person,0.5820,0.7292
2026-04-10 10:43:18,3776,tv,0.8433,0.7060
2026-04-10 10:43:19,3777,tv,0.8630,0.7178
2026-04-10 10:43:19,3778,person,0.8469,0.8881
2026-04-10 10:43:19,3779,person,0.6920,0.7952
2026-04-10 10:43:20,3780,person,0.6451,0.7671
2026-04-10 10:43:20,3781,person,0.7764,0.8459
2026-04-10 10:43:20,3782,person,0.7077,0.8046
2026-04-10 10:43:21,3783,person,0.7671,0.8403
2026-04-10 10:43:21,3784,person,0.8889,0.9133
2026-04-10 10:43:21,3785,person,0.7743,0.8446
2026-04-10 10:43:22,3786,person,0.7993,0.8596
2026-04-10 10:43:22,3787,person,0.8273,0.8764
2026-04-10 10:43:22,3788,person,0.7470,0.8282
2026-04-10 10:43:23,3789,person,0.7593,0.8356
2026-04-10 10:43:23,3790,person,0.7583,0.8350
2026-04-10 10:43:23,3791,person,0.7927,0.8556
2026-04-10 10:43:24,3792,person,0.7825,0.8495
2026-04-10 10:43:24,3793,person,0.8801,0.9081
2026-04-10 10:43:24,3794,person,0.9350,0.9410
2026-04-10 10:43:25,3795,person,0.9370,0.9422
2026-04-10 10:43:25,3796,person,0.9344,0.9406
2026-04-10 10:43:25,3797,person,0.9242,0.9345
2026-04-10 10:43:26,3798,person,0.6765,0.7859
2026-04-10 10:43:26,3799,person,0.6943,0.7966
2026-04-10 10:43:26,3800,person,0.8929,0.9157
2026-04-10 10:43:27,3801,person,0.9322,0.9393
2026-04-10 10:43:27,3802,person,0.7107,0.8064
2026-04-10 10:43:27,3803,person,0.9272,0.9363
2026-04-10 10:43:28,3804,person,0.9273,0.9364
2026-04-10 10:43:28,3805,person,0.8469,0.8882
2026-04-10 10:43:28,3806,person,0.9199,0.9320
2026-04-10 10:43:29,3807,person,0.9361,0.9417
2026-04-10 10:43:29,3808,person,0.9423,0.9454
2026-04-10 10:43:29,3809,person,0.9395,0.9437
2026-04-10 10:43:30,3810,person,0.9343,0.9406
2026-04-10 10:43:30,3811,person,0.9370,0.9422
2026-04-10 10:43:30,3812,person,0.9263,0.9358
2026-04-10 10:43:31,3813,person,0.9267,0.9360
2026-04-10 10:43:31,3814,person,0.9270,0.9362
2026-04-10 10:43:31,3815,person,0.9225,0.9335
2026-04-10 10:43:32,3816,person,0.9239,0.9343
2026-04-10 10:43:32,3817,person,0.9302,0.9381
2026-04-10 10:43:32,3818,person,0.9292,0.9375
2026-04-10 10:43:33,3819,person,0.9291,0.9375
2026-04-10 10:43:33,3820,person,0.9342,0.9405
2026-04-10 10:43:33,3821,person,0.9429,0.9457
2026-04-10 10:43:34,3822,person,0.9342,0.9405
2026-04-10 10:43:34,3823,person,0.9279,0.9368
2026-04-10 10:43:34,3824,person,0.9429,0.9458
2026-04-10 10:43:35,3825,person,0.9392,0.9435
2026-04-10 10:43:35,3826,person,0.9446,0.9468
2026-04-10 10:43:35,3827,person,0.9326,0.9396
2026-04-10 10:43:36,3828,person,0.9387,0.9432
2026-04-10 10:43:36,3829,person,0.9420,0.9452
2026-04-10 10:43:36,3830,person,0.9343,0.9406
2026-04-10 10:43:37,3831,person,0.9401,0.9440
2026-04-10 10:43:37,3832,person,0.9441,0.9465
2026-04-10 10:43:37,3833,person,0.9243,0.9346
2026-04-10 10:43:38,3834,person,0.9234,0.9340
2026-04-10 10:43:38,3835,person,0.9082,0.9249
2026-04-10 10:43:38,3836,person,0.8746,0.9048
2026-04-10 10:43:39,3837,person,0.6908,0.7945
2026-04-10 10:43:39,3838,person,0.7363,0.8218
2026-04-10 10:43:39,3839,person,0.6819,0.7892
2026-04-10 10:43:40,3840,person,0.5992,0.7395
2026-04-10 10:43:40,3841,person,0.6150,0.7490
2026-04-10 10:43:40,3842,tv,0.8613,0.7168
2026-04-10 10:43:41,3843,tv,0.8579,0.7148
2026-04-10 10:43:41,3844,person,0.7473,0.8284
2026-04-10 10:43:41,3845,chair,0.8959,0.7776
2026-04-10 10:43:42,3846,person,0.6233,0.7540
2026-04-10 10:43:42,3847,person,0.6615,0.7769
2026-04-10 10:43:42,3848,person,0.7644,0.8386
2026-04-10 10:43:43,3849,person,0.7661,0.8397
2026-04-10 10:43:43,3850,person,0.7473,0.8284
2026-04-10 10:43:43,3851,person,0.7813,0.8488
2026-04-10 10:43:44,3852,person,0.7658,0.8395
2026-04-10 10:43:44,3853,person,0.7899,0.8540
2026-04-10 10:43:44,3854,person,0.7475,0.8285
2026-04-10 10:43:45,3855,person,0.7499,0.8299
2026-04-10 10:43:45,3856,person,0.8866,0.9120
2026-04-10 10:43:45,3857,chair,0.8243,0.7346
2026-04-10 10:43:46,3858,person,0.7076,0.8045
2026-04-10 10:43:46,3859,tv,0.8385,0.7031
2026-04-10 10:43:46,3860,tv,0.8349,0.7009
2026-04-10 10:43:47,3861,book,0.7311,0.7387
2026-04-10 10:43:47,3862,book,0.6977,0.7186
2026-04-10 10:43:47,3863,person,0.5523,0.7114
2026-04-10 10:43:47,3864,person,0.5826,0.7295
2026-04-10 10:43:48,3865,tv,0.8506,0.7104
2026-04-10 10:43:48,3866,person,0.5909,0.7346
2026-04-10 10:43:48,3867,person,0.6052,0.7431
2026-04-10 10:43:49,3868,person,0.5710,0.7226
2026-04-10 10:43:49,3869,person,0.5967,0.7380
2026-04-10 10:43:49,3870,person,0.5521,0.7112
2026-04-10 10:43:50,3871,person,0.6607,0.7764
2026-04-10 10:43:50,3872,tv,0.8284,0.6970
2026-04-10 10:43:50,3873,tv,0.8202,0.6921
2026-04-10 10:43:51,3874,tv,0.8258,0.6955
2026-04-10 10:43:51,3875,tv,0.8189,0.6913
2026-04-10 10:43:51,3876,person,0.6460,0.7676
2026-04-10 10:43:52,3877,person,0.5236,0.6942
2026-04-10 10:43:52,3878,tv,0.8543,0.7126
2026-04-10 10:43:52,3879,person,0.6020,0.7412
2026-04-10 10:43:52,3880,person,0.7863,0.8518
2026-04-10 10:43:53,3881,person,0.8397,0.8838
2026-04-10 10:43:53,3882,person,0.8670,0.9002
2026-04-10 10:43:53,3883,person,0.8367,0.8820
2026-04-10 10:43:54,3884,person,0.9119,0.9271
2026-04-10 10:43:54,3885,person,0.9039,0.9223
2026-04-10 10:43:54,3886,person,0.8310,0.8786
2026-04-10 10:43:55,3887,person,0.8229,0.8737
2026-04-10 10:43:55,3888,person,0.8025,0.8615
2026-04-10 10:43:55,3889,person,0.7661,0.8397
2026-04-10 10:43:56,3890,person,0.7997,0.8598
2026-04-10 10:43:56,3891,person,0.6718,0.7831
2026-04-10 10:43:56,3892,person,0.8526,0.8916
2026-04-10 10:43:57,3893,person,0.6454,0.7672
2026-04-10 10:43:57,3894,tv,0.8640,0.7184
2026-04-10 10:43:57,3895,person,0.7766,0.8459
2026-04-10 10:43:58,3896,person,0.7810,0.8486
2026-04-10 10:43:58,3897,person,0.7412,0.8247
2026-04-10 10:43:58,3898,person,0.6618,0.7771
2026-04-10 10:43:58,3899,person,0.8678,0.9007
2026-04-10 10:43:59,3900,person,0.8879,0.9128
2026-04-10 10:43:59,3901,person,0.7336,0.8202
2026-04-10 10:43:59,3902,person,0.6918,0.7951
2026-04-10 10:44:00,3903,person,0.6608,0.7765
2026-04-10 10:44:00,3904,person,0.6612,0.7767
2026-04-10 10:44:00,3905,person,0.7127,0.8076
2026-04-10 10:44:01,3906,person,0.7651,0.8391
2026-04-10 10:44:01,3907,person,0.7547,0.8328
2026-04-10 10:44:01,3908,person,0.7247,0.8148
2026-04-10 10:44:02,3909,person,0.7242,0.8145
2026-04-10 10:44:02,3910,person,0.6251,0.7551
2026-04-10 10:44:02,3911,person,0.7541,0.8325
2026-04-10 10:44:03,3912,person,0.6369,0.7622
2026-04-10 10:44:03,3913,person,0.7304,0.8182
2026-04-10 10:44:03,3914,person,0.6944,0.7967
2026-04-10 10:44:04,3915,person,0.7381,0.8229
2026-04-10 10:44:04,3916,person,0.7585,0.8351
2026-04-10 10:44:04,3917,person,0.6181,0.7509
2026-04-10 10:44:04,3918,person,0.6722,0.7833
2026-04-10 10:44:05,3919,person,0.7680,0.8408
2026-04-10 10:44:05,3920,person,0.7946,0.8567
2026-04-10 10:44:05,3921,person,0.7962,0.8577
2026-04-10 10:44:06,3922,person,0.7957,0.8574
2026-04-10 10:44:06,3923,person,0.7437,0.8262
2026-04-10 10:44:06,3924,person,0.7908,0.8545
2026-04-10 10:44:07,3925,person,0.7769,0.8461
2026-04-10 10:44:07,3926,person,0.6826,0.7896
2026-04-10 10:44:07,3927,tv,0.8724,0.7234
2026-04-10 10:44:08,3928,tv,0.8631,0.7178
2026-04-10 10:44:08,3929,person,0.7953,0.8572
2026-04-10 10:44:08,3930,person,0.7634,0.8381
2026-04-10 10:44:09,3931,person,0.7356,0.8214
2026-04-10 10:44:09,3932,person,0.7987,0.8592
2026-04-10 10:44:09,3933,person,0.6887,0.7932
2026-04-10 10:44:09,3934,person,0.5929,0.7357
2026-04-10 10:44:10,3935,person,0.5960,0.7376
2026-04-10 10:44:10,3936,person,0.5700,0.7220
2026-04-10 10:44:10,3937,person,0.7876,0.8526
2026-04-10 10:44:11,3938,person,0.6470,0.7682
2026-04-10 10:44:11,3939,person,0.7624,0.8374
2026-04-10 10:44:11,3940,person,0.5606,0.7164
2026-04-10 10:44:12,3941,person,0.6181,0.7508
2026-04-10 10:44:12,3942,person,0.7725,0.8435
2026-04-10 10:44:12,3943,person,0.7358,0.8215
2026-04-10 10:44:13,3944,person,0.8124,0.8674
2026-04-10 10:44:13,3945,person,0.8645,0.8987
2026-04-10 10:44:13,3946,person,0.8033,0.8620
2026-04-10 10:44:14,3947,person,0.7371,0.8222
2026-04-10 10:44:14,3948,person,0.8145,0.8687
2026-04-10 10:44:14,3949,person,0.8088,0.8653
2026-04-10 10:44:15,3950,person,0.7842,0.8505
2026-04-10 10:44:15,3951,person,0.7596,0.8358
2026-04-10 10:44:15,3952,person,0.8019,0.8611
2026-04-10 10:44:16,3953,tv,0.8552,0.7131
2026-04-10 10:44:16,3954,tv,0.8742,0.7245
2026-04-10 10:44:16,3955,tv,0.8503,0.7102
2026-04-10 10:44:16,3956,tv,0.8712,0.7227
2026-04-10 10:44:17,3957,person,0.6230,0.7538
2026-04-10 10:44:17,3958,person,0.7683,0.8410
2026-04-10 10:44:17,3959,person,0.6715,0.7829
2026-04-10 10:44:18,3960,person,0.8122,0.8673
2026-04-10 10:44:18,3961,person,0.8106,0.8664
2026-04-10 10:44:18,3962,person,0.8058,0.8635
2026-04-10 10:44:19,3963,person,0.8069,0.8642
2026-04-10 10:44:19,3964,person,0.6407,0.7644
2026-04-10 10:44:19,3965,person,0.8926,0.9155
2026-04-10 10:44:20,3966,person,0.7611,0.8366
2026-04-10 10:44:20,3967,person,0.6318,0.7591
2026-04-10 10:44:20,3968,tv,0.8763,0.7258
2026-04-10 10:44:21,3969,person,0.6839,0.7903
2026-04-10 10:44:21,3970,person,0.8927,0.9156
2026-04-10 10:44:21,3971,person,0.8494,0.8897
2026-04-10 10:44:22,3972,person,0.8532,0.8919
2026-04-10 10:44:22,3973,person,0.8702,0.9021
2026-04-10 10:44:22,3974,person,0.7258,0.8155
2026-04-10 10:44:23,3975,person,0.8668,0.9001
2026-04-10 10:44:23,3976,person,0.6276,0.7565
2026-04-10 10:44:23,3977,person,0.8205,0.8723
2026-04-10 10:44:23,3978,person,0.8101,0.8660
2026-04-10 10:44:24,3979,person,0.6639,0.7783
2026-04-10 10:44:24,3980,person,0.8000,0.8600
2026-04-10 10:44:25,3981,person,0.7766,0.8460
2026-04-10 10:44:25,3982,person,0.9000,0.9200
2026-04-10 10:44:25,3983,person,0.8226,0.8735
2026-04-10 10:44:26,3984,person,0.8509,0.8906
2026-04-10 10:44:26,3985,person,0.7833,0.8500
2026-04-10 10:44:26,3986,person,0.8484,0.8890
2026-04-10 10:44:27,3987,person,0.8475,0.8885
2026-04-10 10:44:27,3988,person,0.8341,0.8805
2026-04-10 10:44:28,3989,person,0.7237,0.8142
2026-04-10 10:44:28,3990,person,0.6860,0.7916
2026-04-10 10:44:28,3991,person,0.8507,0.8904
2026-04-10 10:44:29,3992,person,0.8324,0.8795
2026-04-10 10:44:29,3993,person,0.8090,0.8654
2026-04-10 10:44:29,3994,person,0.8584,0.8950
2026-04-10 10:44:30,3995,person,0.8175,0.8705
2026-04-10 10:44:30,3996,person,0.7686,0.8412
2026-04-10 10:44:30,3997,person,0.8971,0.9183
2026-04-10 10:44:31,3998,person,0.8845,0.9107
2026-04-10 10:44:31,3999,person,0.8540,0.8924
2026-04-10 10:44:32,4000,person,0.9196,0.9317
2026-04-10 10:44:32,4001,person,0.8372,0.8823
2026-04-10 10:44:32,4002,person,0.8510,0.8906
2026-04-10 10:44:33,4003,person,0.8612,0.8967
2026-04-10 10:44:33,4004,person,0.8761,0.9056
2026-04-10 10:44:33,4005,person,0.8626,0.8975
2026-04-10 10:44:34,4006,person,0.8677,0.9006
2026-04-10 10:44:34,4007,person,0.8440,0.8864
2026-04-10 10:44:34,4008,person,0.9078,0.9247
2026-04-10 10:44:35,4009,person,0.8859,0.9116
2026-04-10 10:44:35,4010,person,0.9242,0.9345
2026-04-10 10:44:35,4011,person,0.6561,0.7737
2026-04-10 10:44:36,4012,person,0.9169,0.9301
2026-04-10 10:44:36,4013,person,0.9314,0.9388
2026-04-10 10:44:36,4014,tv,0.8419,0.7051
2026-04-10 10:44:37,4015,tv,0.8711,0.7227
2026-04-10 10:44:37,4016,person,0.8981,0.9189
2026-04-10 10:44:38,4017,person,0.9167,0.9300
2026-04-10 10:44:38,4018,person,0.9220,0.9332
2026-04-10 10:44:38,4019,person,0.8543,0.8926
2026-04-10 10:44:39,4020,tv,0.8881,0.7328
2026-04-10 10:44:39,4021,tv,0.8502,0.7101
2026-04-10 10:44:39,4022,tv,0.8683,0.7210
2026-04-10 10:44:40,4023,person,0.9318,0.9391
2026-04-10 10:44:40,4024,person,0.9134,0.9280
2026-04-10 10:44:41,4025,person,0.8972,0.9183
2026-04-10 10:44:41,4026,person,0.9051,0.9231
2026-04-10 10:44:41,4027,person,0.8858,0.9115
2026-04-10 10:44:42,4028,person,0.8332,0.8799
2026-04-10 10:44:42,4029,chair,0.8109,0.7266
2026-04-10 10:44:43,4030,person,0.6957,0.7974
2026-04-10 10:44:43,4031,person,0.7647,0.8388
2026-04-10 10:44:43,4032,person,0.7472,0.8283
2026-04-10 10:44:44,4033,chair,0.8018,0.7211
2026-04-10 10:44:44,4034,tv,0.8598,0.7159
2026-04-10 10:44:45,4035,person,0.7753,0.8452
2026-04-10 10:44:45,4036,person,0.7051,0.8030
2026-04-10 10:44:45,4037,chair,0.8073,0.7244
2026-04-10 10:44:46,4038,person,0.7388,0.8233
2026-04-10 10:44:46,4039,person,0.7119,0.8071
2026-04-10 10:44:47,4040,person,0.6836,0.7902
2026-04-10 10:44:47,4041,chair,0.8194,0.7317
2026-04-10 10:44:47,4042,tv,0.8558,0.7135
2026-04-10 10:44:48,4043,tv,0.8690,0.7214
2026-04-10 10:44:48,4044,person,0.8436,0.8861
2026-04-10 10:44:49,4045,person,0.8693,0.9016
2026-04-10 10:44:49,4046,person,0.8642,0.8985
2026-04-10 10:44:49,4047,person,0.8583,0.8950
2026-04-10 10:44:50,4048,person,0.8561,0.8937
2026-04-10 10:44:50,4049,person,0.8478,0.8887
2026-04-10 10:44:50,4050,person,0.8481,0.8888
2026-04-10 10:44:51,4051,person,0.8592,0.8955
2026-04-10 10:44:51,4052,person,0.8655,0.8993
2026-04-10 10:44:52,4053,person,0.8242,0.8745
2026-04-10 10:44:52,4054,person,0.6961,0.7977
2026-04-10 10:44:52,4055,tv,0.8621,0.7173
2026-04-10 10:44:53,4056,chair,0.8337,0.7402
2026-04-10 10:44:53,4057,chair,0.8495,0.7497
2026-04-10 10:44:53,4058,chair,0.8630,0.7578
2026-04-10 10:44:54,4059,chair,0.8464,0.7478
2026-04-10 10:44:54,4060,tv,0.8713,0.7228
2026-04-10 10:44:55,4061,tv,0.8639,0.7183
2026-04-10 10:44:55,4062,chair,0.8021,0.7213
2026-04-10 10:44:55,4063,chair,0.8051,0.7231
2026-04-10 10:44:56,4064,chair,0.8353,0.7412
2026-04-10 10:44:56,4065,chair,0.8295,0.7377
2026-04-10 10:44:57,4066,chair,0.7968,0.7181
2026-04-10 10:44:57,4067,tv,0.8712,0.7227
2026-04-10 10:44:57,4068,tv,0.8462,0.7077
2026-04-10 10:44:58,4069,chair,0.8037,0.7222
2026-04-10 10:44:58,4070,person,0.7931,0.8558
2026-04-10 10:44:58,4071,person,0.8398,0.8839
2026-04-10 10:44:59,4072,person,0.8509,0.8905
2026-04-10 10:44:59,4073,person,0.8434,0.8860
2026-04-10 10:45:00,4074,person,0.8660,0.8996
2026-04-10 10:45:00,4075,person,0.8935,0.9161
2026-04-10 10:45:00,4076,person,0.8850,0.9110
2026-04-10 10:45:01,4077,person,0.8872,0.9123
2026-04-10 10:45:01,4078,person,0.8809,0.9086
2026-04-10 10:45:01,4079,person,0.8491,0.8894
2026-04-10 10:45:02,4080,person,0.8871,0.9123
2026-04-10 10:45:02,4081,person,0.8941,0.9165
2026-04-10 10:45:03,4082,person,0.8787,0.9072
2026-04-10 10:45:03,4083,person,0.8967,0.9180
2026-04-10 10:45:03,4084,person,0.8684,0.9011
2026-04-10 10:45:04,4085,person,0.8851,0.9111
2026-04-10 10:45:04,4086,person,0.8930,0.9158
2026-04-10 10:45:04,4087,person,0.8896,0.9138
2026-04-10 10:45:05,4088,person,0.8891,0.9134
2026-04-10 10:45:05,4089,person,0.8744,0.9046
2026-04-10 10:45:05,4090,person,0.8773,0.9064
2026-04-10 10:45:06,4091,person,0.7989,0.8593
2026-04-10 10:45:06,4092,tv,0.8674,0.7204
2026-04-10 10:45:06,4093,chair,0.8142,0.7285
2026-04-10 10:45:07,4094,chair,0.8239,0.7343
2026-04-10 10:45:07,4095,person,0.7740,0.8444
2026-04-10 10:45:07,4096,person,0.7571,0.8343
2026-04-10 10:45:08,4097,person,0.8039,0.8624
2026-04-10 10:45:08,4098,person,0.7736,0.8442
2026-04-10 10:45:08,4099,person,0.7770,0.8462
2026-04-10 10:45:09,4100,person,0.8265,0.8759
2026-04-10 10:45:09,4101,person,0.8432,0.8859
2026-04-10 10:45:09,4102,person,0.6867,0.7920
2026-04-10 10:45:10,4103,person,0.7335,0.8201
2026-04-10 10:45:10,4104,chair,0.8232,0.7339
2026-04-10 10:45:10,4105,person,0.7022,0.8013
2026-04-10 10:45:11,4106,person,0.7630,0.8378
2026-04-10 10:45:11,4107,person,0.8225,0.8735
2026-04-10 10:45:11,4108,person,0.6255,0.7553
2026-04-10 10:45:12,4109,person,0.5930,0.7358
2026-04-10 10:45:12,4110,person,0.8170,0.8702
2026-04-10 10:45:12,4111,person,0.6786,0.7872
2026-04-10 10:45:13,4112,chair,0.8214,0.7328
2026-04-10 10:45:13,4113,person,0.8711,0.9027
2026-04-10 10:45:13,4114,person,0.8858,0.9115
2026-04-10 10:45:14,4115,person,0.8725,0.9035
2026-04-10 10:45:14,4116,person,0.8348,0.8809
2026-04-10 10:45:14,4117,person,0.8562,0.8937
2026-04-10 10:45:15,4118,person,0.8582,0.8949
2026-04-10 10:45:15,4119,person,0.8628,0.8977
2026-04-10 10:45:15,4120,person,0.8488,0.8893
2026-04-10 10:45:16,4121,person,0.8647,0.8988
2026-04-10 10:45:16,4122,person,0.8633,0.8980
2026-04-10 10:45:16,4123,person,0.8627,0.8976
2026-04-10 10:45:17,4124,person,0.8693,0.9016
2026-04-10 10:45:17,4125,person,0.8629,0.8977
2026-04-10 10:45:17,4126,person,0.8548,0.8929
2026-04-10 10:45:17,4127,person,0.8630,0.8978
2026-04-10 10:45:18,4128,person,0.8643,0.8986
2026-04-10 10:45:18,4129,person,0.9029,0.9217
2026-04-10 10:45:18,4130,person,0.8876,0.9125
2026-04-10 10:45:19,4131,person,0.8111,0.8667
2026-04-10 10:45:19,4132,person,0.7732,0.8439
2026-04-10 10:45:19,4133,person,0.7064,0.8038
2026-04-10 10:45:20,4134,person,0.7059,0.8035
2026-04-10 10:45:20,4135,person,0.7999,0.8599
2026-04-10 10:45:20,4136,person,0.7148,0.8089
2026-04-10 10:45:21,4137,person,0.6653,0.7792
2026-04-10 10:45:21,4138,person,0.8373,0.8824
2026-04-10 10:45:21,4139,person,0.8843,0.9106
2026-04-10 10:45:22,4140,person,0.8219,0.8731
2026-04-10 10:45:22,4141,chair,0.8383,0.7430
2026-04-10 10:45:22,4142,person,0.8519,0.8911
2026-04-10 10:45:23,4143,person,0.8839,0.9104
2026-04-10 10:45:23,4144,person,0.8300,0.8780
2026-04-10 10:45:23,4145,person,0.9055,0.9233
2026-04-10 10:45:23,4146,person,0.9056,0.9234
2026-04-10 10:45:24,4147,person,0.9138,0.9283
2026-04-10 10:45:24,4148,person,0.8686,0.9011
2026-04-10 10:45:25,4149,person,0.8942,0.9165
2026-04-10 10:45:25,4150,person,0.8968,0.9181
2026-04-10 10:45:25,4151,person,0.8940,0.9164
2026-04-10 10:45:26,4152,person,0.8990,0.9194
2026-04-10 10:45:26,4153,person,0.9001,0.9200
2026-04-10 10:45:26,4154,person,0.9372,0.9423
2026-04-10 10:45:27,4155,person,0.9218,0.9331
2026-04-10 10:45:27,4156,person,0.9430,0.9458
2026-04-10 10:45:27,4157,person,0.9284,0.9370
2026-04-10 10:45:28,4158,person,0.9473,0.9484
2026-04-10 10:45:28,4159,person,0.9493,0.9496
2026-04-10 10:45:28,4160,person,0.9349,0.9409
2026-04-10 10:45:29,4161,person,0.9412,0.9447
2026-04-10 10:45:29,4162,person,0.9235,0.9341
2026-04-10 10:45:29,4163,person,0.9288,0.9373
2026-04-10 10:45:30,4164,person,0.9130,0.9278
2026-04-10 10:45:30,4165,person,0.9049,0.9230
2026-04-10 10:45:30,4166,person,0.9132,0.9279
2026-04-10 10:45:31,4167,person,0.9071,0.9242
2026-04-10 10:45:31,4168,person,0.8887,0.9132
2026-04-10 10:45:32,4169,person,0.8851,0.9111
2026-04-10 10:45:32,4170,person,0.6938,0.7963
2026-04-10 10:45:32,4171,person,0.8761,0.9057
2026-04-10 10:45:33,4172,person,0.7903,0.8542
2026-04-10 10:45:33,4173,person,0.7149,0.8089
2026-04-10 10:45:33,4174,person,0.9321,0.9392
2026-04-10 10:45:34,4175,person,0.9298,0.9379
2026-04-10 10:45:34,4176,person,0.9239,0.9343
2026-04-10 10:45:34,4177,person,0.9245,0.9347
2026-04-10 10:45:35,4178,person,0.9251,0.9350
2026-04-10 10:45:35,4179,person,0.9248,0.9349
2026-04-10 10:45:35,4180,person,0.9280,0.9368
2026-04-10 10:45:36,4181,person,0.9294,0.9376
2026-04-10 10:45:36,4182,person,0.9306,0.9383
2026-04-10 10:45:36,4183,person,0.9394,0.9436
2026-04-10 10:45:37,4184,person,0.9321,0.9393
2026-04-10 10:45:37,4185,person,0.9152,0.9291
2026-04-10 10:45:37,4186,person,0.9298,0.9379
2026-04-10 10:45:38,4187,person,0.9291,0.9374
2026-04-10 10:45:38,4188,person,0.9246,0.9347
2026-04-10 10:45:38,4189,person,0.9309,0.9385
2026-04-10 10:45:39,4190,person,0.9410,0.9446
2026-04-10 10:45:39,4191,person,0.9233,0.9340
2026-04-10 10:45:39,4192,person,0.9168,0.9301
2026-04-10 10:45:40,4193,person,0.9022,0.9213
2026-04-10 10:45:40,4194,person,0.9145,0.9287
2026-04-10 10:45:40,4195,person,0.9141,0.9285
2026-04-10 10:45:41,4196,person,0.9117,0.9270
2026-04-10 10:45:41,4197,person,0.9085,0.9251
2026-04-10 10:45:41,4198,person,0.9096,0.9258
2026-04-10 10:45:42,4199,person,0.8925,0.9155
2026-04-10 10:45:42,4200,person,0.8308,0.8785
2026-04-10 10:45:42,4201,person,0.8952,0.9171
2026-04-10 10:45:43,4202,person,0.8786,0.9072
2026-04-10 10:45:43,4203,person,0.8745,0.9047
2026-04-10 10:45:43,4204,person,0.9469,0.9482
2026-04-10 10:45:44,4205,person,0.9287,0.9372
2026-04-10 10:45:44,4206,person,0.9285,0.9371
2026-04-10 10:45:45,4207,person,0.9570,0.9542
2026-04-10 10:45:45,4208,person,0.9397,0.9438
2026-04-10 10:45:45,4209,person,0.9515,0.9509
2026-04-10 10:45:46,4210,person,0.9475,0.9485
2026-04-10 10:45:46,4211,person,0.9397,0.9438
2026-04-10 10:45:46,4212,person,0.8974,0.9184
2026-04-10 10:45:47,4213,person,0.9286,0.9372
2026-04-10 10:45:47,4214,person,0.9389,0.9433
2026-04-10 10:45:47,4215,person,0.9269,0.9361
2026-04-10 10:45:48,4216,person,0.9246,0.9348
2026-04-10 10:45:48,4217,person,0.9382,0.9429
2026-04-10 10:45:48,4218,person,0.9485,0.9491
2026-04-10 10:45:49,4219,person,0.9436,0.9461
2026-04-10 10:45:49,4220,person,0.9374,0.9424
2026-04-10 10:45:49,4221,person,0.9279,0.9367
2026-04-10 10:45:50,4222,person,0.9380,0.9428
2026-04-10 10:45:50,4223,person,0.9415,0.9449
2026-04-10 10:45:50,4224,person,0.9440,0.9464
2026-04-10 10:45:51,4225,person,0.9399,0.9439
2026-04-10 10:45:51,4226,person,0.9452,0.9471
2026-04-10 10:45:51,4227,person,0.9317,0.9390
2026-04-10 10:45:52,4228,person,0.9395,0.9437
2026-04-10 10:45:52,4229,person,0.9279,0.9367
2026-04-10 10:45:52,4230,person,0.9273,0.9364
2026-04-10 10:45:53,4231,person,0.9306,0.9383
2026-04-10 10:45:53,4232,person,0.9347,0.9408
2026-04-10 10:45:53,4233,person,0.9359,0.9416
2026-04-10 10:45:54,4234,person,0.9265,0.9359
2026-04-10 10:45:54,4235,person,0.9420,0.9452
2026-04-10 10:45:54,4236,person,0.9205,0.9323
2026-04-10 10:45:55,4237,person,0.9284,0.9371
2026-04-10 10:45:55,4238,person,0.9362,0.9417
2026-04-10 10:45:55,4239,person,0.9309,0.9385
2026-04-10 10:45:56,4240,person,0.9391,0.9435
2026-04-10 10:45:56,4241,person,0.9288,0.9373
2026-04-10 10:45:56,4242,person,0.9413,0.9448
2026-04-10 10:45:57,4243,person,0.9510,0.9506
2026-04-10 10:45:57,4244,person,0.9466,0.9479
2026-04-10 10:45:58,4245,person,0.6982,0.7989
2026-04-10 10:45:58,4246,person,0.9007,0.9204
2026-04-10 10:45:58,4247,person,0.8917,0.9150
2026-04-10 10:45:59,4248,person,0.8542,0.8925
2026-04-10 10:45:59,4249,person,0.8897,0.9138
2026-04-10 10:45:59,4250,person,0.9461,0.9477
2026-04-10 10:46:00,4251,person,0.9219,0.9332
2026-04-10 10:46:00,4252,person,0.9133,0.9280
2026-04-10 10:46:00,4253,person,0.8897,0.9138
2026-04-10 10:46:01,4254,person,0.9087,0.9252
2026-04-10 10:46:01,4255,person,0.9109,0.9265
2026-04-10 10:46:02,4256,person,0.8258,0.8755
2026-04-10 10:46:02,4257,person,0.9343,0.9406
2026-04-10 10:46:02,4258,person,0.8871,0.9122
2026-04-10 10:46:03,4259,person,0.9296,0.9377
2026-04-10 10:46:03,4260,person,0.9193,0.9316
2026-04-10 10:46:03,4261,person,0.8882,0.9129
2026-04-10 10:46:04,4262,person,0.9189,0.9313
2026-04-10 10:46:04,4263,person,0.7844,0.8506
2026-04-10 10:46:04,4264,cell phone,0.9228,0.9057
2026-04-10 10:46:05,4265,person,0.8568,0.8941
2026-04-10 10:46:05,4266,cell phone,0.7298,0.7899
2026-04-10 10:46:05,4267,person,0.8713,0.9028
2026-04-10 10:46:06,4268,person,0.9011,0.9206
2026-04-10 10:46:06,4269,person,0.7652,0.8391
2026-04-10 10:46:06,4270,person,0.8672,0.9003
2026-04-10 10:46:07,4271,person,0.8765,0.9059
2026-04-10 10:46:07,4272,cell phone,0.8710,0.8746
2026-04-10 10:46:07,4273,person,0.8572,0.8943
2026-04-10 10:46:08,4274,person,0.8254,0.8752
2026-04-10 10:46:08,4275,person,0.8514,0.8908
2026-04-10 10:46:08,4276,person,0.8904,0.9142
2026-04-10 10:46:09,4277,person,0.8821,0.9093
2026-04-10 10:46:09,4278,person,0.8922,0.9153
2026-04-10 10:46:09,4279,person,0.8808,0.9085
2026-04-10 10:46:09,4280,person,0.8956,0.9174
2026-04-10 10:46:10,4281,person,0.9024,0.9215
2026-04-10 10:46:10,4282,person,0.9186,0.9312
2026-04-10 10:46:10,4283,person,0.9286,0.9372
2026-04-10 10:46:11,4284,person,0.8870,0.9122
2026-04-10 10:46:11,4285,person,0.8410,0.8846
2026-04-10 10:46:11,4286,person,0.8870,0.9122
2026-04-10 10:46:12,4287,person,0.8722,0.9033
2026-04-10 10:46:12,4288,person,0.8319,0.8792
2026-04-10 10:46:12,4289,person,0.8319,0.8792
2026-04-10 10:46:13,4290,cell phone,0.9246,0.9067
2026-04-10 10:46:13,4291,person,0.8378,0.8827
2026-04-10 10:46:13,4292,person,0.9102,0.9261
2026-04-10 10:46:14,4293,person,0.9175,0.9305
2026-04-10 10:46:14,4294,person,0.8359,0.8815
2026-04-10 10:46:15,4295,person,0.8102,0.8661
2026-04-10 10:46:15,4296,person,0.7420,0.8252
2026-04-10 10:46:15,4297,person,0.4416,0.6450
2026-04-10 10:46:16,4298,person,0.5201,0.6921
2026-04-10 10:46:16,4299,cell phone,0.9350,0.9130
2026-04-10 10:46:16,4300,cell phone,0.9555,0.9253
2026-04-10 10:46:17,4301,person,0.9329,0.9397
2026-04-10 10:46:17,4302,person,0.9245,0.9347
2026-04-10 10:46:17,4303,person,0.9252,0.9351
2026-04-10 10:46:18,4304,person,0.9266,0.9360
2026-04-10 10:46:18,4305,person,0.9194,0.9316
2026-04-10 10:46:18,4306,person,0.8989,0.9193
2026-04-10 10:46:19,4307,person,0.9201,0.9321
2026-04-10 10:46:19,4308,person,0.9220,0.9332
2026-04-10 10:46:19,4309,person,0.8044,0.8626
2026-04-10 10:46:20,4310,person,0.9067,0.9240
2026-04-10 10:46:20,4311,cell phone,0.9515,0.9229
2026-04-10 10:46:20,4312,person,0.9104,0.9262
2026-04-10 10:46:21,4313,person,0.9341,0.9405
2026-04-10 10:46:21,4314,person,0.9039,0.9223
2026-04-10 10:46:21,4315,person,0.9105,0.9263
2026-04-10 10:46:22,4316,person,0.9280,0.9368
2026-04-10 10:46:22,4317,person,0.9314,0.9388
2026-04-10 10:46:23,4318,person,0.9175,0.9305
2026-04-10 10:46:23,4319,person,0.8960,0.9176
2026-04-10 10:46:23,4320,person,0.8862,0.9117
2026-04-10 10:46:23,4321,person,0.8739,0.9044
2026-04-10 10:46:24,4322,person,0.9194,0.9316
2026-04-10 10:46:24,4323,person,0.8849,0.9109
2026-04-10 10:46:24,4324,person,0.9028,0.9217
2026-04-10 10:46:25,4325,person,0.8988,0.9193
2026-04-10 10:46:25,4326,person,0.8999,0.9199
2026-04-10 10:46:25,4327,person,0.8969,0.9181
2026-04-10 10:46:26,4328,person,0.9209,0.9325
2026-04-10 10:46:26,4329,person,0.8797,0.9078
2026-04-10 10:46:27,4330,person,0.8127,0.8676
2026-04-10 10:46:27,4331,person,0.9211,0.9327
2026-04-10 10:46:27,4332,person,0.9153,0.9292
2026-04-10 10:46:28,4333,person,0.8727,0.9036
2026-04-10 10:46:28,4334,person,0.9373,0.9424
2026-04-10 10:46:29,4335,person,0.9362,0.9417
2026-04-10 10:46:29,4336,person,0.9340,0.9404
2026-04-10 10:46:29,4337,person,0.9175,0.9305
2026-04-10 10:46:30,4338,person,0.9379,0.9427
2026-04-10 10:46:30,4339,person,0.9203,0.9322
2026-04-10 10:46:30,4340,person,0.9046,0.9227
2026-04-10 10:46:31,4341,person,0.9143,0.9286
2026-04-10 10:46:31,4342,person,0.8873,0.9124
2026-04-10 10:46:32,4343,person,0.9013,0.9208
2026-04-10 10:46:32,4344,person,0.9005,0.9203
2026-04-10 10:46:32,4345,person,0.9038,0.9223
2026-04-10 10:46:33,4346,person,0.7634,0.8380
2026-04-10 10:46:33,4347,person,0.5764,0.7258
2026-04-10 10:46:33,4348,person,0.6812,0.7887
2026-04-10 10:46:34,4349,person,0.7665,0.8399
2026-04-10 10:46:34,4350,person,0.5866,0.7320
2026-04-10 10:46:34,4351,person,0.5788,0.7273
2026-04-10 10:46:35,4352,person,0.6926,0.7956
2026-04-10 10:46:35,4353,snowboard,0.4716,0.4830
2026-04-10 10:46:35,4354,person,0.8066,0.8640
2026-04-10 10:46:36,4356,person,0.8300,0.8780
2026-04-10 10:46:37,4358,person,0.8103,0.8662
2026-04-10 10:46:37,4359,person,0.4590,0.6554
2026-04-10 10:46:37,4360,person,0.7210,0.8126
2026-04-10 10:46:38,4361,person,0.6494,0.7697
2026-04-10 10:46:38,4362,person,0.6962,0.7977
2026-04-10 10:46:38,4363,person,0.6960,0.7976
2026-04-10 10:46:39,4364,person,0.9319,0.9391
2026-04-10 10:46:39,4365,person,0.9458,0.9475
2026-04-10 10:46:39,4366,person,0.9453,0.9472
2026-04-10 10:46:40,4367,person,0.8634,0.8980
2026-04-10 10:46:40,4368,person,0.8945,0.9167
2026-04-10 10:46:40,4369,person,0.9428,0.9457
2026-04-10 10:46:41,4370,person,0.9426,0.9456
2026-04-10 10:46:41,4371,person,0.9353,0.9412
2026-04-10 10:46:41,4372,person,0.9329,0.9398
2026-04-10 10:46:42,4373,person,0.9281,0.9369
2026-04-10 10:46:42,4374,person,0.7641,0.8385
2026-04-10 10:46:43,4375,person,0.9091,0.9255
2026-04-10 10:46:43,4376,person,0.9292,0.9375
2026-04-10 10:46:43,4377,person,0.9044,0.9226
2026-04-10 10:46:44,4378,person,0.9097,0.9258
2026-04-10 10:46:44,4379,person,0.8922,0.9153
2026-04-10 10:46:44,4380,person,0.9125,0.9275
2026-04-10 10:46:45,4381,person,0.8789,0.9073
2026-04-10 10:46:45,4382,person,0.9326,0.9395
2026-04-10 10:46:45,4383,person,0.9360,0.9416
2026-04-10 10:46:46,4384,person,0.9486,0.9491
2026-04-10 10:46:46,4385,person,0.9477,0.9486
2026-04-10 10:46:46,4386,person,0.9196,0.9318
2026-04-10 10:46:47,4387,person,0.9255,0.9353
2026-04-10 10:46:47,4388,person,0.9050,0.9230
2026-04-10 10:46:47,4389,person,0.8917,0.9150
2026-04-10 10:46:48,4390,person,0.9187,0.9312
2026-04-10 10:46:48,4391,person,0.8930,0.9158
2026-04-10 10:46:48,4392,person,0.8313,0.8788
2026-04-10 10:46:49,4393,person,0.8719,0.9031
2026-04-10 10:46:49,4394,person,0.8678,0.9007
2026-04-10 10:46:49,4395,person,0.8488,0.8893
2026-04-10 10:46:50,4396,person,0.8801,0.9081
2026-04-10 10:46:50,4397,person,0.9147,0.9288
2026-04-10 10:46:50,4398,person,0.8598,0.8959
2026-04-10 10:46:51,4399,person,0.8886,0.9131
2026-04-10 10:46:51,4400,person,0.8727,0.9036
2026-04-10 10:46:52,4401,person,0.9216,0.9329
2026-04-10 10:46:52,4402,person,0.9019,0.9211
2026-04-10 10:46:52,4403,person,0.8878,0.9127
2026-04-10 10:46:52,4404,person,0.9111,0.9267
2026-04-10 10:46:53,4405,person,0.9204,0.9323
2026-04-10 10:46:53,4406,person,0.9302,0.9381
2026-04-10 10:46:53,4407,person,0.9301,0.9380
2026-04-10 10:46:54,4408,person,0.9338,0.9403
2026-04-10 10:46:54,4409,person,0.9022,0.9213
2026-04-10 10:46:54,4410,person,0.8999,0.9199
2026-04-10 10:46:55,4411,person,0.8894,0.9136
2026-04-10 10:46:55,4412,person,0.8734,0.9040
2026-04-10 10:46:55,4413,person,0.8982,0.9189
2026-04-10 10:46:56,4414,person,0.9264,0.9358
2026-04-10 10:46:56,4415,person,0.9150,0.9290
2026-04-10 10:46:57,4416,person,0.9152,0.9291
2026-04-10 10:46:57,4417,person,0.9376,0.9425
2026-04-10 10:46:57,4418,person,0.9360,0.9416
2026-04-10 10:46:58,4419,person,0.9516,0.9510
2026-04-10 10:46:58,4420,person,0.9466,0.9480
2026-04-10 10:46:58,4421,person,0.9500,0.9500
2026-04-10 10:46:59,4422,person,0.9356,0.9414
2026-04-10 10:46:59,4423,person,0.8536,0.8922
2026-04-10 10:46:59,4424,person,0.8799,0.9080
2026-04-10 10:47:00,4425,person,0.8990,0.9194
2026-04-10 10:47:00,4426,person,0.9450,0.9470
2026-04-10 10:47:00,4427,person,0.9162,0.9297
2026-04-10 10:47:01,4428,person,0.8865,0.9119
2026-04-10 10:47:01,4429,person,0.7928,0.8557
2026-04-10 10:47:01,4430,person,0.7688,0.8413
2026-04-10 10:47:02,4431,person,0.9385,0.9431
2026-04-10 10:47:02,4432,person,0.9239,0.9343
2026-04-10 10:47:02,4433,person,0.9414,0.9448
2026-04-10 10:47:03,4434,person,0.9341,0.9404
2026-04-10 10:47:03,4435,person,0.9301,0.9381
2026-04-10 10:47:03,4436,person,0.9416,0.9449
2026-04-10 10:47:04,4437,person,0.9414,0.9448
2026-04-10 10:47:04,4438,person,0.9407,0.9444
2026-04-10 10:47:04,4439,person,0.9260,0.9356
2026-04-10 10:47:05,4440,person,0.9201,0.9320
2026-04-10 10:47:05,4441,person,0.9383,0.9430
2026-04-10 10:47:05,4442,person,0.9331,0.9398
2026-04-10 10:47:06,4443,person,0.9201,0.9320
2026-04-10 10:47:06,4444,person,0.8627,0.8976
2026-04-10 10:47:06,4445,person,0.8679,0.9008
2026-04-10 10:47:07,4446,person,0.7035,0.8021
2026-04-10 10:47:07,4447,person,0.8829,0.9097
2026-04-10 10:47:07,4448,person,0.8333,0.8800
2026-04-10 10:47:08,4449,person,0.8170,0.8702
2026-04-10 10:47:08,4450,person,0.8350,0.8810
2026-04-10 10:47:08,4451,person,0.7848,0.8509
2026-04-10 10:47:09,4452,person,0.8055,0.8633
2026-04-10 10:47:09,4453,person,0.7941,0.8565
2026-04-10 10:47:09,4454,person,0.8497,0.8898
2026-04-10 10:47:10,4455,person,0.7684,0.8411
2026-04-10 10:47:10,4456,person,0.8194,0.8717
2026-04-10 10:47:10,4457,person,0.8597,0.8958
2026-04-10 10:47:11,4458,person,0.6862,0.7917
2026-04-10 10:47:11,4459,person,0.8197,0.8718
2026-04-10 10:47:11,4460,person,0.9100,0.9260
2026-04-10 10:47:12,4461,person,0.9123,0.9274
2026-04-10 10:47:12,4462,person,0.9110,0.9266
2026-04-10 10:47:12,4463,person,0.8981,0.9189
2026-04-10 10:47:13,4464,person,0.9118,0.9271
2026-04-10 10:47:13,4465,person,0.9105,0.9263
2026-04-10 10:47:13,4466,person,0.9096,0.9258
2026-04-10 10:47:14,4467,person,0.8993,0.9196
2026-04-10 10:47:14,4468,person,0.9020,0.9212
2026-04-10 10:47:14,4469,person,0.9169,0.9301
2026-04-10 10:47:15,4470,person,0.9020,0.9212
2026-04-10 10:47:15,4471,person,0.8816,0.9089
2026-04-10 10:47:16,4472,person,0.8926,0.9156
2026-04-10 10:47:16,4473,person,0.8957,0.9174
2026-04-10 10:47:16,4474,person,0.9269,0.9361
2026-04-10 10:47:17,4475,person,0.9362,0.9417
2026-04-10 10:47:17,4476,person,0.8947,0.9168
2026-04-10 10:47:17,4477,person,0.9276,0.9365
2026-04-10 10:47:18,4478,person,0.9213,0.9328
2026-04-10 10:47:18,4479,person,0.9237,0.9342
2026-04-10 10:47:18,4480,person,0.9371,0.9423
2026-04-10 10:47:19,4481,person,0.9223,0.9334
2026-04-10 10:47:19,4482,person,0.9036,0.9222
2026-04-10 10:47:20,4483,person,0.7566,0.8340
2026-04-10 10:47:20,4484,person,0.6683,0.7810
2026-04-10 10:47:20,4485,person,0.8779,0.9067
2026-04-10 10:47:21,4486,person,0.9226,0.9336
2026-04-10 10:47:21,4487,person,0.9459,0.9476
2026-04-10 10:47:21,4488,person,0.9159,0.9295
2026-04-10 10:47:22,4489,person,0.8600,0.8960
2026-04-10 10:47:22,4490,person,0.7874,0.8524
2026-04-10 10:47:22,4491,person,0.8874,0.9124
2026-04-10 10:47:23,4492,person,0.8760,0.9056
2026-04-10 10:47:23,4493,person,0.9131,0.9278
2026-04-10 10:47:23,4494,person,0.8875,0.9125
2026-04-10 10:47:24,4495,person,0.8974,0.9184
2026-04-10 10:47:24,4496,person,0.8468,0.8881
2026-04-10 10:47:24,4497,person,0.9002,0.9201
2026-04-10 10:47:25,4498,person,0.9257,0.9354
2026-04-10 10:47:25,4499,person,0.8383,0.8830
2026-04-10 10:47:25,4500,person,0.8945,0.9167
2026-04-10 10:47:26,4501,person,0.8563,0.8938
2026-04-10 10:47:26,4502,person,0.8739,0.9044
2026-04-10 10:47:27,4503,person,0.8944,0.9166
2026-04-10 10:47:27,4504,person,0.9005,0.9203
2026-04-10 10:47:27,4505,person,0.8203,0.8722
2026-04-10 10:47:28,4506,person,0.9020,0.9212
2026-04-10 10:47:28,4507,person,0.8333,0.8800
2026-04-10 10:47:28,4508,person,0.8763,0.9058
2026-04-10 10:47:29,4509,person,0.9082,0.9249
2026-04-10 10:47:29,4510,person,0.8502,0.8901
2026-04-10 10:47:29,4511,person,0.8180,0.8708
2026-04-10 10:47:30,4512,person,0.8753,0.9052
2026-04-10 10:47:30,4513,person,0.9000,0.9200
2026-04-10 10:47:30,4514,person,0.9002,0.9201
2026-04-10 10:47:31,4515,person,0.8898,0.9139
2026-04-10 10:47:31,4516,person,0.8991,0.9195
2026-04-10 10:47:31,4517,person,0.8984,0.9191
2026-04-10 10:47:32,4518,person,0.8950,0.9170
2026-04-10 10:47:32,4519,person,0.8955,0.9173
2026-04-10 10:47:32,4520,person,0.8775,0.9065
2026-04-10 10:47:33,4521,person,0.9245,0.9347
2026-04-10 10:47:33,4522,person,0.9277,0.9366
2026-04-10 10:47:34,4523,person,0.9365,0.9419
2026-04-10 10:47:34,4524,person,0.9441,0.9464
2026-04-10 10:47:34,4525,person,0.9512,0.9507
2026-04-10 10:47:35,4526,person,0.9403,0.9442
2026-04-10 10:47:35,4527,person,0.9509,0.9506
2026-04-10 10:47:35,4528,person,0.9357,0.9414
2026-04-10 10:47:36,4529,person,0.9315,0.9389
2026-04-10 10:47:36,4530,person,0.9410,0.9446
2026-04-10 10:47:36,4531,person,0.9295,0.9377
2026-04-10 10:47:37,4532,person,0.8333,0.8800
2026-04-10 10:47:37,4533,person,0.8127,0.8676
2026-04-10 10:47:37,4534,person,0.8662,0.8997
2026-04-10 10:47:38,4535,person,0.8821,0.9092
2026-04-10 10:47:38,4536,person,0.9109,0.9265
2026-04-10 10:47:38,4537,person,0.8890,0.9134
2026-04-10 10:47:39,4538,person,0.8500,0.8900
2026-04-10 10:47:39,4539,person,0.8983,0.9190
2026-04-10 10:47:39,4540,person,0.8822,0.9093
2026-04-10 10:47:40,4541,person,0.8801,0.9081
2026-04-10 10:47:40,4542,person,0.8939,0.9163
2026-04-10 10:47:40,4543,person,0.8565,0.8939
2026-04-10 10:47:41,4544,person,0.8998,0.9199
2026-04-10 10:47:41,4545,person,0.9082,0.9249
2026-04-10 10:47:42,4546,person,0.8884,0.9130
2026-04-10 10:47:42,4547,person,0.9149,0.9289
2026-04-10 10:47:42,4548,person,0.9172,0.9303
2026-04-10 10:47:43,4549,person,0.8978,0.9187
2026-04-10 10:47:43,4550,person,0.9088,0.9253
2026-04-10 10:47:43,4551,person,0.9231,0.9339
2026-04-10 10:47:44,4552,person,0.9325,0.9395
2026-04-10 10:47:44,4553,person,0.9114,0.9268
2026-04-10 10:47:44,4554,person,0.9164,0.9298
2026-04-10 10:47:45,4555,person,0.9342,0.9405
2026-04-10 10:47:45,4556,person,0.9268,0.9361
2026-04-10 10:47:45,4557,person,0.9213,0.9328
2026-04-10 10:47:46,4558,person,0.9182,0.9309
2026-04-10 10:47:46,4559,person,0.9164,0.9299
2026-04-10 10:47:46,4560,person,0.9019,0.9211
2026-04-10 10:47:47,4561,person,0.9427,0.9456
2026-04-10 10:47:47,4562,person,0.9439,0.9463
2026-04-10 10:47:48,4563,person,0.8979,0.9188
2026-04-10 10:47:48,4564,person,0.9090,0.9254
2026-04-10 10:47:48,4565,person,0.9088,0.9253
2026-04-10 10:47:49,4566,person,0.8678,0.9007
2026-04-10 10:47:49,4567,person,0.8673,0.9004
2026-04-10 10:47:49,4568,person,0.9151,0.9290
2026-04-10 10:47:50,4569,person,0.9083,0.9250
2026-04-10 10:47:50,4570,person,0.9270,0.9362
2026-04-10 10:47:50,4571,person,0.8970,0.9182
2026-04-10 10:47:51,4572,person,0.9076,0.9245
2026-04-10 10:47:51,4573,person,0.9470,0.9482
2026-04-10 10:47:51,4574,person,0.8744,0.9046
2026-04-10 10:47:52,4575,person,0.9465,0.9479
2026-04-10 10:47:52,4576,person,0.9324,0.9394
2026-04-10 10:47:52,4577,person,0.9297,0.9378
2026-04-10 10:47:53,4578,person,0.9141,0.9285
2026-04-10 10:47:53,4579,person,0.9128,0.9277
2026-04-10 10:47:53,4580,person,0.8981,0.9189
2026-04-10 10:47:54,4581,person,0.9133,0.9280
2026-04-10 10:47:54,4582,person,0.9281,0.9369
2026-04-10 10:47:55,4583,person,0.9230,0.9338
2026-04-10 10:47:55,4584,person,0.9112,0.9267
2026-04-10 10:47:55,4585,person,0.9179,0.9307
2026-04-10 10:47:55,4586,person,0.9199,0.9319
2026-04-10 10:47:56,4587,person,0.8949,0.9170
2026-04-10 10:47:56,4588,person,0.8138,0.8683
2026-04-10 10:47:57,4589,person,0.8769,0.9061
2026-04-10 10:47:57,4590,chair,0.3933,0.4760
2026-04-10 10:47:57,4591,person,0.7452,0.8271
2026-04-10 10:47:58,4592,person,0.7467,0.8280
2026-04-10 10:47:58,4593,person,0.5666,0.7199
2026-04-10 10:47:59,4594,person,0.7732,0.8439
2026-04-10 10:47:59,4595,person,0.9094,0.9257
2026-04-10 10:47:59,4596,person,0.9059,0.9235
2026-04-10 10:48:00,4597,person,0.9018,0.9211
2026-04-10 10:48:00,4598,person,0.8084,0.8650
2026-04-10 10:48:00,4599,person,0.8147,0.8688
2026-04-10 10:48:01,4600,person,0.8696,0.9018
2026-04-10 10:48:01,4601,person,0.8480,0.8888
2026-04-10 10:48:01,4602,person,0.7854,0.8513
2026-04-10 10:48:02,4603,person,0.8426,0.8855
2026-04-10 10:48:02,4604,person,0.9234,0.9341
2026-04-10 10:48:02,4605,person,0.9228,0.9337
2026-04-10 10:48:03,4606,person,0.9218,0.9331
2026-04-10 10:48:03,4607,person,0.9483,0.9490
2026-04-10 10:48:04,4608,person,0.9561,0.9536
2026-04-10 10:48:04,4609,person,0.7170,0.8102
2026-04-10 10:48:04,4610,person,0.8921,0.9153
2026-04-10 10:48:05,4611,person,0.9212,0.9327
2026-04-10 10:48:05,4612,person,0.9369,0.9421
2026-04-10 10:48:05,4613,person,0.9369,0.9421
2026-04-10 10:48:06,4614,person,0.9186,0.9312
2026-04-10 10:48:06,4615,person,0.9444,0.9466
2026-04-10 10:48:06,4616,person,0.9119,0.9271
2026-04-10 10:48:07,4617,person,0.9230,0.9338
2026-04-10 10:48:07,4618,person,0.9177,0.9306
2026-04-10 10:48:07,4619,person,0.9167,0.9300
2026-04-10 10:48:08,4620,person,0.9350,0.9410
2026-04-10 10:48:08,4621,person,0.8321,0.8792
2026-04-10 10:48:08,4622,person,0.8501,0.8901
2026-04-10 10:48:09,4623,person,0.8241,0.8745
2026-04-10 10:48:09,4624,person,0.8725,0.9035
2026-04-10 10:48:09,4625,person,0.6174,0.7504
2026-04-10 10:48:10,4626,person,0.8385,0.8831
2026-04-10 10:48:10,4627,person,0.8577,0.8946
2026-04-10 10:48:10,4628,person,0.7767,0.8460
2026-04-10 10:48:11,4629,person,0.8622,0.8973
2026-04-10 10:48:11,4630,person,0.7822,0.8493
2026-04-10 10:48:11,4631,person,0.8036,0.8622
2026-04-10 10:48:12,4632,person,0.9198,0.9319
2026-04-10 10:48:12,4633,person,0.9407,0.9444
2026-04-10 10:48:12,4634,person,0.9329,0.9397
2026-04-10 10:48:13,4635,person,0.9438,0.9463
2026-04-10 10:48:13,4636,person,0.7742,0.8445
2026-04-10 10:48:13,4637,person,0.9169,0.9301
2026-04-10 10:48:14,4638,person,0.9241,0.9345
2026-04-10 10:48:14,4639,person,0.9245,0.9347
2026-04-10 10:48:14,4640,person,0.9076,0.9246
2026-04-10 10:48:15,4641,person,0.9262,0.9357
2026-04-10 10:48:15,4642,person,0.9311,0.9387
2026-04-10 10:48:15,4643,person,0.6827,0.7896
2026-04-10 10:48:16,4644,person,0.8099,0.8660
2026-04-10 10:48:16,4645,person,0.8299,0.8780
2026-04-10 10:48:16,4646,person,0.7339,0.8203
2026-04-10 10:48:17,4647,person,0.8963,0.9178
2026-04-10 10:48:17,4648,person,0.8957,0.9174
2026-04-10 10:48:17,4649,person,0.8844,0.9107
2026-04-10 10:48:18,4650,person,0.8676,0.9005
2026-04-10 10:48:18,4651,person,0.8819,0.9091
2026-04-10 10:48:18,4652,person,0.8820,0.9092
2026-04-10 10:48:19,4653,person,0.8944,0.9166
2026-04-10 10:48:19,4654,person,0.8831,0.9099
2026-04-10 10:48:19,4655,person,0.8209,0.8726
2026-04-10 10:48:20,4656,person,0.8591,0.8954
2026-04-10 10:48:20,4657,person,0.8517,0.8910
2026-04-10 10:48:20,4658,person,0.7774,0.8465
2026-04-10 10:48:21,4659,person,0.6762,0.7857
2026-04-10 10:48:21,4660,person,0.8038,0.8623
2026-04-10 10:48:21,4661,person,0.8869,0.9121
2026-04-10 10:48:22,4662,person,0.8818,0.9091
2026-04-10 10:48:22,4663,person,0.9055,0.9233
2026-04-10 10:48:22,4664,person,0.9075,0.9245
2026-04-10 10:48:23,4665,person,0.9034,0.9221
2026-04-10 10:48:23,4666,person,0.9192,0.9315
2026-04-10 10:48:23,4667,person,0.9237,0.9342
2026-04-10 10:48:24,4668,person,0.9151,0.9290
2026-04-10 10:48:24,4669,person,0.9161,0.9296
2026-04-10 10:48:24,4670,person,0.9115,0.9269
2026-04-10 10:48:25,4671,person,0.9176,0.9305
2026-04-10 10:48:25,4672,person,0.9168,0.9301
2026-04-10 10:48:25,4673,person,0.9017,0.9210
2026-04-10 10:48:26,4674,person,0.9145,0.9287
2026-04-10 10:48:26,4675,person,0.9121,0.9273
2026-04-10 10:48:26,4676,person,0.9131,0.9278
2026-04-10 10:48:27,4677,person,0.8929,0.9158
2026-04-10 10:48:27,4678,person,0.9086,0.9251
2026-04-10 10:48:27,4679,person,0.9113,0.9268
2026-04-10 10:48:28,4680,person,0.9094,0.9256
2026-04-10 10:48:28,4681,person,0.9252,0.9351
2026-04-10 10:48:28,4682,person,0.9228,0.9337
2026-04-10 10:48:29,4683,person,0.9161,0.9297
2026-04-10 10:48:29,4684,person,0.9189,0.9313
2026-04-10 10:48:29,4685,person,0.9156,0.9294
2026-04-10 10:48:30,4686,person,0.9104,0.9263
2026-04-10 10:48:30,4687,person,0.9269,0.9362
2026-04-10 10:48:30,4688,person,0.9189,0.9313
2026-04-10 10:48:31,4689,person,0.9377,0.9426
2026-04-10 10:48:31,4690,person,0.9234,0.9340
2026-04-10 10:48:31,4691,person,0.9247,0.9348
2026-04-10 10:48:32,4692,person,0.9280,0.9368
2026-04-10 10:48:32,4693,person,0.9410,0.9446
2026-04-10 10:48:32,4694,person,0.9377,0.9426
2026-04-10 10:48:33,4695,person,0.9342,0.9405
2026-04-10 10:48:33,4696,person,0.9372,0.9423
2026-04-10 10:48:33,4697,person,0.9366,0.9420
2026-04-10 10:48:34,4698,person,0.9462,0.9477
2026-04-10 10:48:34,4699,person,0.9328,0.9397
2026-04-10 10:48:34,4700,person,0.9368,0.9421
2026-04-10 10:48:35,4701,person,0.9232,0.9339
2026-04-10 10:48:35,4702,person,0.9194,0.9316
2026-04-10 10:48:36,4703,person,0.9107,0.9264
2026-04-10 10:48:36,4704,person,0.9465,0.9479
2026-04-10 10:48:36,4705,person,0.9504,0.9503
2026-04-10 10:48:37,4706,person,0.9479,0.9487
2026-04-10 10:48:37,4707,person,0.9445,0.9467
2026-04-10 10:48:37,4708,person,0.9504,0.9502
2026-04-10 10:48:37,4709,person,0.9620,0.9572
2026-04-10 10:48:37,4710,person,0.9606,0.9564
2026-04-10 10:48:38,4711,person,0.9636,0.9581
2026-04-10 10:48:38,4712,person,0.9579,0.9547
2026-04-10 10:48:38,4713,person,0.9601,0.9561
2026-04-10 10:48:38,4714,person,0.9463,0.9478
2026-04-10 10:48:38,4715,person,0.9327,0.9396
2026-04-10 10:48:39,4716,person,0.8644,0.8986
2026-04-10 10:48:39,4717,person,0.9046,0.9227
2026-04-10 10:48:39,4718,person,0.9020,0.9212
2026-04-10 10:48:39,4719,person,0.9154,0.9293
2026-04-10 10:48:39,4720,person,0.8846,0.9108
2026-04-10 10:48:40,4721,person,0.8853,0.9112
2026-04-10 10:48:40,4722,person,0.9481,0.9488
2026-04-10 10:48:40,4723,person,0.9477,0.9486
2026-04-10 10:48:40,4724,person,0.9109,0.9265
2026-04-10 10:48:41,4725,person,0.8937,0.9162
2026-04-10 10:48:41,4726,person,0.9341,0.9405
2026-04-10 10:48:41,4727,person,0.9234,0.9341
2026-04-10 10:48:41,4728,person,0.9314,0.9388
2026-04-10 10:48:41,4729,person,0.9178,0.9307
2026-04-10 10:48:42,4730,person,0.8958,0.9175
2026-04-10 10:48:42,4731,person,0.9056,0.9234
2026-04-10 10:48:42,4732,person,0.9059,0.9235
2026-04-10 10:48:42,4733,person,0.9236,0.9342
2026-04-10 10:48:43,4734,person,0.9269,0.9361
2026-04-10 10:48:43,4735,person,0.8633,0.8980
2026-04-10 10:48:43,4736,person,0.8438,0.8863
2026-04-10 10:48:43,4737,person,0.8960,0.9176
2026-04-10 10:48:43,4738,person,0.8452,0.8871
2026-04-10 10:48:44,4739,person,0.8469,0.8882
2026-04-10 10:48:44,4740,person,0.8346,0.8807
2026-04-10 10:48:44,4741,person,0.8144,0.8687
2026-04-10 10:48:44,4742,person,0.8698,0.9019
2026-04-10 10:48:44,4743,person,0.8453,0.8872
2026-04-10 10:48:45,4744,person,0.8264,0.8758
2026-04-10 10:48:45,4745,person,0.8884,0.9131
2026-04-10 10:48:45,4746,person,0.8172,0.8703
2026-04-10 10:48:45,4747,person,0.8693,0.9016
2026-04-10 10:48:45,4748,person,0.8649,0.8989
2026-04-10 10:48:46,4749,person,0.8638,0.8983
2026-04-10 10:48:46,4750,person,0.8721,0.9033
2026-04-10 10:48:46,4751,person,0.8649,0.8990
2026-04-10 10:48:46,4752,person,0.8550,0.8930
2026-04-10 10:48:47,4753,person,0.8716,0.9030
2026-04-10 10:48:47,4754,person,0.8697,0.9018
2026-04-10 10:48:47,4755,person,0.8573,0.8944
2026-04-10 10:48:47,4756,person,0.8371,0.8822
2026-04-10 10:48:48,4757,person,0.8314,0.8788
2026-04-10 10:48:48,4758,person,0.8856,0.9113
2026-04-10 10:48:48,4759,person,0.8573,0.8944
2026-04-10 10:48:48,4760,person,0.8546,0.8928
2026-04-10 10:48:49,4761,person,0.8234,0.8740
2026-04-10 10:48:49,4762,person,0.8599,0.8960
2026-04-10 10:48:49,4763,person,0.8752,0.9051
2026-04-10 10:48:49,4764,person,0.8630,0.8978
2026-04-10 10:48:50,4765,person,0.8500,0.8900
2026-04-10 10:48:50,4766,person,0.8699,0.9019
2026-04-10 10:48:50,4767,person,0.8882,0.9129
2026-04-10 10:48:50,4768,person,0.8930,0.9158
2026-04-10 10:48:51,4769,person,0.8655,0.8993
2026-04-10 10:48:51,4770,person,0.8973,0.9184
2026-04-10 10:48:51,4771,person,0.8533,0.8920
2026-04-10 10:48:51,4772,person,0.8763,0.9058
2026-04-10 10:48:52,4773,person,0.8463,0.8878
2026-04-10 10:48:52,4774,person,0.8438,0.8863
2026-04-10 10:48:52,4775,person,0.8709,0.9025
2026-04-10 10:48:53,4776,person,0.9004,0.9203
2026-04-10 10:48:53,4777,person,0.8361,0.8817
2026-04-10 10:48:53,4778,person,0.8709,0.9025
2026-04-10 10:48:53,4779,person,0.8944,0.9166
2026-04-10 10:48:54,4780,person,0.8846,0.9108
2026-04-10 10:48:54,4781,person,0.8541,0.8925
2026-04-10 10:48:54,4782,person,0.8222,0.8733
2026-04-10 10:48:54,4783,person,0.8297,0.8778
2026-04-10 10:48:55,4784,person,0.8541,0.8924
2026-04-10 10:48:55,4785,person,0.8622,0.8973
2026-04-10 10:48:55,4786,person,0.9299,0.9379
2026-04-10 10:48:55,4787,person,0.9165,0.9299
2026-04-10 10:48:56,4788,person,0.8310,0.8786
2026-04-10 10:48:56,4789,person,0.9192,0.9315
2026-04-10 10:48:56,4790,person,0.8441,0.8865
2026-04-10 10:48:56,4791,person,0.7820,0.8492
2026-04-10 10:48:57,4792,person,0.7333,0.8200
2026-04-10 10:48:57,4793,person,0.9216,0.9330
2026-04-10 10:48:57,4794,person,0.9170,0.9302
2026-04-10 10:48:57,4795,person,0.9283,0.9370
2026-04-10 10:48:58,4796,person,0.9329,0.9397
2026-04-10 10:48:58,4797,person,0.9402,0.9441
2026-04-10 10:48:58,4798,person,0.9464,0.9478
2026-04-10 10:48:58,4799,person,0.9430,0.9458
2026-04-10 10:48:58,4800,person,0.9342,0.9405
2026-04-10 10:48:59,4801,person,0.9081,0.9249
2026-04-10 10:48:59,4802,person,0.9090,0.9254
2026-04-10 10:48:59,4803,person,0.9127,0.9276
2026-04-10 10:48:59,4804,person,0.9239,0.9344
2026-04-10 10:49:00,4805,person,0.9407,0.9444
2026-04-10 10:49:00,4806,person,0.9470,0.9482
2026-04-10 10:49:00,4807,person,0.9401,0.9441
2026-04-10 10:49:00,4808,person,0.9382,0.9429
2026-04-10 10:49:01,4809,person,0.9458,0.9475
2026-04-10 10:49:01,4810,person,0.9450,0.9470
2026-04-10 10:49:01,4811,person,0.9457,0.9474
2026-04-10 10:49:01,4812,person,0.9354,0.9412
2026-04-10 10:49:02,4813,person,0.9362,0.9417
2026-04-10 10:49:02,4814,person,0.9415,0.9449
2026-04-10 10:49:02,4815,person,0.9316,0.9390
2026-04-10 10:49:02,4816,person,0.9397,0.9438
2026-04-10 10:49:02,4817,person,0.9409,0.9445
2026-04-10 10:49:03,4818,person,0.9441,0.9465
2026-04-10 10:49:03,4819,person,0.9515,0.9509
2026-04-10 10:49:03,4820,person,0.9330,0.9398
2026-04-10 10:49:03,4821,person,0.9469,0.9482
2026-04-10 10:49:04,4822,person,0.9475,0.9485
2026-04-10 10:49:04,4823,person,0.9403,0.9442
2026-04-10 10:49:04,4824,person,0.9515,0.9509
2026-04-10 10:49:04,4825,person,0.9476,0.9486
2026-04-10 10:49:04,4826,person,0.9474,0.9485
2026-04-10 10:49:05,4827,person,0.9416,0.9450
2026-04-10 10:49:05,4828,person,0.9437,0.9462
2026-04-10 10:49:05,4829,person,0.9385,0.9431
2026-04-10 10:49:05,4830,person,0.9372,0.9423
2026-04-10 10:49:06,4831,person,0.9458,0.9475
2026-04-10 10:49:06,4832,person,0.9357,0.9414
2026-04-10 10:49:06,4833,person,0.9381,0.9428
2026-04-10 10:49:06,4834,person,0.9398,0.9439
2026-04-10 10:49:07,4835,person,0.9241,0.9345
2026-04-10 10:49:07,4836,person,0.9363,0.9418
2026-04-10 10:49:07,4837,person,0.9476,0.9485
2026-04-10 10:49:07,4838,person,0.9314,0.9389
2026-04-10 10:49:07,4839,person,0.9487,0.9492
2026-04-10 10:49:08,4840,person,0.9446,0.9468
2026-04-10 10:49:08,4841,person,0.9509,0.9505
2026-04-10 10:49:08,4842,person,0.9459,0.9475
2026-04-10 10:49:08,4843,person,0.9401,0.9441
2026-04-10 10:49:09,4844,person,0.9435,0.9461
2026-04-10 10:49:09,4845,person,0.9429,0.9457
2026-04-10 10:49:09,4846,person,0.9376,0.9426
2026-04-10 10:49:09,4847,person,0.9326,0.9396
2026-04-10 10:49:10,4848,person,0.9290,0.9374
2026-04-10 10:49:10,4849,person,0.9353,0.9412
2026-04-10 10:49:10,4850,person,0.9323,0.9394
2026-04-10 10:49:10,4851,person,0.9266,0.9360
2026-04-10 10:49:11,4852,person,0.9254,0.9352
2026-04-10 10:49:11,4853,person,0.9285,0.9371
2026-04-10 10:49:11,4854,person,0.9352,0.9411
2026-04-10 10:49:11,4855,person,0.9381,0.9428
2026-04-10 10:49:12,4856,person,0.9310,0.9386
2026-04-10 10:49:12,4857,person,0.9481,0.9488
2026-04-10 10:49:12,4858,person,0.9428,0.9457
2026-04-10 10:49:12,4859,person,0.9192,0.9315
2026-04-10 10:49:13,4860,person,0.9304,0.9383
2026-04-10 10:49:13,4861,person,0.9456,0.9473
2026-04-10 10:49:13,4862,person,0.9400,0.9440
2026-04-10 10:49:13,4863,person,0.9386,0.9431
2026-04-10 10:49:14,4864,person,0.9267,0.9360
2026-04-10 10:49:14,4865,person,0.9378,0.9427
2026-04-10 10:49:14,4866,person,0.9290,0.9374
2026-04-10 10:49:14,4867,person,0.9359,0.9416
2026-04-10 10:49:15,4868,person,0.9412,0.9447
2026-04-10 10:49:15,4869,person,0.9311,0.9386
2026-04-10 10:49:15,4870,person,0.9346,0.9408
2026-04-10 10:49:16,4871,person,0.9316,0.9390
2026-04-10 10:49:16,4872,person,0.9205,0.9323
2026-04-10 10:49:16,4873,person,0.9205,0.9323
2026-04-10 10:49:16,4874,person,0.8934,0.9161
2026-04-10 10:49:17,4875,person,0.9234,0.9340
2026-04-10 10:49:17,4876,person,0.9413,0.9448
2026-04-10 10:49:17,4877,person,0.9441,0.9465
2026-04-10 10:49:18,4878,person,0.9252,0.9351
2026-04-10 10:49:18,4879,person,0.8957,0.9174
2026-04-10 10:49:18,4880,person,0.9122,0.9273
2026-04-10 10:49:19,4881,person,0.9264,0.9358
2026-04-10 10:49:19,4882,person,0.9299,0.9380
2026-04-10 10:49:20,4883,person,0.9519,0.9511
2026-04-10 10:49:20,4884,person,0.9321,0.9393
2026-04-10 10:49:20,4885,person,0.9291,0.9375
2026-04-10 10:49:21,4886,person,0.9256,0.9354
2026-04-10 10:49:21,4887,person,0.9312,0.9387
2026-04-10 10:49:21,4888,person,0.9162,0.9297
2026-04-10 10:49:22,4889,person,0.9389,0.9433
2026-04-10 10:49:22,4890,person,0.9358,0.9415
2026-04-10 10:49:22,4891,person,0.8426,0.8856
2026-04-10 10:49:23,4892,person,0.6532,0.7719
2026-04-10 10:49:23,4893,person,0.8015,0.8609
2026-04-10 10:49:23,4894,person,0.8089,0.8654
2026-04-10 10:49:24,4895,person,0.8662,0.8997
2026-04-10 10:49:24,4896,person,0.8662,0.8997
2026-04-10 10:49:24,4897,person,0.8388,0.8833
2026-04-10 10:49:25,4898,person,0.9201,0.9321
2026-04-10 10:49:25,4899,person,0.9049,0.9230
2026-04-10 10:49:25,4900,person,0.8981,0.9188
2026-04-10 10:49:26,4901,person,0.9110,0.9266
2026-04-10 10:49:26,4902,person,0.8802,0.9081
2026-04-10 10:49:26,4903,person,0.8110,0.8666
2026-04-10 10:49:26,4904,person,0.9086,0.9252
2026-04-10 10:49:27,4905,person,0.9018,0.9211
2026-04-10 10:49:27,4906,person,0.9172,0.9303
2026-04-10 10:49:27,4907,person,0.9052,0.9231
2026-04-10 10:49:28,4908,person,0.8971,0.9183
2026-04-10 10:49:28,4909,person,0.8574,0.8945
2026-04-10 10:49:28,4910,person,0.9268,0.9361
2026-04-10 10:49:29,4911,person,0.9085,0.9251
2026-04-10 10:49:29,4912,person,0.8825,0.9095
2026-04-10 10:49:29,4913,person,0.8915,0.9149
2026-04-10 10:49:30,4914,person,0.9014,0.9208
2026-04-10 10:49:30,4915,person,0.8821,0.9093
2026-04-10 10:49:30,4916,person,0.8830,0.9098
2026-04-10 10:49:31,4917,person,0.8842,0.9105
2026-04-10 10:49:31,4918,person,0.8952,0.9171
2026-04-10 10:49:31,4919,person,0.8859,0.9115
2026-04-10 10:49:31,4920,person,0.8369,0.8821
2026-04-10 10:49:32,4921,person,0.7669,0.8401
2026-04-10 10:49:32,4922,person,0.5973,0.7384
2026-04-10 10:49:32,4923,person,0.8574,0.8945
2026-04-10 10:49:33,4924,person,0.8753,0.9052
2026-04-10 10:49:33,4925,person,0.8733,0.9040
2026-04-10 10:49:33,4926,person,0.9012,0.9207
2026-04-10 10:49:34,4927,person,0.8835,0.9101
2026-04-10 10:49:34,4928,person,0.8634,0.8980
2026-04-10 10:49:34,4929,person,0.8794,0.9076
2026-04-10 10:49:35,4930,person,0.8658,0.8995
2026-04-10 10:49:35,4931,person,0.9070,0.9242
2026-04-10 10:49:35,4932,person,0.9333,0.9400
2026-04-10 10:49:36,4933,person,0.9204,0.9323
2026-04-10 10:49:36,4934,person,0.9231,0.9339
2026-04-10 10:49:36,4935,person,0.9282,0.9369
2026-04-10 10:49:37,4936,person,0.9145,0.9287
2026-04-10 10:49:37,4937,person,0.9316,0.9390
2026-04-10 10:49:37,4938,person,0.9312,0.9387
2026-04-10 10:49:38,4939,person,0.9462,0.9477
2026-04-10 10:49:38,4940,person,0.9419,0.9451
2026-04-10 10:49:38,4941,person,0.9458,0.9475
2026-04-10 10:49:39,4942,person,0.9424,0.9455
2026-04-10 10:49:39,4943,person,0.9358,0.9415
2026-04-10 10:49:39,4944,person,0.9265,0.9359
2026-04-10 10:49:39,4945,person,0.9395,0.9437
2026-04-10 10:49:39,4946,person,0.9345,0.9407
2026-04-10 10:49:40,4947,person,0.9413,0.9448
2026-04-10 10:49:40,4948,person,0.9406,0.9444
2026-04-10 10:49:40,4949,person,0.9360,0.9416
2026-04-10 10:49:40,4950,person,0.9450,0.9470
2026-04-10 10:49:40,4951,person,0.9417,0.9450
2026-04-10 10:49:41,4952,person,0.9232,0.9339
2026-04-10 10:49:41,4953,person,0.9072,0.9243
2026-04-10 10:49:41,4954,person,0.9331,0.9398
2026-04-10 10:49:41,4955,person,0.9303,0.9382
2026-04-10 10:49:41,4956,person,0.8827,0.9096
2026-04-10 10:49:41,4957,person,0.9124,0.9274
2026-04-10 10:49:42,4958,person,0.8988,0.9193
2026-04-10 10:49:42,4959,person,0.9196,0.9317
2026-04-10 10:49:42,4960,person,0.9357,0.9414
2026-04-10 10:49:42,4961,person,0.9346,0.9408
2026-04-10 10:49:42,4962,person,0.9403,0.9442
2026-04-10 10:49:43,4963,person,0.9498,0.9499
2026-04-10 10:49:43,4964,person,0.9456,0.9474
2026-04-10 10:49:43,4965,person,0.9561,0.9537
2026-04-10 10:49:43,4966,person,0.9362,0.9417
2026-04-10 10:49:43,4967,person,0.9419,0.9451
2026-04-10 10:49:44,4968,person,0.9207,0.9324
2026-04-10 10:49:44,4969,person,0.8855,0.9113
2026-04-10 10:49:44,4970,person,0.9211,0.9327
2026-04-10 10:49:44,4971,person,0.9283,0.9370
2026-04-10 10:49:45,4972,person,0.9328,0.9397
2026-04-10 10:49:45,4973,person,0.9401,0.9441
2026-04-10 10:49:45,4974,person,0.9394,0.9436
2026-04-10 10:49:45,4975,person,0.9072,0.9243
2026-04-10 10:49:45,4976,person,0.8432,0.8859
2026-04-10 10:49:46,4977,person,0.9204,0.9322
2026-04-10 10:49:46,4978,person,0.9215,0.9329
2026-04-10 10:49:46,4979,person,0.9233,0.9340
2026-04-10 10:49:46,4980,person,0.8822,0.9093
2026-04-10 10:49:47,4981,person,0.8669,0.9001
2026-04-10 10:49:47,4982,person,0.9066,0.9239
2026-04-10 10:49:47,4983,person,0.8962,0.9177
2026-04-10 10:49:47,4984,person,0.9196,0.9317
2026-04-10 10:49:48,4985,person,0.9056,0.9234
2026-04-10 10:49:48,4986,person,0.9188,0.9313
2026-04-10 10:49:48,4987,person,0.9103,0.9262
2026-04-10 10:49:48,4988,person,0.9108,0.9265
2026-04-10 10:49:49,4989,person,0.8951,0.9171
2026-04-10 10:49:49,4990,person,0.9220,0.9332
2026-04-10 10:49:49,4991,person,0.9249,0.9349
2026-04-10 10:49:49,4992,person,0.9106,0.9264
2026-04-10 10:49:50,4993,person,0.9082,0.9249
2026-04-10 10:49:50,4994,person,0.9073,0.9244
2026-04-10 10:49:50,4995,person,0.9067,0.9240
2026-04-10 10:49:50,4996,person,0.9142,0.9285
2026-04-10 10:49:50,4997,person,0.9137,0.9282
2026-04-10 10:49:51,4998,person,0.9101,0.9261
2026-04-10 10:49:51,4999,person,0.9179,0.9307
2026-04-10 10:49:51,5000,person,0.8948,0.9169
2026-04-10 10:49:51,5001,person,0.8982,0.9189
2026-04-10 10:49:52,5002,person,0.9202,0.9321
2026-04-10 10:49:52,5003,person,0.9128,0.9277
2026-04-10 10:49:52,5004,person,0.9106,0.9264
2026-04-10 10:49:52,5005,person,0.9149,0.9290
2026-04-10 10:49:53,5006,person,0.9128,0.9277
2026-04-10 10:49:53,5007,person,0.9115,0.9269
2026-04-10 10:49:53,5008,person,0.9082,0.9249
2026-04-10 10:49:53,5009,person,0.8947,0.9168
2026-04-10 10:49:54,5010,person,0.9032,0.9219
2026-04-10 10:49:54,5011,person,0.9169,0.9301
2026-04-10 10:49:54,5012,person,0.9134,0.9281
2026-04-10 10:49:54,5013,person,0.9139,0.9283
2026-04-10 10:49:55,5014,person,0.8959,0.9175
2026-04-10 10:49:55,5015,person,0.9051,0.9231
2026-04-10 10:49:55,5016,person,0.9075,0.9245
2026-04-10 10:49:55,5017,person,0.9073,0.9244
2026-04-10 10:49:55,5018,person,0.9039,0.9223
2026-04-10 10:49:56,5019,person,0.8922,0.9153
2026-04-10 10:49:56,5020,person,0.9258,0.9355
2026-04-10 10:49:56,5021,person,0.9319,0.9391
2026-04-10 10:49:56,5022,person,0.9255,0.9353
2026-04-10 10:49:57,5023,person,0.9220,0.9332
2026-04-10 10:49:57,5024,person,0.9292,0.9375
2026-04-10 10:49:57,5025,person,0.9368,0.9421
2026-04-10 10:49:57,5026,person,0.9254,0.9352
2026-04-10 10:49:58,5027,person,0.9364,0.9418
2026-04-10 10:49:58,5028,person,0.9317,0.9390
2026-04-10 10:49:58,5029,person,0.9330,0.9398
2026-04-10 10:49:58,5030,person,0.9285,0.9371
2026-04-10 10:49:59,5031,person,0.9199,0.9319
2026-04-10 10:49:59,5032,person,0.9443,0.9466
2026-04-10 10:49:59,5033,person,0.9256,0.9353
2026-04-10 10:50:00,5034,person,0.9025,0.9215
2026-04-10 10:50:00,5035,person,0.9406,0.9444
2026-04-10 10:50:00,5036,person,0.9507,0.9504
2026-04-10 10:50:00,5037,person,0.9526,0.9516
2026-04-10 10:50:01,5038,person,0.9532,0.9519
2026-04-10 10:50:01,5039,person,0.9468,0.9481
2026-04-10 10:50:01,5040,person,0.9505,0.9503
2026-04-10 10:50:01,5041,person,0.9521,0.9512
2026-04-10 10:50:02,5042,person,0.9482,0.9489
2026-04-10 10:50:02,5043,person,0.9479,0.9488
2026-04-10 10:50:02,5044,person,0.9458,0.9475
2026-04-10 10:50:02,5045,person,0.9506,0.9504
2026-04-10 10:50:03,5046,person,0.9466,0.9480
2026-04-10 10:50:03,5047,person,0.9441,0.9464
2026-04-10 10:50:03,5048,person,0.9416,0.9450
2026-04-10 10:50:03,5049,person,0.9463,0.9478
2026-04-10 10:50:04,5050,person,0.9474,0.9484
2026-04-10 10:50:04,5051,person,0.9456,0.9473
2026-04-10 10:50:04,5052,person,0.9457,0.9474
2026-04-10 10:50:04,5053,person,0.9480,0.9488
2026-04-10 10:50:05,5054,person,0.9466,0.9480
2026-04-10 10:50:05,5055,person,0.9427,0.9456
2026-04-10 10:50:05,5056,person,0.9480,0.9488
2026-04-10 10:50:05,5057,person,0.9492,0.9495
2026-04-10 10:50:06,5058,person,0.9481,0.9489
2026-04-10 10:50:06,5059,person,0.9477,0.9486
2026-04-10 10:50:06,5060,person,0.9481,0.9489
2026-04-10 10:50:06,5061,person,0.9473,0.9484
2026-04-10 10:50:07,5062,person,0.9502,0.9501
2026-04-10 10:50:07,5063,person,0.9444,0.9466
2026-04-10 10:50:07,5064,person,0.9441,0.9465
2026-04-10 10:50:07,5065,person,0.9467,0.9480
2026-04-10 10:50:07,5066,person,0.9351,0.9411
2026-04-10 10:50:08,5067,person,0.9419,0.9451
2026-04-10 10:50:08,5068,person,0.9397,0.9438
2026-04-10 10:50:08,5069,person,0.8524,0.8915
2026-04-10 10:50:09,5070,person,0.8319,0.8791
2026-04-10 10:50:09,5071,person,0.9045,0.9227
2026-04-10 10:50:09,5072,person,0.9013,0.9208
2026-04-10 10:50:09,5073,person,0.9151,0.9291
2026-04-10 10:50:10,5074,person,0.9204,0.9322
2026-04-10 10:50:10,5075,person,0.9214,0.9329
2026-04-10 10:50:10,5076,person,0.9235,0.9341
2026-04-10 10:50:11,5077,person,0.9193,0.9316
2026-04-10 10:50:11,5078,person,0.9182,0.9309
2026-04-10 10:50:11,5079,person,0.9187,0.9312
2026-04-10 10:50:12,5080,person,0.9225,0.9335
2026-04-10 10:50:12,5081,person,0.9229,0.9337
2026-04-10 10:50:12,5082,person,0.9156,0.9294
2026-04-10 10:50:13,5083,person,0.9140,0.9284
2026-04-10 10:50:13,5084,person,0.9137,0.9282
2026-04-10 10:50:13,5085,person,0.9214,0.9328
2026-04-10 10:50:14,5086,person,0.9226,0.9336
2026-04-10 10:50:14,5087,person,0.9282,0.9369
2026-04-10 10:50:14,5088,person,0.9194,0.9316
2026-04-10 10:50:15,5089,person,0.8623,0.8974
2026-04-10 10:50:15,5090,person,0.9293,0.9376
2026-04-10 10:50:15,5091,person,0.9329,0.9397
2026-04-10 10:50:16,5092,person,0.9344,0.9406
2026-04-10 10:50:16,5093,person,0.9248,0.9349
2026-04-10 10:50:16,5094,person,0.9339,0.9403
2026-04-10 10:50:17,5095,person,0.9347,0.9408
2026-04-10 10:50:17,5096,person,0.9083,0.9250
2026-04-10 10:50:17,5097,person,0.9380,0.9428
2026-04-10 10:50:18,5098,person,0.9353,0.9412
2026-04-10 10:50:18,5099,person,0.9349,0.9409
2026-04-10 10:50:18,5100,person,0.9307,0.9384
2026-04-10 10:50:19,5101,person,0.9278,0.9367
2026-04-10 10:50:19,5102,person,0.9392,0.9435
2026-04-10 10:50:19,5103,person,0.9169,0.9302
2026-04-10 10:50:20,5104,person,0.9312,0.9387
2026-04-10 10:50:20,5105,person,0.9342,0.9405
2026-04-10 10:50:20,5106,person,0.9276,0.9366
2026-04-10 10:50:21,5107,person,0.9389,0.9433
2026-04-10 10:50:21,5108,person,0.9267,0.9360
2026-04-10 10:50:21,5109,person,0.9327,0.9396
2026-04-10 10:50:22,5110,person,0.9318,0.9391
2026-04-10 10:50:22,5111,person,0.9084,0.9250
2026-04-10 10:50:22,5112,person,0.9159,0.9295
2026-04-10 10:50:23,5113,person,0.9168,0.9301
2026-04-10 10:50:23,5114,person,0.9146,0.9288
2026-04-10 10:50:23,5115,person,0.9243,0.9346
2026-04-10 10:50:24,5116,person,0.9247,0.9348
2026-04-10 10:50:24,5117,person,0.9147,0.9288
2026-04-10 10:50:24,5118,person,0.9283,0.9370
2026-04-10 10:50:24,5119,person,0.9415,0.9449
2026-04-10 10:50:25,5120,person,0.9384,0.9431
2026-04-10 10:50:25,5121,person,0.9269,0.9361
2026-04-10 10:50:26,5122,person,0.9315,0.9389
2026-04-10 10:50:26,5123,person,0.9403,0.9442
2026-04-10 10:50:26,5124,person,0.9527,0.9516
2026-04-10 10:50:27,5125,person,0.9443,0.9466
2026-04-10 10:50:27,5126,person,0.9515,0.9509
2026-04-10 10:50:27,5127,person,0.9261,0.9357
2026-04-10 10:50:28,5128,person,0.9360,0.9416
2026-04-10 10:50:28,5129,person,0.9374,0.9424
2026-04-10 10:50:28,5130,person,0.9354,0.9412
2026-04-10 10:50:29,5131,person,0.9367,0.9420
2026-04-10 10:50:29,5132,person,0.9328,0.9397
2026-04-10 10:50:29,5133,person,0.9340,0.9404
2026-04-10 10:50:30,5134,person,0.8507,0.8904
2026-04-10 10:50:30,5135,person,0.9297,0.9378
2026-04-10 10:50:30,5136,person,0.9285,0.9371
2026-04-10 10:50:31,5137,person,0.9293,0.9376
2026-04-10 10:50:31,5138,person,0.9282,0.9369
2026-04-10 10:50:31,5139,person,0.9268,0.9361
2026-04-10 10:50:32,5140,person,0.9312,0.9387
2026-04-10 10:50:32,5141,person,0.9401,0.9441
2026-04-10 10:50:32,5142,person,0.9339,0.9403
2026-04-10 10:50:33,5143,person,0.9423,0.9454
2026-04-10 10:50:33,5144,person,0.9340,0.9404
2026-04-10 10:50:33,5145,person,0.9430,0.9458
2026-04-10 10:50:34,5146,person,0.9420,0.9452
2026-04-10 10:50:34,5147,person,0.9390,0.9434
2026-04-10 10:50:34,5148,person,0.9233,0.9340
2026-04-10 10:50:34,5149,person,0.9393,0.9436
2026-04-10 10:50:35,5150,person,0.9422,0.9453
2026-04-10 10:50:35,5151,person,0.9373,0.9424
2026-04-10 10:50:35,5152,person,0.9447,0.9468
2026-04-10 10:50:36,5153,person,0.9383,0.9430
2026-04-10 10:50:36,5154,person,0.9361,0.9417
2026-04-10 10:50:36,5155,person,0.9435,0.9461
2026-04-10 10:50:37,5156,person,0.9450,0.9470
2026-04-10 10:50:37,5157,person,0.9388,0.9433
2026-04-10 10:50:37,5158,person,0.9406,0.9443
2026-04-10 10:50:38,5159,person,0.9434,0.9461
2026-04-10 10:50:38,5160,person,0.9413,0.9448
2026-04-10 10:50:38,5161,person,0.9418,0.9451
2026-04-10 10:50:39,5162,person,0.9408,0.9445
2026-04-10 10:50:39,5163,person,0.9396,0.9438
2026-04-10 10:50:39,5164,person,0.9427,0.9456
2026-04-10 10:50:40,5165,person,0.9243,0.9346
2026-04-10 10:50:40,5166,person,0.9239,0.9343
2026-04-10 10:50:40,5167,person,0.9396,0.9438
2026-04-10 10:50:41,5168,person,0.9398,0.9439
2026-04-10 10:50:41,5169,person,0.9377,0.9426
2026-04-10 10:50:41,5170,person,0.9342,0.9405
2026-04-10 10:50:42,5171,person,0.9404,0.9442
2026-04-10 10:50:42,5172,person,0.9071,0.9243
2026-04-10 10:50:42,5173,person,0.9045,0.9227
2026-04-10 10:50:43,5174,person,0.9171,0.9302
2026-04-10 10:50:43,5175,person,0.9151,0.9290
2026-04-10 10:50:43,5176,person,0.9388,0.9433
2026-04-10 10:50:44,5177,person,0.9267,0.9360
2026-04-10 10:50:44,5178,person,0.9310,0.9386
2026-04-10 10:50:44,5179,person,0.9292,0.9375
2026-04-10 10:50:44,5180,person,0.9332,0.9399
2026-04-10 10:50:45,5181,person,0.9206,0.9324
2026-04-10 10:50:45,5182,person,0.9341,0.9405
2026-04-10 10:50:45,5183,person,0.9251,0.9350
2026-04-10 10:50:46,5184,person,0.9348,0.9409
2026-04-10 10:50:46,5185,person,0.9341,0.9404
2026-04-10 10:50:46,5186,person,0.9303,0.9382
2026-04-10 10:50:47,5187,person,0.9287,0.9372
2026-04-10 10:50:47,5188,person,0.9307,0.9384
2026-04-10 10:50:47,5189,person,0.9040,0.9224
2026-04-10 10:50:48,5190,person,0.9255,0.9353
2026-04-10 10:50:48,5191,person,0.8620,0.8972
2026-04-10 10:50:48,5192,person,0.9177,0.9306
2026-04-10 10:50:49,5193,person,0.9181,0.9309
2026-04-10 10:50:49,5194,person,0.9100,0.9260
2026-04-10 10:50:49,5195,person,0.9001,0.9201
2026-04-10 10:50:50,5196,person,0.8613,0.8968
2026-04-10 10:50:50,5197,person,0.9145,0.9287
2026-04-10 10:50:50,5198,person,0.8047,0.8628
2026-04-10 10:50:51,5199,person,0.8134,0.8680
2026-04-10 10:50:51,5200,person,0.7918,0.8551
2026-04-10 10:50:51,5201,person,0.8791,0.9075
2026-04-10 10:50:52,5202,person,0.9160,0.9296
2026-04-10 10:50:52,5203,person,0.9089,0.9253
2026-04-10 10:50:52,5204,person,0.9137,0.9282
2026-04-10 10:50:53,5205,person,0.8962,0.9177
2026-04-10 10:50:53,5206,person,0.8457,0.8874
2026-04-10 10:50:53,5207,person,0.7148,0.8089
2026-04-10 10:50:54,5208,person,0.7596,0.8357
2026-04-10 10:50:54,5209,person,0.7258,0.8155
2026-04-10 10:50:54,5210,person,0.8498,0.8899
2026-04-10 10:50:55,5211,person,0.8182,0.8709
2026-04-10 10:50:55,5212,person,0.8003,0.8602
2026-04-10 10:50:55,5213,person,0.8747,0.9048
2026-04-10 10:50:56,5214,person,0.8663,0.8998
2026-04-10 10:50:56,5215,person,0.9041,0.9225
2026-04-10 10:50:56,5216,person,0.8841,0.9105
2026-04-10 10:50:57,5217,person,0.9281,0.9368
2026-04-10 10:50:57,5218,person,0.8338,0.8803
2026-04-10 10:50:57,5219,person,0.9257,0.9354
2026-04-10 10:50:58,5220,person,0.8795,0.9077
2026-04-10 10:50:58,5221,person,0.8820,0.9092
2026-04-10 10:50:58,5222,person,0.9025,0.9215
2026-04-10 10:50:59,5223,person,0.8568,0.8941
2026-04-10 10:50:59,5224,person,0.9149,0.9289
2026-04-10 10:50:59,5225,person,0.9253,0.9352
2026-04-10 10:51:00,5226,person,0.9280,0.9368
2026-04-10 10:51:00,5227,person,0.9342,0.9405
2026-04-10 10:51:00,5228,person,0.9227,0.9336
2026-04-10 10:51:01,5229,person,0.9132,0.9279
2026-04-10 10:51:01,5230,person,0.9309,0.9385
2026-04-10 10:51:01,5231,person,0.9339,0.9403
2026-04-10 10:51:02,5232,person,0.9390,0.9434
2026-04-10 10:51:02,5233,person,0.9251,0.9350
2026-04-10 10:51:02,5234,person,0.9254,0.9353
2026-04-10 10:51:03,5235,person,0.8740,0.9044
2026-04-10 10:51:03,5236,person,0.8177,0.8706
2026-04-10 10:51:03,5237,person,0.8731,0.9039
2026-04-10 10:51:04,5238,person,0.8525,0.8915
2026-04-10 10:51:04,5239,person,0.8659,0.8995
2026-04-10 10:51:04,5240,person,0.8910,0.9146
2026-04-10 10:51:05,5241,person,0.9147,0.9288
2026-04-10 10:51:05,5242,person,0.9094,0.9257
2026-04-10 10:51:05,5243,person,0.9228,0.9337
2026-04-10 10:51:06,5244,person,0.8692,0.9015
2026-04-10 10:51:06,5245,person,0.9270,0.9362
2026-04-10 10:51:06,5246,person,0.9057,0.9234
2026-04-10 10:51:07,5247,person,0.9085,0.9251
2026-04-10 10:51:07,5248,person,0.9318,0.9391
2026-04-10 10:51:07,5249,person,0.9463,0.9478
2026-04-10 10:51:08,5250,person,0.9367,0.9420
2026-04-10 10:51:08,5251,person,0.9135,0.9281
2026-04-10 10:51:08,5252,person,0.9092,0.9255
2026-04-10 10:51:09,5253,person,0.9073,0.9244
2026-04-10 10:51:09,5254,person,0.9210,0.9326
2026-04-10 10:51:09,5255,person,0.9227,0.9336
2026-04-10 10:51:10,5256,person,0.9481,0.9489
2026-04-10 10:51:10,5257,person,0.9247,0.9348
2026-04-10 10:51:10,5258,person,0.8959,0.9175
2026-04-10 10:51:11,5259,person,0.9246,0.9347
2026-04-10 10:51:11,5260,person,0.9275,0.9365
2026-04-10 10:51:11,5261,person,0.9193,0.9316
2026-04-10 10:51:12,5262,person,0.9228,0.9337
2026-04-10 10:51:12,5263,person,0.9482,0.9489
2026-04-10 10:51:12,5264,person,0.9445,0.9467
2026-04-10 10:51:13,5265,person,0.9466,0.9480
2026-04-10 10:51:13,5266,person,0.9419,0.9452
2026-04-10 10:51:13,5267,person,0.9362,0.9417
2026-04-10 10:51:14,5268,person,0.9165,0.9299
2026-04-10 10:51:14,5269,person,0.9013,0.9208
2026-04-10 10:51:14,5270,person,0.9005,0.9203
2026-04-10 10:51:15,5271,person,0.9135,0.9281
2026-04-10 10:51:15,5272,person,0.8821,0.9093
2026-04-10 10:51:15,5273,person,0.9507,0.9504
2026-04-10 10:51:16,5274,person,0.9467,0.9480
2026-04-10 10:51:16,5275,person,0.9553,0.9532
2026-04-10 10:51:16,5276,person,0.9466,0.9480
2026-04-10 10:51:17,5277,person,0.9452,0.9471
2026-04-10 10:51:17,5278,person,0.9230,0.9338
2026-04-10 10:51:17,5279,person,0.9294,0.9376
2026-04-10 10:51:18,5280,person,0.9120,0.9272
2026-04-10 10:51:18,5281,person,0.8996,0.9198
2026-04-10 10:51:18,5282,person,0.9231,0.9338
2026-04-10 10:51:19,5283,person,0.9186,0.9311
2026-04-10 10:51:19,5284,person,0.9300,0.9380
2026-04-10 10:51:19,5285,person,0.9496,0.9497
2026-04-10 10:51:20,5286,person,0.9515,0.9509
2026-04-10 10:51:20,5287,person,0.9527,0.9516
2026-04-10 10:51:20,5288,person,0.9517,0.9510
2026-04-10 10:51:21,5289,person,0.9256,0.9353
2026-04-10 10:51:21,5290,person,0.9323,0.9394
2026-04-10 10:51:22,5291,person,0.9271,0.9363
2026-04-10 10:51:22,5292,person,0.9225,0.9335
2026-04-10 10:51:22,5293,person,0.9121,0.9272
2026-04-10 10:51:22,5294,person,0.9159,0.9296
2026-04-10 10:51:23,5295,person,0.9134,0.9280
2026-04-10 10:51:23,5296,person,0.9187,0.9312
2026-04-10 10:51:23,5297,person,0.9192,0.9315
2026-04-10 10:51:24,5298,person,0.9255,0.9353
2026-04-10 10:51:24,5299,person,0.9320,0.9392
2026-04-10 10:51:24,5300,person,0.9350,0.9410
2026-04-10 10:51:25,5301,person,0.9241,0.9345
2026-04-10 10:51:25,5302,person,0.9366,0.9419
2026-04-10 10:51:25,5303,person,0.9371,0.9423
2026-04-10 10:51:26,5304,person,0.9330,0.9398
2026-04-10 10:51:26,5305,person,0.9433,0.9460
2026-04-10 10:51:26,5306,person,0.9320,0.9392
2026-04-10 10:51:27,5307,person,0.9518,0.9511
2026-04-10 10:51:27,5308,person,0.9577,0.9546
2026-04-10 10:51:27,5309,person,0.9553,0.9532
2026-04-10 10:51:28,5310,person,0.9539,0.9523
2026-04-10 10:51:28,5311,person,0.9361,0.9416
2026-04-10 10:51:28,5312,person,0.9094,0.9256
2026-04-10 10:51:29,5313,person,0.9442,0.9465
2026-04-10 10:51:29,5314,person,0.9434,0.9460
2026-04-10 10:51:29,5315,person,0.9392,0.9435
2026-04-10 10:51:30,5316,person,0.9537,0.9522
2026-04-10 10:51:30,5317,person,0.9463,0.9478
2026-04-10 10:51:30,5318,person,0.9506,0.9504
2026-04-10 10:51:31,5319,person,0.9502,0.9501
2026-04-10 10:51:31,5320,person,0.9531,0.9518
2026-04-10 10:51:31,5321,person,0.9600,0.9560
2026-04-10 10:51:32,5322,person,0.9471,0.9483
2026-04-10 10:51:32,5323,person,0.9475,0.9485
2026-04-10 10:51:32,5324,person,0.9523,0.9514
2026-04-10 10:51:33,5325,person,0.9479,0.9487
2026-04-10 10:51:33,5326,person,0.8986,0.9191
2026-04-10 10:51:33,5327,person,0.9129,0.9277
2026-04-10 10:51:34,5328,person,0.9484,0.9491
2026-04-10 10:51:34,5329,person,0.9402,0.9441
2026-04-10 10:51:35,5330,person,0.9231,0.9338
2026-04-10 10:51:35,5331,person,0.9246,0.9347
2026-04-10 10:51:35,5332,person,0.9342,0.9405
2026-04-10 10:51:36,5333,person,0.9286,0.9371
2026-04-10 10:51:36,5334,person,0.9502,0.9501
2026-04-10 10:51:36,5335,person,0.9483,0.9490
2026-04-10 10:51:37,5336,person,0.9398,0.9439
2026-04-10 10:51:37,5337,person,0.9398,0.9439
2026-04-10 10:51:37,5338,person,0.9182,0.9309
2026-04-10 10:51:38,5339,person,0.9504,0.9503
2026-04-10 10:51:38,5340,person,0.9418,0.9451
2026-04-10 10:51:38,5341,person,0.9394,0.9437
2026-04-10 10:51:39,5342,person,0.9343,0.9406
2026-04-10 10:51:39,5343,person,0.9429,0.9457
2026-04-10 10:51:39,5344,person,0.9447,0.9468
2026-04-10 10:51:40,5345,person,0.9415,0.9449
2026-04-10 10:51:40,5346,person,0.9475,0.9485
2026-04-10 10:51:40,5347,person,0.9456,0.9474
2026-04-10 10:51:41,5348,person,0.9455,0.9473
2026-04-10 10:51:41,5349,person,0.9457,0.9474
2026-04-10 10:51:41,5350,person,0.9448,0.9469
2026-04-10 10:51:42,5351,person,0.9453,0.9472
2026-04-10 10:51:42,5352,person,0.9482,0.9489
2026-04-10 10:51:42,5353,person,0.9493,0.9496
2026-04-10 10:51:43,5354,person,0.9357,0.9414
2026-04-10 10:51:43,5355,person,0.9437,0.9462
2026-04-10 10:51:43,5356,person,0.9479,0.9488
2026-04-10 10:51:44,5357,person,0.9485,0.9491
2026-04-10 10:51:44,5358,person,0.9461,0.9476
2026-04-10 10:51:44,5359,person,0.9493,0.9496
2026-04-10 10:51:45,5360,person,0.9470,0.9482
2026-04-10 10:51:45,5361,person,0.8862,0.9117
2026-04-10 10:51:45,5362,person,0.9340,0.9404
2026-04-10 10:51:46,5363,person,0.9275,0.9365
2026-04-10 10:51:46,5364,person,0.9349,0.9409
2026-04-10 10:51:46,5365,person,0.8955,0.9173
2026-04-10 10:51:47,5366,person,0.8598,0.8959
2026-04-10 10:51:47,5367,person,0.9482,0.9489
2026-04-10 10:51:47,5368,person,0.9463,0.9478
2026-04-10 10:51:48,5369,person,0.9419,0.9452
2026-04-10 10:51:48,5370,person,0.9514,0.9508
2026-04-10 10:51:48,5371,person,0.9272,0.9363
2026-04-10 10:51:49,5372,person,0.9482,0.9489
2026-04-10 10:51:49,5373,person,0.9417,0.9450
2026-04-10 10:51:49,5374,person,0.8459,0.8876
2026-04-10 10:51:50,5375,person,0.8761,0.9057
2026-04-10 10:51:50,5376,person,0.8850,0.9110
2026-04-10 10:51:50,5377,person,0.9373,0.9424
2026-04-10 10:51:51,5378,person,0.9165,0.9299
2026-04-10 10:51:51,5379,person,0.9245,0.9347
2026-04-10 10:51:51,5380,person,0.9494,0.9496
2026-04-10 10:51:52,5381,person,0.9453,0.9472
2026-04-10 10:51:52,5382,person,0.9065,0.9239
2026-04-10 10:51:52,5383,person,0.9318,0.9391
2026-04-10 10:51:53,5384,person,0.9466,0.9480
2026-04-10 10:51:53,5385,person,0.9460,0.9476
2026-04-10 10:51:53,5386,person,0.8463,0.8878
2026-04-10 10:51:53,5387,person,0.9379,0.9427
2026-04-10 10:51:54,5388,person,0.9349,0.9410
2026-04-10 10:51:54,5389,person,0.9344,0.9406
2026-04-10 10:51:54,5390,person,0.9369,0.9421
2026-04-10 10:51:55,5391,person,0.9356,0.9414
2026-04-10 10:51:55,5392,person,0.9256,0.9353
2026-04-10 10:51:55,5393,person,0.9405,0.9443
2026-04-10 10:51:56,5394,person,0.8310,0.8786
2026-04-10 10:51:56,5395,person,0.9309,0.9385
2026-04-10 10:51:56,5396,person,0.9178,0.9307
2026-04-10 10:51:57,5397,person,0.9395,0.9437
2026-04-10 10:51:57,5398,person,0.9405,0.9443
2026-04-10 10:51:57,5399,person,0.9407,0.9444
2026-04-10 10:51:58,5400,person,0.9419,0.9452
2026-04-10 10:51:58,5401,person,0.9398,0.9439
2026-04-10 10:51:58,5402,person,0.9405,0.9443
2026-04-10 10:51:59,5403,person,0.9409,0.9445
2026-04-10 10:51:59,5404,person,0.9410,0.9446
2026-04-10 10:51:59,5405,person,0.9375,0.9425
2026-04-10 10:52:00,5406,person,0.9404,0.9442
2026-04-10 10:52:00,5407,person,0.9409,0.9445
2026-04-10 10:52:00,5408,person,0.9382,0.9429
2026-04-10 10:52:01,5409,person,0.9398,0.9439
2026-04-10 10:52:01,5410,person,0.9436,0.9461
2026-04-10 10:52:01,5411,person,0.9440,0.9464
2026-04-10 10:52:02,5412,person,0.9439,0.9463
2026-04-10 10:52:02,5413,person,0.9426,0.9455
2026-04-10 10:52:02,5414,person,0.9412,0.9447
2026-04-10 10:52:03,5415,person,0.9434,0.9461
2026-04-10 10:52:03,5416,person,0.9487,0.9492
2026-04-10 10:52:03,5417,person,0.9508,0.9505
2026-04-10 10:52:04,5418,person,0.9456,0.9473
2026-04-10 10:52:04,5419,person,0.9409,0.9445
2026-04-10 10:52:04,5420,person,0.9362,0.9417
2026-04-10 10:52:04,5421,person,0.9334,0.9401
2026-04-10 10:52:05,5422,person,0.9270,0.9362
2026-04-10 10:52:05,5423,person,0.9371,0.9422
2026-04-10 10:52:05,5424,person,0.9367,0.9420
2026-04-10 10:52:06,5425,person,0.9385,0.9431
2026-04-10 10:52:06,5426,person,0.9400,0.9440
2026-04-10 10:52:06,5427,person,0.9316,0.9390
2026-04-10 10:52:07,5428,person,0.9328,0.9397
2026-04-10 10:52:07,5429,person,0.9268,0.9361
2026-04-10 10:52:07,5430,person,0.9320,0.9392
2026-04-10 10:52:08,5431,person,0.9252,0.9351
2026-04-10 10:52:08,5432,person,0.9314,0.9389
2026-04-10 10:52:08,5433,person,0.9427,0.9456
2026-04-10 10:52:09,5434,person,0.9392,0.9435
2026-04-10 10:52:09,5435,person,0.9365,0.9419
2026-04-10 10:52:09,5436,person,0.9375,0.9425
2026-04-10 10:52:10,5437,person,0.9343,0.9406
2026-04-10 10:52:10,5438,person,0.9337,0.9402
2026-04-10 10:52:10,5439,person,0.9556,0.9534
2026-04-10 10:52:11,5440,person,0.9380,0.9428
2026-04-10 10:52:11,5441,person,0.9428,0.9457
2026-04-10 10:52:11,5442,person,0.9282,0.9369
2026-04-10 10:52:12,5443,person,0.9269,0.9361
2026-04-10 10:52:12,5444,person,0.9279,0.9367
2026-04-10 10:52:13,5445,person,0.9305,0.9383
2026-04-10 10:52:13,5446,person,0.9344,0.9406
2026-04-10 10:52:13,5447,person,0.8888,0.9133
2026-04-10 10:52:14,5448,person,0.9455,0.9473
2026-04-10 10:52:14,5449,person,0.9414,0.9448
2026-04-10 10:52:14,5450,person,0.9396,0.9438
2026-04-10 10:52:15,5451,person,0.9485,0.9491
2026-04-10 10:52:15,5452,person,0.9477,0.9486
2026-04-10 10:52:15,5453,person,0.9230,0.9338
2026-04-10 10:52:16,5454,person,0.9344,0.9407
2026-04-10 10:52:16,5455,person,0.9375,0.9425
2026-04-10 10:52:16,5456,person,0.9327,0.9396
2026-04-10 10:52:17,5457,person,0.9325,0.9395
2026-04-10 10:52:17,5458,person,0.9334,0.9400
2026-04-10 10:52:17,5459,person,0.9009,0.9205
2026-04-10 10:52:18,5460,person,0.9390,0.9434
2026-04-10 10:52:18,5461,person,0.9300,0.9380
2026-04-10 10:52:18,5462,person,0.9495,0.9497
2026-04-10 10:52:19,5463,person,0.9355,0.9413
2026-04-10 10:52:19,5464,person,0.9332,0.9399
2026-04-10 10:52:19,5465,person,0.9334,0.9400
2026-04-10 10:52:20,5466,person,0.9343,0.9406
2026-04-10 10:52:20,5467,person,0.9305,0.9383
2026-04-10 10:52:20,5468,person,0.9235,0.9341
2026-04-10 10:52:21,5469,person,0.9355,0.9413
2026-04-10 10:52:21,5470,person,0.9386,0.9432
2026-04-10 10:52:21,5471,person,0.9534,0.9520
2026-04-10 10:52:22,5472,person,0.9563,0.9538
2026-04-10 10:52:22,5473,person,0.9553,0.9532
2026-04-10 10:52:22,5474,person,0.9536,0.9522
2026-04-10 10:52:23,5475,person,0.9517,0.9510
2026-04-10 10:52:23,5476,person,0.9537,0.9522
2026-04-10 10:52:23,5477,person,0.9545,0.9527
2026-04-10 10:52:23,5478,person,0.9502,0.9501
2026-04-10 10:52:24,5479,person,0.9434,0.9460
2026-04-10 10:52:24,5480,person,0.9459,0.9476
2026-04-10 10:52:24,5481,person,0.9547,0.9528
2026-04-10 10:52:25,5482,person,0.9332,0.9399
2026-04-10 10:52:25,5483,person,0.9348,0.9409
2026-04-10 10:52:25,5484,person,0.9447,0.9468
2026-04-10 10:52:26,5485,person,0.9497,0.9498
2026-04-10 10:52:26,5486,person,0.9391,0.9435
2026-04-10 10:52:27,5487,person,0.9385,0.9431
2026-04-10 10:52:27,5488,person,0.9345,0.9407
2026-04-10 10:52:27,5489,person,0.9233,0.9340
2026-04-10 10:52:28,5490,person,0.9279,0.9368
2026-04-10 10:52:28,5491,person,0.9102,0.9261
2026-04-10 10:52:28,5492,person,0.9144,0.9286
2026-04-10 10:52:29,5493,person,0.9127,0.9276
2026-04-10 10:52:29,5494,person,0.9284,0.9370
2026-04-10 10:52:29,5495,person,0.9297,0.9378
2026-04-10 10:52:30,5496,person,0.8570,0.8942
2026-04-10 10:52:30,5497,person,0.4436,0.6461
2026-04-10 10:52:30,5498,person,0.6798,0.7879
2026-04-10 10:52:31,5499,tv,0.5968,0.5581
2026-04-10 10:52:31,5500,person,0.7659,0.8395
2026-04-10 10:52:31,5501,person,0.8743,0.9046
2026-04-10 10:52:32,5502,person,0.8784,0.9071
2026-04-10 10:52:32,5503,person,0.8608,0.8965
2026-04-10 10:52:32,5504,person,0.8937,0.9162
2026-04-10 10:52:33,5505,person,0.9305,0.9383
2026-04-10 10:52:33,5506,person,0.9178,0.9307
2026-04-10 10:52:33,5507,person,0.9313,0.9388
2026-04-10 10:52:34,5508,person,0.9268,0.9361
2026-04-10 10:52:34,5509,person,0.9366,0.9420
2026-04-10 10:52:34,5510,person,0.9471,0.9483
2026-04-10 10:52:34,5511,person,0.9348,0.9409
2026-04-10 10:52:35,5512,person,0.9407,0.9444
2026-04-10 10:52:35,5513,person,0.9357,0.9414
2026-04-10 10:52:35,5514,person,0.9309,0.9386
2026-04-10 10:52:36,5515,person,0.9356,0.9414
2026-04-10 10:52:36,5516,person,0.9379,0.9428
2026-04-10 10:52:36,5517,person,0.9277,0.9366
2026-04-10 10:52:37,5518,person,0.9315,0.9389
2026-04-10 10:52:37,5519,person,0.9293,0.9376
2026-04-10 10:52:37,5520,person,0.9273,0.9364
2026-04-10 10:52:37,5521,person,0.9253,0.9352
2026-04-10 10:52:38,5522,person,0.9302,0.9381
2026-04-10 10:52:38,5523,person,0.9383,0.9430
2026-04-10 10:52:38,5524,person,0.9349,0.9409
2026-04-10 10:52:39,5525,person,0.8988,0.9193
2026-04-10 10:52:39,5526,person,0.9177,0.9306
2026-04-10 10:52:39,5527,person,0.9041,0.9224
2026-04-10 10:52:40,5528,person,0.9066,0.9240
2026-04-10 10:52:40,5529,person,0.9188,0.9313
2026-04-10 10:52:40,5530,person,0.9162,0.9297
2026-04-10 10:52:41,5531,person,0.9155,0.9293
2026-04-10 10:52:41,5532,person,0.9198,0.9319
2026-04-10 10:52:41,5533,person,0.9134,0.9281
2026-04-10 10:52:42,5534,person,0.9226,0.9335
2026-04-10 10:52:42,5535,person,0.9294,0.9377
2026-04-10 10:52:42,5536,person,0.9231,0.9338
2026-04-10 10:52:42,5537,person,0.9216,0.9330
2026-04-10 10:52:43,5538,person,0.8936,0.9162
2026-04-10 10:52:43,5539,person,0.8732,0.9039
2026-04-10 10:52:43,5540,person,0.9200,0.9320
2026-04-10 10:52:44,5541,person,0.9203,0.9322
2026-04-10 10:52:44,5542,person,0.9223,0.9334
2026-04-10 10:52:44,5543,person,0.9183,0.9310
2026-04-10 10:52:45,5544,person,0.9149,0.9290
2026-04-10 10:52:45,5545,person,0.9042,0.9225
2026-04-10 10:52:45,5546,person,0.8808,0.9085
2026-04-10 10:52:46,5547,person,0.9064,0.9239
2026-04-10 10:52:46,5548,person,0.9154,0.9293
2026-04-10 10:52:46,5549,person,0.8955,0.9173
2026-04-10 10:52:47,5550,person,0.9042,0.9225
2026-04-10 10:52:47,5551,person,0.8691,0.9015
2026-04-10 10:52:47,5552,person,0.8954,0.9173
2026-04-10 10:52:48,5553,person,0.9120,0.9272
2026-04-10 10:52:48,5554,person,0.8927,0.9156
2026-04-10 10:52:48,5555,person,0.8346,0.8807
2026-04-10 10:52:49,5556,person,0.9101,0.9261
2026-04-10 10:52:49,5557,person,0.9224,0.9335
2026-04-10 10:52:49,5558,person,0.9217,0.9330
2026-04-10 10:52:50,5559,person,0.9202,0.9321
2026-04-10 10:52:50,5560,person,0.9155,0.9293
2026-04-10 10:52:50,5561,person,0.9155,0.9293
2026-04-10 10:52:51,5562,person,0.9321,0.9393
2026-04-10 10:52:51,5563,person,0.9152,0.9291
2026-04-10 10:52:51,5564,person,0.9112,0.9267
2026-04-10 10:52:52,5565,person,0.8798,0.9079
2026-04-10 10:52:52,5566,person,0.8888,0.9133
2026-04-10 10:52:52,5567,person,0.8658,0.8995
2026-04-10 10:52:53,5568,person,0.9083,0.9250
2026-04-10 10:52:53,5569,person,0.8831,0.9099
2026-04-10 10:52:53,5570,person,0.8577,0.8946
2026-04-10 10:52:54,5571,person,0.8589,0.8954
2026-04-10 10:52:54,5572,person,0.7918,0.8551
2026-04-10 10:52:54,5573,person,0.8809,0.9086
2026-04-10 10:52:55,5574,person,0.8721,0.9033
2026-04-10 10:52:55,5575,person,0.9264,0.9358
2026-04-10 10:52:55,5576,person,0.9227,0.9336
2026-04-10 10:52:55,5577,person,0.9234,0.9341
2026-04-10 10:52:56,5578,person,0.9215,0.9329
2026-04-10 10:52:56,5579,person,0.9036,0.9222
2026-04-10 10:52:56,5580,person,0.8955,0.9173
2026-04-10 10:52:57,5581,person,0.9084,0.9250
2026-04-10 10:52:57,5582,person,0.9197,0.9318
2026-04-10 10:52:57,5583,person,0.9251,0.9351
2026-04-10 10:52:58,5584,person,0.9211,0.9327
2026-04-10 10:52:58,5585,person,0.9032,0.9219
2026-04-10 10:52:58,5586,person,0.9164,0.9299
2026-04-10 10:52:59,5587,person,0.9153,0.9292
2026-04-10 10:52:59,5588,person,0.9092,0.9255
2026-04-10 10:52:59,5589,person,0.8860,0.9116
2026-04-10 10:53:00,5590,person,0.8926,0.9155
2026-04-10 10:53:00,5591,person,0.9111,0.9266
2026-04-10 10:53:00,5592,person,0.9149,0.9290
2026-04-10 10:53:00,5593,person,0.8973,0.9184
2026-04-10 10:53:01,5594,person,0.9113,0.9268
2026-04-10 10:53:01,5595,person,0.9049,0.9229
2026-04-10 10:53:01,5596,person,0.9016,0.9209
2026-04-10 10:53:02,5597,person,0.9028,0.9217
2026-04-10 10:53:02,5598,person,0.8888,0.9133
2026-04-10 10:53:02,5599,person,0.8976,0.9186
2026-04-10 10:53:03,5600,person,0.8959,0.9175
2026-04-10 10:53:03,5601,person,0.8941,0.9165
2026-04-10 10:53:03,5602,person,0.8939,0.9163
2026-04-10 10:53:04,5603,person,0.8924,0.9154
2026-04-10 10:53:04,5604,person,0.8772,0.9063
2026-04-10 10:53:04,5605,person,0.8860,0.9116
2026-04-10 10:53:05,5606,person,0.8954,0.9172
2026-04-10 10:53:05,5607,person,0.8730,0.9038
2026-04-10 10:53:05,5608,person,0.8924,0.9154
2026-04-10 10:53:05,5609,person,0.8864,0.9118
2026-04-10 10:53:06,5610,person,0.8834,0.9101
2026-04-10 10:53:06,5611,person,0.8840,0.9104
2026-04-10 10:53:06,5612,person,0.9000,0.9200
2026-04-10 10:53:07,5613,person,0.9166,0.9300
2026-04-10 10:53:07,5614,person,0.9038,0.9223
2026-04-10 10:53:07,5615,person,0.8848,0.9109
2026-04-10 10:53:08,5616,person,0.8722,0.9033
2026-04-10 10:53:08,5617,person,0.9069,0.9242
2026-04-10 10:53:08,5618,person,0.8924,0.9154
2026-04-10 10:53:09,5619,person,0.9025,0.9215
2026-04-10 10:53:09,5620,person,0.8905,0.9143
2026-04-10 10:53:09,5621,person,0.9006,0.9204
2026-04-10 10:53:10,5622,person,0.8970,0.9182
2026-04-10 10:53:10,5623,person,0.9194,0.9316
2026-04-10 10:53:10,5624,person,0.8819,0.9091
2026-04-10 10:53:11,5625,person,0.8985,0.9191
2026-04-10 10:53:11,5626,person,0.8693,0.9016
2026-04-10 10:53:11,5627,person,0.8960,0.9176
2026-04-10 10:53:12,5628,person,0.9038,0.9223
2026-04-10 10:53:12,5629,person,0.9046,0.9228
2026-04-10 10:53:12,5630,person,0.9048,0.9229
2026-04-10 10:53:13,5631,person,0.8997,0.9198
2026-04-10 10:53:13,5632,person,0.8746,0.9048
2026-04-10 10:53:13,5633,person,0.8978,0.9187
2026-04-10 10:53:14,5634,person,0.9117,0.9270
2026-04-10 10:53:14,5635,person,0.9175,0.9305
2026-04-10 10:53:14,5636,person,0.9173,0.9304
2026-04-10 10:53:15,5637,person,0.9202,0.9321
2026-04-10 10:53:15,5638,person,0.9137,0.9282
2026-04-10 10:53:15,5639,person,0.9189,0.9313
2026-04-10 10:53:16,5640,person,0.9165,0.9299
2026-04-10 10:53:16,5641,person,0.9082,0.9249
2026-04-10 10:53:16,5642,person,0.8747,0.9048
2026-04-10 10:53:17,5643,person,0.8923,0.9154
2026-04-10 10:53:17,5644,person,0.8939,0.9164
2026-04-10 10:53:17,5645,person,0.7965,0.8579
2026-04-10 10:53:18,5646,person,0.8793,0.9076
2026-04-10 10:53:18,5647,person,0.7821,0.8493
2026-04-10 10:53:18,5648,person,0.7923,0.8554
2026-04-10 10:53:19,5649,person,0.8281,0.8768
2026-04-10 10:53:19,5650,person,0.7927,0.8556
2026-04-10 10:53:19,5651,person,0.8550,0.8930
2026-04-10 10:53:20,5652,person,0.7048,0.8029
2026-04-10 10:53:20,5653,person,0.7864,0.8518
2026-04-10 10:53:20,5654,person,0.7332,0.8199
2026-04-10 10:53:21,5655,person,0.8792,0.9075
2026-04-10 10:53:21,5656,person,0.8692,0.9015
2026-04-10 10:53:21,5657,person,0.8243,0.8746
2026-04-10 10:53:22,5658,person,0.8641,0.8985
2026-04-10 10:53:22,5659,person,0.8813,0.9088
2026-04-10 10:53:22,5660,person,0.8427,0.8856
2026-04-10 10:53:23,5661,person,0.8987,0.9192
2026-04-10 10:53:23,5662,person,0.8897,0.9138
2026-04-10 10:53:23,5663,person,0.8687,0.9012
2026-04-10 10:53:24,5664,person,0.8719,0.9031
2026-04-10 10:53:24,5665,person,0.8773,0.9064
2026-04-10 10:53:24,5666,person,0.8698,0.9019
2026-04-10 10:53:25,5667,person,0.8598,0.8959
2026-04-10 10:53:25,5668,person,0.8851,0.9110
2026-04-10 10:53:25,5669,person,0.8724,0.9034
2026-04-10 10:53:26,5670,person,0.8582,0.8949
2026-04-10 10:53:26,5671,person,0.8541,0.8925
2026-04-10 10:53:26,5672,person,0.7408,0.8245
2026-04-10 10:53:27,5673,person,0.8476,0.8885
2026-04-10 10:53:27,5674,person,0.8273,0.8764
2026-04-10 10:53:27,5675,person,0.8139,0.8683
2026-04-10 10:53:28,5676,person,0.8733,0.9040
2026-04-10 10:53:28,5677,person,0.8658,0.8995
2026-04-10 10:53:28,5678,person,0.8806,0.9084
2026-04-10 10:53:29,5679,person,0.8609,0.8965
2026-04-10 10:53:29,5680,person,0.8624,0.8975
2026-04-10 10:53:29,5681,person,0.8783,0.9070
2026-04-10 10:53:30,5682,person,0.8930,0.9158
2026-04-10 10:53:30,5683,person,0.7935,0.8561
2026-04-10 10:53:30,5684,person,0.8424,0.8855
2026-04-10 10:53:31,5685,person,0.8790,0.9074
2026-04-10 10:53:31,5686,person,0.8795,0.9077
2026-04-10 10:53:31,5687,person,0.7643,0.8386
2026-04-10 10:53:32,5688,person,0.8452,0.8871
2026-04-10 10:53:32,5689,person,0.8986,0.9192
2026-04-10 10:53:32,5690,person,0.8249,0.8750
2026-04-10 10:53:33,5691,person,0.8854,0.9112
2026-04-10 10:53:33,5692,person,0.9381,0.9429
2026-04-10 10:53:33,5693,person,0.8845,0.9107
2026-04-10 10:53:34,5694,person,0.8941,0.9164
2026-04-10 10:53:34,5695,person,0.9057,0.9234
2026-04-10 10:53:34,5696,person,0.9156,0.9294
2026-04-10 10:53:35,5697,person,0.9179,0.9308
2026-04-10 10:53:35,5698,person,0.9296,0.9378
2026-04-10 10:53:35,5699,person,0.9262,0.9357
2026-04-10 10:53:36,5700,person,0.9220,0.9332
2026-04-10 10:53:36,5701,person,0.9080,0.9248
2026-04-10 10:53:36,5702,person,0.8921,0.9153
2026-04-10 10:53:37,5703,person,0.9042,0.9225
2026-04-10 10:53:37,5704,person,0.9009,0.9206
2026-04-10 10:53:37,5705,person,0.9188,0.9313
2026-04-10 10:53:38,5706,person,0.9176,0.9306
2026-04-10 10:53:38,5707,person,0.9174,0.9305
2026-04-10 10:53:38,5708,person,0.9297,0.9378
2026-04-10 10:53:39,5709,person,0.9202,0.9321
2026-04-10 10:53:39,5710,person,0.9240,0.9344
2026-04-10 10:53:39,5711,person,0.8800,0.9080
2026-04-10 10:53:40,5712,person,0.9270,0.9362
2026-04-10 10:53:40,5713,person,0.8597,0.8958
2026-04-10 10:53:41,5714,person,0.8612,0.8967
2026-04-10 10:53:41,5715,person,0.8931,0.9158
2026-04-10 10:53:41,5716,person,0.9044,0.9227
2026-04-10 10:53:42,5717,person,0.8220,0.8732
2026-04-10 10:53:42,5718,person,0.8646,0.8988
2026-04-10 10:53:42,5719,person,0.8981,0.9189
2026-04-10 10:53:43,5720,person,0.8325,0.8795
2026-04-10 10:53:43,5721,person,0.9042,0.9225
2026-04-10 10:53:43,5722,person,0.8892,0.9135
2026-04-10 10:53:44,5723,person,0.9218,0.9331
2026-04-10 10:53:44,5724,person,0.9185,0.9311
2026-04-10 10:53:44,5725,person,0.9175,0.9305
2026-04-10 10:53:45,5726,person,0.9235,0.9341
2026-04-10 10:53:45,5727,person,0.9194,0.9316
2026-04-10 10:53:45,5728,person,0.9206,0.9323
2026-04-10 10:53:45,5729,person,0.9158,0.9295
2026-04-10 10:53:46,5730,person,0.9186,0.9312
2026-04-10 10:53:46,5731,person,0.9178,0.9307
2026-04-10 10:53:46,5732,person,0.9139,0.9283
2026-04-10 10:53:47,5733,person,0.9163,0.9298
2026-04-10 10:53:47,5734,person,0.9202,0.9321
2026-04-10 10:53:47,5735,person,0.8975,0.9185
2026-04-10 10:53:48,5736,person,0.9255,0.9353
2026-04-10 10:53:48,5737,person,0.9204,0.9322
2026-04-10 10:53:48,5738,person,0.9228,0.9337
2026-04-10 10:53:49,5739,person,0.9245,0.9347
2026-04-10 10:53:49,5740,person,0.9252,0.9351
2026-04-10 10:53:49,5741,person,0.9323,0.9394
2026-04-10 10:53:50,5742,person,0.9245,0.9347
2026-04-10 10:53:50,5743,person,0.9270,0.9362
2026-04-10 10:53:50,5744,person,0.9315,0.9389
2026-04-10 10:53:51,5745,person,0.9353,0.9412
2026-04-10 10:53:51,5746,person,0.9219,0.9331
2026-04-10 10:53:51,5747,person,0.9215,0.9329
2026-04-10 10:53:52,5748,person,0.9046,0.9228
2026-04-10 10:53:52,5749,person,0.8960,0.9176
2026-04-10 10:53:52,5750,person,0.8685,0.9011
2026-04-10 10:53:53,5751,person,0.9275,0.9365
2026-04-10 10:53:53,5752,person,0.9253,0.9352
2026-04-10 10:53:53,5753,person,0.9164,0.9299
2026-04-10 10:53:54,5754,person,0.9099,0.9260
2026-04-10 10:53:54,5755,person,0.9316,0.9389
2026-04-10 10:53:54,5756,person,0.9332,0.9399
2026-04-10 10:53:55,5757,person,0.9330,0.9398
2026-04-10 10:53:55,5758,person,0.9275,0.9365
2026-04-10 10:53:55,5759,person,0.9348,0.9409
2026-04-10 10:53:56,5760,person,0.9286,0.9372
2026-04-10 10:53:56,5761,person,0.9393,0.9436
2026-04-10 10:53:57,5762,person,0.9265,0.9359
2026-04-10 10:53:57,5763,person,0.9248,0.9349
2026-04-10 10:53:57,5764,person,0.9240,0.9344
2026-04-10 10:53:58,5765,person,0.9380,0.9428
2026-04-10 10:53:58,5766,person,0.9344,0.9406
2026-04-10 10:53:58,5767,person,0.9284,0.9370
2026-04-10 10:53:59,5768,person,0.9289,0.9373
2026-04-10 10:53:59,5769,person,0.9282,0.9369
2026-04-10 10:53:59,5770,person,0.9249,0.9349
2026-04-10 10:53:59,5771,person,0.9279,0.9367
2026-04-10 10:54:00,5772,person,0.9280,0.9368
2026-04-10 10:54:00,5773,person,0.9271,0.9363
2026-04-10 10:54:00,5774,person,0.9286,0.9372
2026-04-10 10:54:01,5775,person,0.9241,0.9345
2026-04-10 10:54:01,5776,person,0.9268,0.9361
2026-04-10 10:54:01,5777,person,0.9231,0.9339
2026-04-10 10:54:02,5778,person,0.9452,0.9471
2026-04-10 10:54:02,5779,person,0.9440,0.9464
2026-04-10 10:54:02,5780,person,0.9182,0.9309
2026-04-10 10:54:03,5781,person,0.9282,0.9369
2026-04-10 10:54:03,5782,person,0.9387,0.9432
2026-04-10 10:54:03,5783,person,0.9368,0.9421
2026-04-10 10:54:04,5784,person,0.9391,0.9435
2026-04-10 10:54:04,5785,person,0.9243,0.9346
2026-04-10 10:54:04,5786,person,0.9337,0.9402
2026-04-10 10:54:05,5787,person,0.9284,0.9370
2026-04-10 10:54:05,5788,person,0.9363,0.9418
2026-04-10 10:54:05,5789,person,0.9350,0.9410
2026-04-10 10:54:06,5790,person,0.9354,0.9412
2026-04-10 10:54:06,5791,person,0.9364,0.9418
2026-04-10 10:54:06,5792,person,0.8467,0.8880
2026-04-10 10:54:06,5793,person,0.8894,0.9136
2026-04-10 10:54:07,5794,person,0.9226,0.9335
2026-04-10 10:54:07,5795,person,0.9278,0.9367
2026-04-10 10:54:07,5796,person,0.9023,0.9214
2026-04-10 10:54:08,5797,person,0.9055,0.9233
2026-04-10 10:54:08,5798,person,0.9087,0.9252
2026-04-10 10:54:08,5799,person,0.9310,0.9386
2026-04-10 10:54:09,5800,person,0.9043,0.9226
2026-04-10 10:54:09,5801,person,0.9101,0.9261
2026-04-10 10:54:09,5802,person,0.9222,0.9333
2026-04-10 10:54:10,5803,person,0.9469,0.9482
2026-04-10 10:54:10,5804,person,0.9433,0.9460
2026-04-10 10:54:10,5805,person,0.9124,0.9274
2026-04-10 10:54:11,5806,person,0.9236,0.9342
2026-04-10 10:54:11,5807,person,0.9022,0.9213
2026-04-10 10:54:11,5808,person,0.9104,0.9263
2026-04-10 10:54:12,5809,person,0.9239,0.9343
2026-04-10 10:54:12,5810,person,0.9188,0.9313
2026-04-10 10:54:12,5811,person,0.9268,0.9361
2026-04-10 10:54:13,5812,person,0.9337,0.9402
2026-04-10 10:54:13,5813,person,0.9233,0.9340
2026-04-10 10:54:13,5814,person,0.9246,0.9348
2026-04-10 10:54:14,5815,person,0.8853,0.9112
2026-04-10 10:54:14,5816,person,0.9262,0.9357
2026-04-10 10:54:14,5817,person,0.9045,0.9227
2026-04-10 10:54:15,5818,person,0.8904,0.9143
2026-04-10 10:54:15,5819,person,0.8931,0.9159
2026-04-10 10:54:15,5820,person,0.8950,0.9170
2026-04-10 10:54:16,5821,person,0.9412,0.9447
2026-04-10 10:54:16,5822,person,0.9046,0.9228
2026-04-10 10:54:16,5823,person,0.9101,0.9261
2026-04-10 10:54:17,5824,person,0.8847,0.9108
2026-04-10 10:54:17,5825,person,0.8740,0.9044
2026-04-10 10:54:17,5826,person,0.8905,0.9143
2026-04-10 10:54:18,5827,person,0.9174,0.9305
2026-04-10 10:54:18,5828,person,0.9076,0.9246
2026-04-10 10:54:18,5829,person,0.8863,0.9118
2026-04-10 10:54:19,5830,person,0.9275,0.9365
2026-04-10 10:54:19,5831,person,0.9071,0.9243
2026-04-10 10:54:20,5832,person,0.8973,0.9184
2026-04-10 10:54:20,5833,person,0.8772,0.9063
2026-04-10 10:54:20,5834,person,0.9355,0.9413
2026-04-10 10:54:21,5835,person,0.9171,0.9302
2026-04-10 10:54:21,5836,person,0.9209,0.9325
2026-04-10 10:54:21,5837,person,0.9364,0.9418
2026-04-10 10:54:22,5838,person,0.9242,0.9345
2026-04-10 10:54:22,5839,person,0.9285,0.9371
2026-04-10 10:54:22,5840,person,0.9148,0.9289
2026-04-10 10:54:23,5841,person,0.9191,0.9315
2026-04-10 10:54:23,5842,person,0.9205,0.9323
2026-04-10 10:54:23,5843,person,0.9220,0.9332
2026-04-10 10:54:24,5844,person,0.8973,0.9184
2026-04-10 10:54:24,5845,person,0.9194,0.9316
2026-04-10 10:54:24,5846,person,0.9401,0.9441
2026-04-10 10:54:25,5847,person,0.9328,0.9397
2026-04-10 10:54:25,5848,person,0.9403,0.9442
2026-04-10 10:54:25,5849,person,0.9377,0.9426
2026-04-10 10:54:26,5850,person,0.9225,0.9335
2026-04-10 10:54:26,5851,person,0.9372,0.9423
2026-04-10 10:54:26,5852,person,0.9397,0.9438
2026-04-10 10:54:26,5853,person,0.9465,0.9479
2026-04-10 10:54:27,5854,person,0.9469,0.9481
2026-04-10 10:54:27,5855,person,0.9338,0.9403
2026-04-10 10:54:27,5856,person,0.9410,0.9446
2026-04-10 10:54:28,5857,person,0.9371,0.9422
2026-04-10 10:54:28,5858,person,0.9315,0.9389
2026-04-10 10:54:28,5859,person,0.9378,0.9427
2026-04-10 10:54:29,5860,person,0.9357,0.9414
2026-04-10 10:54:29,5861,person,0.9306,0.9384
2026-04-10 10:54:30,5862,person,0.9376,0.9426
2026-04-10 10:54:30,5863,person,0.9399,0.9439
2026-04-10 10:54:30,5864,person,0.9309,0.9386
2026-04-10 10:54:31,5865,person,0.9197,0.9318
2026-04-10 10:54:31,5866,person,0.9311,0.9386
2026-04-10 10:54:31,5867,person,0.9291,0.9374
2026-04-10 10:54:32,5868,person,0.9342,0.9405
2026-04-10 10:54:32,5869,person,0.9311,0.9387
2026-04-10 10:54:32,5870,person,0.9322,0.9393
2026-04-10 10:54:33,5871,person,0.9323,0.9394
2026-04-10 10:54:33,5872,person,0.9297,0.9378
2026-04-10 10:54:33,5873,person,0.9323,0.9394
2026-04-10 10:54:34,5874,person,0.9299,0.9379
2026-04-10 10:54:34,5875,person,0.9283,0.9370
2026-04-10 10:54:34,5876,person,0.9282,0.9369
2026-04-10 10:54:34,5877,person,0.9399,0.9439
2026-04-10 10:54:35,5878,person,0.9329,0.9397
2026-04-10 10:54:35,5879,person,0.9374,0.9425
2026-04-10 10:54:35,5880,person,0.9318,0.9391
2026-04-10 10:54:36,5881,person,0.9257,0.9354
2026-04-10 10:54:36,5882,person,0.9271,0.9362
2026-04-10 10:54:36,5883,person,0.9180,0.9308
2026-04-10 10:54:37,5884,person,0.9183,0.9310
2026-04-10 10:54:37,5885,person,0.9322,0.9393
2026-04-10 10:54:37,5886,person,0.9180,0.9308
2026-04-10 10:54:38,5887,person,0.9338,0.9403
2026-04-10 10:54:38,5888,person,0.9398,0.9439
2026-04-10 10:54:38,5889,person,0.9421,0.9453
2026-04-10 10:54:39,5890,person,0.9405,0.9443
2026-04-10 10:54:39,5891,person,0.9190,0.9314
2026-04-10 10:54:39,5892,person,0.9233,0.9340
2026-04-10 10:54:40,5893,person,0.9329,0.9397
2026-04-10 10:54:40,5894,person,0.9282,0.9369
2026-04-10 10:54:40,5895,person,0.9304,0.9382
2026-04-10 10:54:40,5896,person,0.9335,0.9401
2026-04-10 10:54:41,5897,person,0.9313,0.9388
2026-04-10 10:54:41,5898,person,0.9269,0.9361
2026-04-10 10:54:41,5899,person,0.9310,0.9386
2026-04-10 10:54:42,5900,person,0.9303,0.9382
2026-04-10 10:54:42,5901,person,0.9253,0.9352
2026-04-10 10:54:42,5902,person,0.9264,0.9358
2026-04-10 10:54:43,5903,person,0.9255,0.9353
2026-04-10 10:54:43,5904,person,0.9156,0.9294
2026-04-10 10:54:43,5905,person,0.9163,0.9298
2026-04-10 10:54:44,5906,person,0.9246,0.9348
2026-04-10 10:54:44,5907,person,0.9186,0.9311
2026-04-10 10:54:44,5908,person,0.9208,0.9325
2026-04-10 10:54:45,5909,person,0.9073,0.9244
2026-04-10 10:54:45,5910,person,0.9240,0.9344
2026-04-10 10:54:45,5911,person,0.9331,0.9399
2026-04-10 10:54:46,5912,person,0.9308,0.9385
2026-04-10 10:54:46,5913,person,0.9254,0.9352
2026-04-10 10:54:46,5914,person,0.9221,0.9332
2026-04-10 10:54:47,5915,person,0.9240,0.9344
2026-04-10 10:54:47,5916,person,0.9238,0.9343
2026-04-10 10:54:47,5917,person,0.9266,0.9360
2026-04-10 10:54:48,5918,person,0.9227,0.9336
2026-04-10 10:54:48,5919,person,0.9242,0.9345
2026-04-10 10:54:48,5920,person,0.9280,0.9368
2026-04-10 10:54:48,5921,person,0.9311,0.9386
2026-04-10 10:54:49,5922,person,0.9277,0.9366
2026-04-10 10:54:49,5923,person,0.9200,0.9320
2026-04-10 10:54:49,5924,person,0.9209,0.9325
2026-04-10 10:54:50,5925,person,0.9346,0.9408
2026-04-10 10:54:50,5926,person,0.9397,0.9438
2026-04-10 10:54:51,5927,person,0.9347,0.9408
2026-04-10 10:54:51,5928,person,0.9272,0.9363
2026-04-10 10:54:51,5929,person,0.9357,0.9414
2026-04-10 10:54:52,5930,person,0.9346,0.9407
2026-04-10 10:54:52,5931,person,0.9333,0.9400
2026-04-10 10:54:52,5932,person,0.9321,0.9393
2026-04-10 10:54:53,5933,person,0.9271,0.9363
2026-04-10 10:54:53,5934,person,0.9285,0.9371
2026-04-10 10:54:53,5935,person,0.9288,0.9373
2026-04-10 10:54:54,5936,person,0.9324,0.9394
2026-04-10 10:54:54,5937,person,0.9304,0.9383
2026-04-10 10:54:54,5938,person,0.9320,0.9392
2026-04-10 10:54:55,5939,person,0.9208,0.9325
2026-04-10 10:54:55,5940,person,0.8975,0.9185
2026-04-10 10:54:55,5941,person,0.9240,0.9344
2026-04-10 10:54:56,5942,person,0.9335,0.9401
2026-04-10 10:54:56,5943,person,0.9380,0.9428
2026-04-10 10:54:56,5944,person,0.9392,0.9435
2026-04-10 10:54:57,5945,person,0.9258,0.9355
2026-04-10 10:54:57,5946,person,0.9217,0.9330
2026-04-10 10:54:57,5947,person,0.9286,0.9372
2026-04-10 10:54:58,5948,person,0.9256,0.9353
2026-04-10 10:54:58,5949,person,0.8919,0.9151
2026-04-10 10:54:58,5950,person,0.9295,0.9377
2026-04-10 10:54:58,5951,person,0.8908,0.9145
2026-04-10 10:54:59,5952,person,0.8796,0.9078
2026-04-10 10:54:59,5953,person,0.8616,0.8969
2026-04-10 10:54:59,5954,person,0.8505,0.8903
2026-04-10 10:55:00,5955,person,0.8668,0.9001
2026-04-10 10:55:00,5956,person,0.9054,0.9232
2026-04-10 10:55:00,5957,person,0.9095,0.9257
2026-04-10 10:55:01,5958,person,0.9124,0.9274
2026-04-10 10:55:01,5959,person,0.9178,0.9307
2026-04-10 10:55:01,5960,person,0.8723,0.9034
2026-04-10 10:55:02,5961,person,0.9271,0.9363
2026-04-10 10:55:02,5962,person,0.8883,0.9130
2026-04-10 10:55:02,5963,person,0.9181,0.9308
2026-04-10 10:55:03,5964,person,0.9090,0.9254
2026-04-10 10:55:03,5965,person,0.8986,0.9192
2026-04-10 10:55:03,5966,person,0.8769,0.9061
2026-04-10 10:55:04,5967,person,0.8730,0.9038
2026-04-10 10:55:04,5968,person,0.8224,0.8734
2026-04-10 10:55:04,5969,person,0.9214,0.9328
2026-04-10 10:55:05,5970,person,0.9218,0.9331
2026-04-10 10:55:05,5971,person,0.9224,0.9334
2026-04-10 10:55:05,5972,person,0.9303,0.9382
2026-04-10 10:55:06,5973,person,0.9314,0.9388
2026-04-10 10:55:06,5974,person,0.9203,0.9322
2026-04-10 10:55:06,5975,person,0.9238,0.9343
2026-04-10 10:55:07,5976,person,0.9281,0.9369
2026-04-10 10:55:07,5977,person,0.9297,0.9378
2026-04-10 10:55:07,5978,person,0.9250,0.9350
2026-04-10 10:55:08,5979,person,0.9222,0.9333
2026-04-10 10:55:08,5980,person,0.9149,0.9290
2026-04-10 10:55:08,5981,person,0.9248,0.9349
2026-04-10 10:55:09,5982,person,0.9256,0.9354
2026-04-10 10:55:09,5983,person,0.9303,0.9382
2026-04-10 10:55:09,5984,person,0.9272,0.9363
2026-04-10 10:55:10,5985,person,0.9321,0.9393
2026-04-10 10:55:10,5986,person,0.9358,0.9415
2026-04-10 10:55:10,5987,person,0.9354,0.9413
2026-04-10 10:55:11,5988,person,0.9352,0.9411
2026-04-10 10:55:11,5989,person,0.9321,0.9392
2026-04-10 10:55:11,5990,person,0.9207,0.9324
2026-04-10 10:55:12,5991,person,0.9187,0.9312
2026-04-10 10:55:12,5992,person,0.9201,0.9321
2026-04-10 10:55:12,5993,person,0.9170,0.9302
2026-04-10 10:55:13,5994,person,0.9281,0.9369
2026-04-10 10:55:13,5995,person,0.9210,0.9326
2026-04-10 10:55:13,5996,person,0.9166,0.9300
2026-04-10 10:55:14,5997,person,0.9259,0.9355
2026-04-10 10:55:14,5998,person,0.9276,0.9365
2026-04-10 10:55:14,5999,person,0.9167,0.9300
2026-04-10 10:55:15,6000,person,0.9173,0.9304
2026-04-10 10:55:15,6001,person,0.9277,0.9366
2026-04-10 10:55:15,6002,person,0.9051,0.9230
2026-04-10 10:55:16,6003,person,0.9269,0.9361
2026-04-10 10:55:16,6004,person,0.9153,0.9292
2026-04-10 10:55:16,6005,person,0.9175,0.9305
2026-04-10 10:55:17,6006,person,0.9152,0.9291
2026-04-10 10:55:17,6007,person,0.9156,0.9294
2026-04-10 10:55:17,6008,person,0.9164,0.9299
2026-04-10 10:55:18,6009,person,0.9031,0.9218
2026-04-10 10:55:18,6010,person,0.9181,0.9309
2026-04-10 10:55:18,6011,person,0.9033,0.9220
2026-04-10 10:55:18,6012,person,0.9046,0.9228
2026-04-10 10:55:19,6013,person,0.9136,0.9282
2026-04-10 10:55:19,6014,person,0.9063,0.9238
2026-04-10 10:55:19,6015,person,0.9131,0.9278
2026-04-10 10:55:20,6016,person,0.9115,0.9269
2026-04-10 10:55:20,6017,person,0.9136,0.9281
2026-04-10 10:55:20,6018,person,0.9204,0.9322
2026-04-10 10:55:21,6019,person,0.9159,0.9296
2026-04-10 10:55:21,6020,person,0.9230,0.9338
2026-04-10 10:55:21,6021,person,0.9149,0.9289
2026-04-10 10:55:22,6022,person,0.9182,0.9309
2026-04-10 10:55:22,6023,person,0.9144,0.9287
2026-04-10 10:55:22,6024,person,0.9159,0.9296
2026-04-10 10:55:23,6025,person,0.9132,0.9279
2026-04-10 10:55:23,6026,person,0.9157,0.9294
2026-04-10 10:55:23,6027,person,0.9097,0.9258
2026-04-10 10:55:24,6028,person,0.9223,0.9334
2026-04-10 10:55:24,6029,person,0.9292,0.9375
2026-04-10 10:55:24,6030,person,0.9306,0.9384
2026-04-10 10:55:25,6031,person,0.9190,0.9314
2026-04-10 10:55:25,6032,person,0.9153,0.9292
2026-04-10 10:55:25,6033,person,0.9174,0.9304
2026-04-10 10:55:25,6034,person,0.9098,0.9259
2026-04-10 10:55:26,6035,person,0.9131,0.9279
2026-04-10 10:55:26,6036,person,0.9091,0.9255
2026-04-10 10:55:26,6037,person,0.9132,0.9279
2026-04-10 10:55:27,6038,person,0.9183,0.9310
2026-04-10 10:55:27,6039,person,0.9167,0.9300
2026-04-10 10:55:27,6040,person,0.9260,0.9356
2026-04-10 10:55:28,6041,person,0.9169,0.9301
2026-04-10 10:55:28,6042,person,0.9212,0.9327
2026-04-10 10:55:28,6043,person,0.9291,0.9374
2026-04-10 10:55:29,6044,person,0.9246,0.9347
2026-04-10 10:55:29,6045,person,0.9259,0.9355
2026-04-10 10:55:29,6046,person,0.9373,0.9424
2026-04-10 10:55:30,6047,person,0.9282,0.9369
2026-04-10 10:55:30,6048,person,0.9329,0.9398
2026-04-10 10:55:30,6049,person,0.9267,0.9360
2026-04-10 10:55:31,6050,person,0.9203,0.9322
2026-04-10 10:55:31,6051,person,0.9235,0.9341
2026-04-10 10:55:31,6052,person,0.9235,0.9341
2026-04-10 10:55:32,6053,person,0.9048,0.9229
2026-04-10 10:55:32,6054,person,0.9232,0.9339
2026-04-10 10:55:33,6055,person,0.8703,0.9022
2026-04-10 10:55:33,6056,person,0.8883,0.9130
2026-04-10 10:55:33,6057,person,0.8791,0.9075
2026-04-10 10:55:34,6058,person,0.8964,0.9179
2026-04-10 10:55:34,6059,person,0.8961,0.9177
2026-04-10 10:55:34,6060,person,0.8933,0.9160
2026-04-10 10:55:35,6061,person,0.8992,0.9195
2026-04-10 10:55:35,6062,person,0.8844,0.9106
2026-04-10 10:55:35,6063,person,0.8932,0.9159
2026-04-10 10:55:36,6064,person,0.7583,0.8350
2026-04-10 10:55:36,6065,person,0.9011,0.9207
2026-04-10 10:55:36,6066,person,0.8576,0.8945
2026-04-10 10:55:37,6067,person,0.9268,0.9361
2026-04-10 10:55:37,6068,person,0.9222,0.9333
2026-04-10 10:55:37,6069,person,0.9285,0.9371
2026-04-10 10:55:38,6070,person,0.9253,0.9352
2026-04-10 10:55:38,6071,person,0.9240,0.9344
2026-04-10 10:55:38,6072,person,0.9219,0.9332
2026-04-10 10:55:39,6073,person,0.9236,0.9342
2026-04-10 10:55:39,6074,person,0.9225,0.9335
2026-04-10 10:55:39,6075,person,0.9195,0.9317
2026-04-10 10:55:40,6076,person,0.9316,0.9390
2026-04-10 10:55:40,6077,person,0.9251,0.9351
2026-04-10 10:55:40,6078,person,0.9197,0.9318
2026-04-10 10:55:41,6079,person,0.9297,0.9378
2026-04-10 10:55:41,6080,person,0.9281,0.9369
2026-04-10 10:55:41,6081,person,0.9288,0.9373
2026-04-10 10:55:42,6082,person,0.9241,0.9345
2026-04-10 10:55:42,6083,person,0.9238,0.9343
2026-04-10 10:55:42,6084,person,0.9211,0.9327
2026-04-10 10:55:43,6085,person,0.9232,0.9339
2026-04-10 10:55:43,6086,person,0.9273,0.9364
2026-04-10 10:55:43,6087,person,0.9282,0.9369
2026-04-10 10:55:44,6088,person,0.9321,0.9392
2026-04-10 10:55:44,6089,person,0.9240,0.9344
2026-04-10 10:55:44,6090,person,0.9239,0.9344
2026-04-10 10:55:45,6091,person,0.9210,0.9326
2026-04-10 10:55:45,6092,person,0.9168,0.9301
2026-04-10 10:55:45,6093,person,0.9233,0.9340
2026-04-10 10:55:46,6094,person,0.9181,0.9309
2026-04-10 10:55:46,6095,person,0.9136,0.9282
2026-04-10 10:55:46,6096,person,0.9181,0.9309
2026-04-10 10:55:47,6097,person,0.9150,0.9290
2026-04-10 10:55:47,6098,person,0.9228,0.9337
2026-04-10 10:55:47,6099,person,0.9252,0.9351
2026-04-10 10:55:48,6100,person,0.9255,0.9353
2026-04-10 10:55:48,6101,person,0.9182,0.9309
2026-04-10 10:55:48,6102,person,0.9183,0.9310
2026-04-10 10:55:49,6103,person,0.9248,0.9349
2026-04-10 10:55:49,6104,person,0.9238,0.9343
2026-04-10 10:55:49,6105,person,0.9255,0.9353
2026-04-10 10:55:50,6106,person,0.9155,0.9293
2026-04-10 10:55:50,6107,person,0.9183,0.9310
2026-04-10 10:55:50,6108,person,0.9307,0.9384
2026-04-10 10:55:51,6109,person,0.9280,0.9368
2026-04-10 10:55:51,6110,person,0.9309,0.9385
2026-04-10 10:55:51,6111,person,0.9341,0.9405
2026-04-10 10:55:52,6112,person,0.9182,0.9309
2026-04-10 10:55:52,6113,person,0.9212,0.9327
2026-04-10 10:55:52,6114,person,0.9363,0.9418
2026-04-10 10:55:53,6115,person,0.9218,0.9331
2026-04-10 10:55:53,6116,person,0.9292,0.9375
2026-04-10 10:55:53,6117,person,0.9297,0.9378
2026-04-10 10:55:54,6118,person,0.9206,0.9324
2026-04-10 10:55:54,6119,person,0.9210,0.9326
2026-04-10 10:55:54,6120,person,0.9172,0.9303
2026-04-10 10:55:55,6121,person,0.8915,0.9149
2026-04-10 10:55:55,6122,person,0.8821,0.9092
2026-04-10 10:55:55,6123,person,0.8784,0.9070
2026-04-10 10:55:56,6124,person,0.8879,0.9127
2026-04-10 10:55:56,6125,person,0.8948,0.9169
2026-04-10 10:55:56,6126,person,0.8750,0.9050
2026-04-10 10:55:57,6127,person,0.9062,0.9237
2026-04-10 10:55:57,6128,person,0.9241,0.9345
2026-04-10 10:55:57,6129,person,0.8959,0.9175
2026-04-10 10:55:58,6130,person,0.9153,0.9292
2026-04-10 10:55:58,6131,person,0.9327,0.9396
2026-04-10 10:55:58,6132,person,0.9414,0.9448
2026-04-10 10:55:59,6133,person,0.9362,0.9417
2026-04-10 10:55:59,6134,person,0.9470,0.9482
2026-04-10 10:55:59,6135,person,0.9435,0.9461
2026-04-10 10:56:00,6136,person,0.9470,0.9482
2026-04-10 10:56:00,6137,person,0.9398,0.9439
2026-04-10 10:56:00,6138,person,0.9196,0.9317
2026-04-10 10:56:01,6139,person,0.9239,0.9343
2026-04-10 10:56:01,6140,person,0.9215,0.9329
2026-04-10 10:56:01,6141,person,0.9156,0.9294
2026-04-10 10:56:02,6142,person,0.9285,0.9371
2026-04-10 10:56:02,6143,person,0.9236,0.9342
2026-04-10 10:56:02,6144,person,0.9108,0.9265
2026-04-10 10:56:03,6145,person,0.9187,0.9312
2026-04-10 10:56:03,6146,person,0.9167,0.9300
2026-04-10 10:56:03,6147,person,0.9165,0.9299
2026-04-10 10:56:04,6148,person,0.9088,0.9253
2026-04-10 10:56:04,6149,person,0.9104,0.9262
2026-04-10 10:56:04,6150,person,0.9292,0.9375
2026-04-10 10:56:05,6151,person,0.9204,0.9322
2026-04-10 10:56:05,6152,person,0.9271,0.9363
2026-04-10 10:56:05,6153,person,0.9098,0.9259
2026-04-10 10:56:05,6154,person,0.9087,0.9252
2026-04-10 10:56:06,6155,person,0.8661,0.8997
2026-04-10 10:56:06,6156,person,0.8905,0.9143
2026-04-10 10:56:06,6157,person,0.8932,0.9159
2026-04-10 10:56:07,6158,person,0.9083,0.9250
2026-04-10 10:56:07,6159,person,0.8765,0.9059
2026-04-10 10:56:07,6160,person,0.9026,0.9216
2026-04-10 10:56:08,6161,person,0.8814,0.9089
2026-04-10 10:56:08,6162,person,0.8415,0.8849
2026-04-10 10:56:08,6163,person,0.8988,0.9193
2026-04-10 10:56:09,6164,person,0.8761,0.9056
2026-04-10 10:56:09,6165,person,0.8911,0.9147
2026-04-10 10:56:09,6166,person,0.8603,0.8962
2026-04-10 10:56:10,6167,person,0.8492,0.8895
2026-04-10 10:56:10,6168,person,0.8922,0.9153
2026-04-10 10:56:10,6169,person,0.8606,0.8963
2026-04-10 10:56:11,6170,person,0.9126,0.9275
2026-04-10 10:56:11,6171,person,0.9281,0.9369
2026-04-10 10:56:11,6172,person,0.9285,0.9371
2026-04-10 10:56:11,6173,person,0.9288,0.9373
2026-04-10 10:56:12,6174,person,0.9247,0.9348
2026-04-10 10:56:12,6175,person,0.9257,0.9354
2026-04-10 10:56:12,6176,person,0.9291,0.9375
2026-04-10 10:56:13,6177,person,0.9122,0.9273
2026-04-10 10:56:13,6178,person,0.9006,0.9203
2026-04-10 10:56:13,6179,person,0.8808,0.9085
2026-04-10 10:56:14,6180,person,0.8645,0.8987
2026-04-10 10:56:14,6181,person,0.8188,0.8713
2026-04-10 10:56:14,6182,person,0.8520,0.8912
2026-04-10 10:56:15,6183,person,0.8007,0.8604
2026-04-10 10:56:15,6184,person,0.8654,0.8992
2026-04-10 10:56:15,6185,person,0.9070,0.9242
2026-04-10 10:56:16,6186,person,0.9076,0.9245
2026-04-10 10:56:16,6187,person,0.9064,0.9239
2026-04-10 10:56:16,6188,person,0.9131,0.9279
2026-04-10 10:56:17,6189,person,0.9278,0.9367
2026-04-10 10:56:17,6190,person,0.9324,0.9395
2026-04-10 10:56:17,6191,person,0.9248,0.9349
2026-04-10 10:56:18,6192,person,0.9239,0.9344
2026-04-10 10:56:18,6193,person,0.9111,0.9267
2026-04-10 10:56:18,6194,person,0.9101,0.9261
2026-04-10 10:56:19,6195,person,0.9225,0.9335
2026-04-10 10:56:19,6196,person,0.9274,0.9365
2026-04-10 10:56:19,6197,person,0.9203,0.9322
2026-04-10 10:56:20,6198,person,0.9025,0.9215
2026-04-10 10:56:20,6199,person,0.9029,0.9217
2026-04-10 10:56:20,6200,person,0.9069,0.9242
2026-04-10 10:56:21,6201,person,0.9141,0.9284
2026-04-10 10:56:21,6202,person,0.9167,0.9300
2026-04-10 10:56:21,6203,person,0.9154,0.9292
2026-04-10 10:56:21,6204,person,0.9089,0.9253
2026-04-10 10:56:22,6205,person,0.9165,0.9299
2026-04-10 10:56:22,6206,person,0.9202,0.9321
2026-04-10 10:56:22,6207,person,0.9252,0.9351
2026-04-10 10:56:23,6208,person,0.9210,0.9326
2026-04-10 10:56:23,6209,person,0.9167,0.9300
2026-04-10 10:56:23,6210,person,0.9238,0.9343
2026-04-10 10:56:24,6211,person,0.9137,0.9282
2026-04-10 10:56:24,6212,person,0.9112,0.9267
2026-04-10 10:56:24,6213,person,0.9120,0.9272
2026-04-10 10:56:25,6214,person,0.9180,0.9308
2026-04-10 10:56:25,6215,person,0.9137,0.9282
2026-04-10 10:56:25,6216,person,0.8980,0.9188
2026-04-10 10:56:26,6217,person,0.9098,0.9259
2026-04-10 10:56:26,6218,person,0.9133,0.9280
2026-04-10 10:56:26,6219,person,0.9076,0.9245
2026-04-10 10:56:27,6220,person,0.9180,0.9308
2026-04-10 10:56:27,6221,person,0.9140,0.9284
2026-04-10 10:56:27,6222,person,0.9093,0.9256
2026-04-10 10:56:28,6223,person,0.9155,0.9293
2026-04-10 10:56:28,6224,person,0.9215,0.9329
2026-04-10 10:56:28,6225,person,0.9190,0.9314
2026-04-10 10:56:29,6226,person,0.9243,0.9346
2026-04-10 10:56:29,6227,person,0.9374,0.9425
2026-04-10 10:56:29,6228,person,0.9224,0.9334
2026-04-10 10:56:30,6229,person,0.9234,0.9340
2026-04-10 10:56:30,6230,person,0.9248,0.9349
2026-04-10 10:56:30,6231,person,0.9418,0.9451
2026-04-10 10:56:31,6232,person,0.9216,0.9329
2026-04-10 10:56:31,6233,person,0.9189,0.9314
2026-04-10 10:56:31,6234,person,0.9201,0.9321
2026-04-10 10:56:32,6235,person,0.9239,0.9343
2026-04-10 10:56:32,6236,person,0.8995,0.9197
2026-04-10 10:56:32,6237,person,0.9180,0.9308
2026-04-10 10:56:33,6238,person,0.9095,0.9257
2026-04-10 10:56:33,6239,person,0.9176,0.9305
2026-04-10 10:56:33,6240,person,0.9159,0.9295
2026-04-10 10:56:34,6241,person,0.9174,0.9304
2026-04-10 10:56:34,6242,person,0.9183,0.9310
2026-04-10 10:56:34,6243,person,0.9178,0.9307
2026-04-10 10:56:35,6244,person,0.9166,0.9300
2026-04-10 10:56:35,6245,person,0.9174,0.9305
2026-04-10 10:56:35,6246,person,0.9200,0.9320
2026-04-10 10:56:36,6247,person,0.9235,0.9341
2026-04-10 10:56:36,6248,person,0.9254,0.9352
2026-04-10 10:56:36,6249,person,0.9279,0.9367
2026-04-10 10:56:37,6250,person,0.9282,0.9369
2026-04-10 10:56:37,6251,person,0.9296,0.9377
2026-04-10 10:56:37,6252,person,0.9209,0.9325
2026-04-10 10:56:38,6253,person,0.9139,0.9283
2026-04-10 10:56:38,6254,person,0.9184,0.9310
2026-04-10 10:56:38,6255,person,0.9105,0.9263
2026-04-10 10:56:39,6256,person,0.9278,0.9367
2026-04-10 10:56:39,6257,person,0.9281,0.9369
2026-04-10 10:56:39,6258,person,0.9145,0.9287
2026-04-10 10:56:40,6259,person,0.9256,0.9354
2026-04-10 10:56:40,6260,person,0.9180,0.9308
2026-04-10 10:56:40,6261,person,0.9142,0.9285
2026-04-10 10:56:41,6262,person,0.9134,0.9280
2026-04-10 10:56:41,6263,person,0.9129,0.9277
2026-04-10 10:56:41,6264,person,0.9157,0.9294
2026-04-10 10:56:42,6265,person,0.9140,0.9284
2026-04-10 10:56:42,6266,person,0.9147,0.9288
2026-04-10 10:56:42,6267,person,0.9087,0.9252
2026-04-10 10:56:43,6268,person,0.9106,0.9264
2026-04-10 10:56:43,6269,person,0.8979,0.9187
2026-04-10 10:56:43,6270,person,0.9315,0.9389
2026-04-10 10:56:44,6271,person,0.9263,0.9358
2026-04-10 10:56:44,6272,person,0.9338,0.9403
2026-04-10 10:56:44,6273,person,0.9283,0.9370
2026-04-10 10:56:44,6274,person,0.9271,0.9363
2026-04-10 10:56:45,6275,person,0.9289,0.9373
2026-04-10 10:56:45,6276,person,0.9243,0.9346
2026-04-10 10:56:45,6277,person,0.9133,0.9280
2026-04-10 10:56:46,6278,person,0.9259,0.9355
2026-04-10 10:56:46,6279,person,0.9314,0.9389
2026-04-10 10:56:46,6280,person,0.9246,0.9348
2026-04-10 10:56:47,6281,person,0.9260,0.9356
2026-04-10 10:56:47,6282,person,0.9287,0.9372
2026-04-10 10:56:47,6283,person,0.9274,0.9364
2026-04-10 10:56:48,6284,person,0.9397,0.9438
2026-04-10 10:56:48,6285,person,0.9377,0.9426
2026-04-10 10:56:49,6286,person,0.9284,0.9370
2026-04-10 10:56:49,6287,person,0.9320,0.9392
2026-04-10 10:56:49,6288,person,0.9304,0.9382
2026-04-10 10:56:50,6289,person,0.9294,0.9376
2026-04-10 10:56:50,6290,person,0.9351,0.9411
2026-04-10 10:56:50,6291,person,0.9311,0.9386
2026-04-10 10:56:51,6292,person,0.9308,0.9385
2026-04-10 10:56:51,6293,person,0.9299,0.9379
2026-04-10 10:56:51,6294,person,0.9283,0.9370
2026-04-10 10:56:52,6295,person,0.9345,0.9407
2026-04-10 10:56:52,6296,person,0.9366,0.9420
2026-04-10 10:56:52,6297,person,0.9343,0.9406
2026-04-10 10:56:53,6298,person,0.9311,0.9386
2026-04-10 10:56:53,6299,person,0.9319,0.9391
2026-04-10 10:56:53,6300,person,0.9339,0.9404
2026-04-10 10:56:54,6301,person,0.9342,0.9405
2026-04-10 10:56:54,6302,person,0.9302,0.9381
2026-04-10 10:56:54,6303,person,0.9358,0.9415
2026-04-10 10:56:55,6304,person,0.9364,0.9418
2026-04-10 10:56:55,6305,person,0.9365,0.9419
2026-04-10 10:56:55,6306,person,0.9329,0.9397
2026-04-10 10:56:56,6307,person,0.9293,0.9376
2026-04-10 10:56:56,6308,person,0.9289,0.9373
2026-04-10 10:56:56,6309,person,0.9228,0.9337
2026-04-10 10:56:57,6310,person,0.9256,0.9354
2026-04-10 10:56:57,6311,person,0.9249,0.9349
2026-04-10 10:56:57,6312,person,0.9296,0.9378
2026-04-10 10:56:58,6313,person,0.9289,0.9373
2026-04-10 10:56:58,6314,person,0.9260,0.9356
2026-04-10 10:56:58,6315,person,0.9219,0.9331
2026-04-10 10:56:59,6316,person,0.9303,0.9382
2026-04-10 10:56:59,6317,person,0.9219,0.9331
2026-04-10 10:56:59,6318,person,0.8867,0.9120
2026-04-10 10:57:00,6319,person,0.8809,0.9085
2026-04-10 10:57:00,6320,person,0.7938,0.8563
2026-04-10 10:57:00,6321,person,0.9240,0.9344
2026-04-10 10:57:01,6322,person,0.8829,0.9097
2026-04-10 10:57:01,6323,person,0.9128,0.9277
2026-04-10 10:57:01,6324,person,0.9134,0.9280
2026-04-10 10:57:02,6325,person,0.9132,0.9279
2026-04-10 10:57:02,6326,person,0.9158,0.9295
2026-04-10 10:57:02,6327,person,0.9113,0.9268
2026-04-10 10:57:02,6328,person,0.9107,0.9264
2026-04-10 10:57:03,6329,person,0.8999,0.9199
2026-04-10 10:57:03,6330,person,0.9055,0.9233
2026-04-10 10:57:03,6331,person,0.9095,0.9257
2026-04-10 10:57:04,6332,person,0.9274,0.9364
2026-04-10 10:57:04,6333,person,0.9150,0.9290
2026-04-10 10:57:05,6334,person,0.9228,0.9337
2026-04-10 10:57:05,6335,person,0.9321,0.9393
2026-04-10 10:57:05,6336,person,0.9352,0.9411
2026-04-10 10:57:05,6337,person,0.9352,0.9411
2026-04-10 10:57:06,6338,person,0.9262,0.9357
2026-04-10 10:57:06,6339,person,0.9418,0.9451
2026-04-10 10:57:06,6340,person,0.9347,0.9408
2026-04-10 10:57:07,6341,person,0.9237,0.9342
2026-04-10 10:57:07,6342,person,0.9271,0.9363
2026-04-10 10:57:07,6343,person,0.9300,0.9380
2026-04-10 10:57:08,6344,person,0.9275,0.9365
2026-04-10 10:57:08,6345,person,0.9310,0.9386
2026-04-10 10:57:08,6346,person,0.9344,0.9406
2026-04-10 10:57:09,6347,person,0.9322,0.9393
2026-04-10 10:57:09,6348,person,0.9308,0.9385
2026-04-10 10:57:09,6349,person,0.9275,0.9365
2026-04-10 10:57:10,6350,person,0.9244,0.9346
2026-04-10 10:57:10,6351,person,0.9317,0.9390
2026-04-10 10:57:11,6352,person,0.9284,0.9370
2026-04-10 10:57:11,6353,person,0.9305,0.9383
2026-04-10 10:57:12,6354,person,0.9330,0.9398
2026-04-10 10:57:12,6355,person,0.9379,0.9427
2026-04-10 10:57:12,6356,person,0.9328,0.9397
2026-04-10 10:57:13,6357,person,0.9357,0.9414
2026-04-10 10:57:13,6358,person,0.9317,0.9390
2026-04-10 10:57:13,6359,person,0.9349,0.9410
2026-04-10 10:57:14,6360,person,0.9338,0.9403
2026-04-10 10:57:14,6361,person,0.9315,0.9389
2026-04-10 10:57:14,6362,person,0.9300,0.9380
2026-04-10 10:57:15,6363,person,0.9384,0.9431
2026-04-10 10:57:15,6364,person,0.9334,0.9401
2026-04-10 10:57:15,6365,person,0.9333,0.9400
2026-04-10 10:57:16,6366,person,0.9331,0.9399
2026-04-10 10:57:16,6367,person,0.9251,0.9350
2026-04-10 10:57:16,6368,person,0.9244,0.9346
2026-04-10 10:57:17,6369,person,0.9289,0.9373
2026-04-10 10:57:17,6370,person,0.9345,0.9407
2026-04-10 10:57:17,6371,person,0.9365,0.9419
2026-04-10 10:57:18,6372,person,0.9302,0.9381
2026-04-10 10:57:18,6373,person,0.9339,0.9403
2026-04-10 10:57:18,6374,person,0.9381,0.9429
2026-04-10 10:57:19,6375,person,0.9403,0.9442
2026-04-10 10:57:19,6376,person,0.9411,0.9447
2026-04-10 10:57:19,6377,person,0.9325,0.9395
2026-04-10 10:57:20,6378,person,0.9289,0.9373
2026-04-10 10:57:20,6379,person,0.9224,0.9334
2026-04-10 10:57:21,6380,person,0.9448,0.9469
2026-04-10 10:57:21,6381,person,0.9283,0.9370
2026-04-10 10:57:21,6382,person,0.9112,0.9267
2026-04-10 10:57:22,6383,person,0.9160,0.9296
2026-04-10 10:57:22,6384,person,0.9065,0.9239
2026-04-10 10:57:22,6385,person,0.9072,0.9243
2026-04-10 10:57:23,6386,person,0.9235,0.9341
2026-04-10 10:57:23,6387,person,0.9291,0.9375
2026-04-10 10:57:23,6388,person,0.9224,0.9335
2026-04-10 10:57:24,6389,person,0.9130,0.9278
2026-04-10 10:57:24,6390,person,0.9175,0.9305
2026-04-10 10:57:24,6391,person,0.9112,0.9267
2026-04-10 10:57:25,6392,person,0.9149,0.9289
2026-04-10 10:57:25,6393,person,0.9106,0.9263
2026-04-10 10:57:25,6394,person,0.8881,0.9129
2026-04-10 10:57:26,6395,person,0.8787,0.9072
2026-04-10 10:57:26,6396,person,0.9059,0.9235
2026-04-10 10:57:26,6397,person,0.9098,0.9259
2026-04-10 10:57:27,6398,person,0.8859,0.9116
2026-04-10 10:57:27,6399,person,0.8114,0.8668
2026-04-10 10:57:27,6400,person,0.8849,0.9110
2026-04-10 10:57:28,6401,person,0.8905,0.9143
2026-04-10 10:57:28,6402,person,0.8940,0.9164
2026-04-10 10:57:28,6403,person,0.9103,0.9262
2026-04-10 10:57:29,6404,person,0.9162,0.9297
2026-04-10 10:57:29,6405,person,0.9120,0.9272
2026-04-10 10:57:29,6406,person,0.9229,0.9337
2026-04-10 10:57:30,6407,person,0.9048,0.9229
2026-04-10 10:57:30,6408,person,0.9123,0.9274
2026-04-10 10:57:30,6409,person,0.9004,0.9202
2026-04-10 10:57:31,6410,person,0.8955,0.9173
2026-04-10 10:57:31,6411,person,0.8868,0.9121
2026-04-10 10:57:31,6412,person,0.9049,0.9229
2026-04-10 10:57:32,6413,person,0.8950,0.9170
2026-04-10 10:57:32,6414,person,0.8811,0.9086
2026-04-10 10:57:32,6415,person,0.8832,0.9099
2026-04-10 10:57:33,6416,person,0.8826,0.9096
2026-04-10 10:57:33,6417,person,0.8738,0.9043
2026-04-10 10:57:33,6418,person,0.8779,0.9067
2026-04-10 10:57:34,6419,person,0.8870,0.9122
2026-04-10 10:57:34,6420,person,0.8985,0.9191
2026-04-10 10:57:34,6421,person,0.9076,0.9246
2026-04-10 10:57:35,6422,person,0.8944,0.9166
2026-04-10 10:57:35,6423,person,0.8989,0.9194
2026-04-10 10:57:35,6424,person,0.8952,0.9171
2026-04-10 10:57:36,6425,person,0.9145,0.9287
2026-04-10 10:57:36,6426,person,0.9040,0.9224
2026-04-10 10:57:36,6427,person,0.9038,0.9223
2026-04-10 10:57:37,6428,person,0.9161,0.9296
2026-04-10 10:57:37,6429,person,0.9013,0.9208
2026-04-10 10:57:37,6430,person,0.9096,0.9258
2026-04-10 10:57:38,6431,person,0.8955,0.9173
2026-04-10 10:57:38,6432,person,0.8882,0.9129
2026-04-10 10:57:38,6433,person,0.8954,0.9172
2026-04-10 10:57:39,6434,person,0.8863,0.9118
2026-04-10 10:57:39,6435,person,0.9189,0.9313
2026-04-10 10:57:39,6436,person,0.9237,0.9342
2026-04-10 10:57:40,6437,person,0.9245,0.9347
2026-04-10 10:57:40,6438,person,0.9351,0.9410
2026-04-10 10:57:40,6439,person,0.9334,0.9401
2026-04-10 10:57:40,6440,person,0.9127,0.9276
2026-04-10 10:57:41,6441,person,0.9062,0.9237
2026-04-10 10:57:41,6442,person,0.9118,0.9271
2026-04-10 10:57:41,6443,person,0.9091,0.9255
2026-04-10 10:57:42,6444,person,0.9334,0.9400
2026-04-10 10:57:42,6445,person,0.9376,0.9426
2026-04-10 10:57:42,6446,person,0.9186,0.9312
2026-04-10 10:57:43,6447,person,0.9329,0.9398
2026-04-10 10:57:43,6448,person,0.9064,0.9238
2026-04-10 10:57:43,6449,person,0.9103,0.9262
2026-04-10 10:57:44,6450,person,0.9114,0.9269
2026-04-10 10:57:44,6451,person,0.8706,0.9024
2026-04-10 10:57:44,6452,person,0.8077,0.8646
2026-04-10 10:57:45,6453,person,0.7119,0.8071
2026-04-10 10:57:45,6454,person,0.7605,0.8363
2026-04-10 10:57:45,6455,person,0.8792,0.9075
2026-04-10 10:57:46,6456,person,0.8203,0.8722
2026-04-10 10:57:46,6457,person,0.8568,0.8941
2026-04-10 10:57:46,6458,person,0.8901,0.9141
2026-04-10 10:57:47,6459,person,0.9158,0.9295
2026-04-10 10:57:47,6460,person,0.9250,0.9350
2026-04-10 10:57:47,6461,person,0.9174,0.9304
2026-04-10 10:57:48,6462,person,0.9216,0.9330
2026-04-10 10:57:48,6463,person,0.9081,0.9248
2026-04-10 10:57:48,6464,person,0.9066,0.9240
2026-04-10 10:57:49,6465,person,0.9048,0.9229
2026-04-10 10:57:49,6466,person,0.9150,0.9290
2026-04-10 10:57:49,6467,person,0.9070,0.9242
2026-04-10 10:57:50,6468,person,0.9087,0.9252
2026-04-10 10:57:50,6469,person,0.9005,0.9203
2026-04-10 10:57:50,6470,person,0.9150,0.9290
2026-04-10 10:57:50,6471,person,0.8938,0.9163
2026-04-10 10:57:51,6472,person,0.9176,0.9305
2026-04-10 10:57:51,6473,person,0.9156,0.9294
2026-04-10 10:57:51,6474,person,0.9233,0.9340
2026-04-10 10:57:52,6475,person,0.9037,0.9222
2026-04-10 10:57:52,6476,person,0.9096,0.9257
2026-04-10 10:57:52,6477,person,0.9151,0.9291
2026-04-10 10:57:53,6478,person,0.9293,0.9376
2026-04-10 10:57:53,6479,person,0.9228,0.9337
2026-04-10 10:57:53,6480,person,0.9238,0.9343
2026-04-10 10:57:54,6481,person,0.9046,0.9228
2026-04-10 10:57:54,6482,person,0.9186,0.9312
2026-04-10 10:57:54,6483,person,0.9046,0.9228
2026-04-10 10:57:55,6484,person,0.9186,0.9312
2026-04-10 10:57:55,6485,person,0.8961,0.9177
2026-04-10 10:57:55,6486,person,0.9108,0.9265
2026-04-10 10:57:55,6487,person,0.9176,0.9306
2026-04-10 10:57:56,6488,person,0.9037,0.9222
2026-04-10 10:57:56,6489,person,0.9151,0.9291
2026-04-10 10:57:56,6490,person,0.9124,0.9274
2026-04-10 10:57:57,6491,person,0.9028,0.9217
2026-04-10 10:57:57,6492,person,0.8990,0.9194
2026-04-10 10:57:57,6493,person,0.9084,0.9250
2026-04-10 10:57:58,6494,person,0.9152,0.9291
2026-04-10 10:57:58,6495,person,0.9252,0.9351
2026-04-10 10:57:58,6496,person,0.9291,0.9375
2026-04-10 10:57:59,6497,person,0.9328,0.9397
2026-04-10 10:57:59,6498,person,0.9300,0.9380
2026-04-10 10:58:00,6499,person,0.9324,0.9394
2026-04-10 10:58:00,6500,person,0.9207,0.9324
2026-04-10 10:58:01,6501,person,0.9277,0.9366
2026-04-10 10:58:01,6502,person,0.9305,0.9383
2026-04-10 10:58:01,6503,person,0.9233,0.9340
2026-04-10 10:58:02,6504,person,0.9317,0.9390
2026-04-10 10:58:02,6505,person,0.9313,0.9388
2026-04-10 10:58:02,6506,person,0.9278,0.9367
2026-04-10 10:58:03,6507,person,0.9267,0.9360
2026-04-10 10:58:03,6508,person,0.9276,0.9366
2026-04-10 10:58:03,6509,person,0.9276,0.9365
2026-04-10 10:58:04,6510,person,0.9302,0.9381
2026-04-10 10:58:04,6511,person,0.9327,0.9396
2026-04-10 10:58:04,6512,person,0.9236,0.9341
2026-04-10 10:58:05,6513,person,0.9305,0.9383
2026-04-10 10:58:05,6514,person,0.9178,0.9307
2026-04-10 10:58:05,6515,person,0.9137,0.9282
2026-04-10 10:58:06,6516,person,0.9155,0.9293
2026-04-10 10:58:06,6517,person,0.9212,0.9327
2026-04-10 10:58:06,6518,person,0.9137,0.9282
2026-04-10 10:58:06,6519,person,0.9223,0.9334
2026-04-10 10:58:07,6520,person,0.9235,0.9341
2026-04-10 10:58:07,6521,person,0.9261,0.9357
2026-04-10 10:58:07,6522,person,0.9268,0.9361
2026-04-10 10:58:08,6523,person,0.9207,0.9324
2026-04-10 10:58:08,6524,person,0.9112,0.9267
2026-04-10 10:58:08,6525,person,0.9302,0.9381
2026-04-10 10:58:09,6526,person,0.9261,0.9356
2026-04-10 10:58:09,6527,person,0.9313,0.9388
2026-04-10 10:58:10,6528,person,0.9305,0.9383
2026-04-10 10:58:10,6529,person,0.9273,0.9364
2026-04-10 10:58:10,6530,person,0.9295,0.9377
2026-04-10 10:58:10,6531,person,0.9219,0.9331
2026-04-10 10:58:11,6532,person,0.9205,0.9323
2026-04-10 10:58:11,6533,person,0.9270,0.9362
2026-04-10 10:58:12,6534,person,0.9247,0.9348
2026-04-10 10:58:12,6535,person,0.9281,0.9368
2026-04-10 10:58:12,6536,person,0.9206,0.9323
2026-04-10 10:58:13,6537,person,0.9314,0.9388
2026-04-10 10:58:13,6538,person,0.9096,0.9258
2026-04-10 10:58:13,6539,person,0.9158,0.9295
2026-04-10 10:58:14,6540,person,0.8970,0.9182
2026-04-10 10:58:14,6541,person,0.8694,0.9016
2026-04-10 10:58:14,6542,person,0.7408,0.8245
2026-04-10 10:58:15,6543,person,0.8905,0.9143
2026-04-10 10:58:15,6544,person,0.8564,0.8938
2026-04-10 10:58:15,6545,person,0.9136,0.9282
2026-04-10 10:58:16,6546,person,0.9006,0.9204
2026-04-10 10:58:16,6547,person,0.9087,0.9252
2026-04-10 10:58:16,6548,person,0.8934,0.9160
2026-04-10 10:58:16,6549,person,0.9104,0.9262
2026-04-10 10:58:17,6550,person,0.9062,0.9237
2026-04-10 10:58:17,6551,person,0.8997,0.9198
2026-04-10 10:58:17,6552,person,0.9238,0.9343
2026-04-10 10:58:18,6553,person,0.9162,0.9297
2026-04-10 10:58:18,6554,person,0.9147,0.9288
2026-04-10 10:58:18,6555,person,0.9053,0.9232
2026-04-10 10:58:19,6556,person,0.9008,0.9205
2026-04-10 10:58:19,6557,person,0.8964,0.9178
2026-04-10 10:58:19,6558,person,0.9119,0.9272
2026-04-10 10:58:20,6559,person,0.9145,0.9287
2026-04-10 10:58:20,6560,person,0.9345,0.9407
2026-04-10 10:58:20,6561,person,0.9163,0.9298
2026-04-10 10:58:21,6562,person,0.9012,0.9207
2026-04-10 10:58:21,6563,person,0.9175,0.9305
2026-04-10 10:58:21,6564,person,0.9057,0.9234
2026-04-10 10:58:21,6565,person,0.9265,0.9359
2026-04-10 10:58:22,6566,person,0.9130,0.9278
2026-04-10 10:58:22,6567,person,0.9261,0.9356
2026-04-10 10:58:22,6568,person,0.9211,0.9327
2026-04-10 10:58:23,6569,person,0.9170,0.9302
2026-04-10 10:58:23,6570,person,0.9249,0.9349
2026-04-10 10:58:23,6571,person,0.9236,0.9341
2026-04-10 10:58:24,6572,person,0.9127,0.9276
2026-04-10 10:58:24,6573,person,0.9088,0.9253
2026-04-10 10:58:24,6574,person,0.9202,0.9321
2026-04-10 10:58:25,6575,person,0.9153,0.9292
2026-04-10 10:58:25,6576,person,0.9111,0.9266
2026-04-10 10:58:25,6577,person,0.9046,0.9228
2026-04-10 10:58:25,6578,person,0.9098,0.9259
2026-04-10 10:58:26,6579,person,0.9010,0.9206
2026-04-10 10:58:26,6580,person,0.9087,0.9252
2026-04-10 10:58:26,6581,person,0.9115,0.9269
2026-04-10 10:58:27,6582,person,0.9132,0.9279
2026-04-10 10:58:27,6583,person,0.8799,0.9079
2026-04-10 10:58:27,6584,person,0.9026,0.9216
2026-04-10 10:58:28,6585,person,0.9112,0.9267
2026-04-10 10:58:28,6586,person,0.8978,0.9187
2026-04-10 10:58:28,6587,person,0.9075,0.9245
2026-04-10 10:58:29,6588,person,0.9251,0.9350
2026-04-10 10:58:29,6589,person,0.9164,0.9299
2026-04-10 10:58:29,6590,person,0.9110,0.9266
2026-04-10 10:58:30,6591,person,0.9175,0.9305
2026-04-10 10:58:30,6592,person,0.9122,0.9273
2026-04-10 10:58:30,6593,person,0.9144,0.9287
2026-04-10 10:58:30,6594,person,0.9091,0.9255
2026-04-10 10:58:31,6595,person,0.9136,0.9282
2026-04-10 10:58:31,6596,person,0.9186,0.9312
2026-04-10 10:58:31,6597,person,0.9149,0.9289
2026-04-10 10:58:32,6598,person,0.9069,0.9242
2026-04-10 10:58:32,6599,person,0.9118,0.9271
2026-04-10 10:58:32,6600,person,0.9086,0.9251
2026-04-10 10:58:33,6601,person,0.9191,0.9315
2026-04-10 10:58:33,6602,person,0.9087,0.9252
2026-04-10 10:58:33,6603,person,0.9119,0.9271
2026-04-10 10:58:34,6604,person,0.9062,0.9237
2026-04-10 10:58:34,6605,person,0.9150,0.9290
2026-04-10 10:58:34,6606,person,0.9181,0.9309
2026-04-10 10:58:35,6607,person,0.9063,0.9238
2026-04-10 10:58:35,6608,person,0.9097,0.9258
2026-04-10 10:58:35,6609,person,0.9112,0.9267
2026-04-10 10:58:35,6610,person,0.9108,0.9265
2026-04-10 10:58:36,6611,person,0.9129,0.9277
2026-04-10 10:58:36,6612,person,0.9153,0.9292
2026-04-10 10:58:36,6613,person,0.9120,0.9272
2026-04-10 10:58:37,6614,person,0.9049,0.9229
2026-04-10 10:58:37,6615,person,0.9090,0.9254
2026-04-10 10:58:37,6616,person,0.9065,0.9239
2026-04-10 10:58:38,6617,person,0.9144,0.9286
2026-04-10 10:58:38,6618,person,0.9129,0.9277
2026-04-10 10:58:38,6619,person,0.9134,0.9281
2026-04-10 10:58:39,6620,person,0.9087,0.9252
2026-04-10 10:58:39,6621,person,0.9152,0.9291
2026-04-10 10:58:39,6622,person,0.9094,0.9257
2026-04-10 10:58:40,6623,person,0.9139,0.9284
2026-04-10 10:58:40,6624,person,0.9103,0.9262
2026-04-10 10:58:40,6625,person,0.9044,0.9226
2026-04-10 10:58:40,6626,person,0.9052,0.9231
2026-04-10 10:58:41,6627,person,0.9228,0.9337
2026-04-10 10:58:41,6628,person,0.9257,0.9354
2026-04-10 10:58:41,6629,person,0.8951,0.9170
2026-04-10 10:58:42,6630,person,0.8961,0.9176
2026-04-10 10:58:42,6631,person,0.8969,0.9181
2026-04-10 10:58:42,6632,person,0.8927,0.9156
2026-04-10 10:58:43,6633,person,0.9036,0.9222
2026-04-10 10:58:43,6634,person,0.8995,0.9197
2026-04-10 10:58:43,6635,person,0.9048,0.9229
2026-04-10 10:58:44,6636,person,0.9085,0.9251
2026-04-10 10:58:44,6637,person,0.9017,0.9210
2026-04-10 10:58:44,6638,person,0.9080,0.9248
2026-04-10 10:58:45,6639,person,0.9139,0.9283
2026-04-10 10:58:45,6640,person,0.9036,0.9222
2026-04-10 10:58:45,6641,person,0.9065,0.9239
2026-04-10 10:58:46,6642,person,0.9154,0.9292
2026-04-10 10:58:46,6643,person,0.9034,0.9220
2026-04-10 10:58:46,6644,person,0.9051,0.9231
2026-04-10 10:58:47,6645,person,0.9178,0.9307
2026-04-10 10:58:47,6646,person,0.9229,0.9337
2026-04-10 10:58:47,6647,person,0.9435,0.9461
2026-04-10 10:58:48,6648,person,0.9389,0.9433
2026-04-10 10:58:48,6649,person,0.9296,0.9378
2026-04-10 10:58:48,6650,person,0.9248,0.9349
2026-04-10 10:58:48,6651,person,0.9273,0.9364
2026-04-10 10:58:49,6652,person,0.9295,0.9377
2026-04-10 10:58:49,6653,person,0.9361,0.9416
2026-04-10 10:58:49,6654,person,0.9339,0.9403
2026-04-10 10:58:50,6655,person,0.9257,0.9354
2026-04-10 10:58:50,6656,person,0.9329,0.9398
2026-04-10 10:58:50,6657,person,0.9340,0.9404
2026-04-10 10:58:51,6658,person,0.9276,0.9366
2026-04-10 10:58:51,6659,person,0.9301,0.9381
2026-04-10 10:58:51,6660,person,0.9239,0.9343
2026-04-10 10:58:52,6661,person,0.9322,0.9393
2026-04-10 10:58:52,6662,person,0.9262,0.9357
2026-04-10 10:58:52,6663,person,0.9286,0.9372
2026-04-10 10:58:52,6664,person,0.9301,0.9381
2026-04-10 10:58:53,6665,person,0.9270,0.9362
2026-04-10 10:58:53,6666,person,0.9267,0.9360
2026-04-10 10:58:53,6667,person,0.9329,0.9397
2026-04-10 10:58:54,6668,person,0.9311,0.9386
2026-04-10 10:58:54,6669,person,0.9448,0.9469
2026-04-10 10:58:54,6670,person,0.9247,0.9348
2026-04-10 10:58:55,6671,person,0.9269,0.9361
2026-04-10 10:58:55,6672,person,0.9298,0.9379
2026-04-10 10:58:55,6673,person,0.9319,0.9391
2026-04-10 10:58:56,6674,person,0.9347,0.9408
2026-04-10 10:58:56,6675,person,0.9371,0.9423
2026-04-10 10:58:56,6676,person,0.9398,0.9439
2026-04-10 10:58:57,6677,person,0.9312,0.9387
2026-04-10 10:58:57,6678,person,0.9260,0.9356
2026-04-10 10:58:57,6679,person,0.9270,0.9362
2026-04-10 10:58:57,6680,person,0.9138,0.9283
2026-04-10 10:58:58,6681,person,0.9212,0.9327
2026-04-10 10:58:58,6682,person,0.9142,0.9285
2026-04-10 10:58:58,6683,person,0.9132,0.9279
2026-04-10 10:58:59,6684,person,0.9154,0.9292
2026-04-10 10:58:59,6685,person,0.9150,0.9290
2026-04-10 10:58:59,6686,person,0.9157,0.9294
2026-04-10 10:59:00,6687,person,0.9066,0.9239
2026-04-10 10:59:00,6688,person,0.9134,0.9281
2026-04-10 10:59:00,6689,person,0.9100,0.9260
2026-04-10 10:59:01,6690,person,0.9124,0.9274
2026-04-10 10:59:01,6691,person,0.9123,0.9274
2026-04-10 10:59:01,6692,person,0.9136,0.9282
2026-04-10 10:59:02,6693,person,0.9105,0.9263
2026-04-10 10:59:02,6694,person,0.9196,0.9318
2026-04-10 10:59:02,6695,person,0.9099,0.9260
2026-04-10 10:59:03,6696,person,0.9031,0.9219
2026-04-10 10:59:03,6697,person,0.9087,0.9252
2026-04-10 10:59:03,6698,person,0.9123,0.9274
2026-04-10 10:59:04,6699,person,0.9077,0.9246
2026-04-10 10:59:04,6700,person,0.9076,0.9246
2026-04-10 10:59:04,6701,person,0.9074,0.9245
2026-04-10 10:59:05,6702,person,0.8941,0.9165
2026-04-10 10:59:05,6703,person,0.9022,0.9213
2026-04-10 10:59:05,6704,person,0.9123,0.9274
2026-04-10 10:59:06,6705,person,0.9081,0.9248
2026-04-10 10:59:06,6706,person,0.9053,0.9232
2026-04-10 10:59:06,6707,person,0.9158,0.9295
2026-04-10 10:59:07,6708,person,0.9158,0.9295
2026-04-10 10:59:07,6709,person,0.9055,0.9233
2026-04-10 10:59:07,6710,person,0.9046,0.9227
2026-04-10 10:59:08,6711,person,0.9022,0.9213
2026-04-10 10:59:08,6712,person,0.8971,0.9183
2026-04-10 10:59:08,6713,person,0.9087,0.9252
2026-04-10 10:59:09,6714,person,0.9070,0.9242
2026-04-10 10:59:09,6715,person,0.9096,0.9258
2026-04-10 10:59:09,6716,person,0.9044,0.9226
2026-04-10 10:59:09,6717,person,0.9178,0.9307
2026-04-10 10:59:10,6718,person,0.9113,0.9268
2026-04-10 10:59:10,6719,person,0.9161,0.9297
2026-04-10 10:59:10,6720,person,0.9111,0.9267
2026-04-10 10:59:11,6721,person,0.9155,0.9293
2026-04-10 10:59:11,6722,person,0.9149,0.9289
2026-04-10 10:59:11,6723,person,0.9099,0.9260
2026-04-10 10:59:12,6724,person,0.9168,0.9301
2026-04-10 10:59:12,6725,person,0.9139,0.9283
2026-04-10 10:59:12,6726,person,0.9107,0.9264
2026-04-10 10:59:13,6727,person,0.9061,0.9237
2026-04-10 10:59:13,6728,person,0.9069,0.9241
2026-04-10 10:59:13,6729,person,0.9165,0.9299
2026-04-10 10:59:13,6730,person,0.9141,0.9285
2026-04-10 10:59:14,6731,person,0.8918,0.9151
2026-04-10 10:59:14,6732,person,0.8946,0.9167
2026-04-10 10:59:14,6733,person,0.9068,0.9241
2026-04-10 10:59:15,6734,person,0.9007,0.9204
2026-04-10 10:59:15,6735,person,0.9217,0.9330
2026-04-10 10:59:15,6736,person,0.9237,0.9342
2026-04-10 10:59:16,6737,person,0.9143,0.9286
2026-04-10 10:59:16,6738,person,0.9257,0.9354
2026-04-10 10:59:16,6739,person,0.9274,0.9365
2026-04-10 10:59:17,6740,person,0.9234,0.9341
2026-04-10 10:59:17,6741,person,0.9185,0.9311
2026-04-10 10:59:17,6742,person,0.9344,0.9406
2026-04-10 10:59:18,6743,person,0.9281,0.9369
2026-04-10 10:59:18,6744,person,0.9185,0.9311
2026-04-10 10:59:18,6745,person,0.9278,0.9367
2026-04-10 10:59:19,6746,person,0.9104,0.9262
2026-04-10 10:59:19,6747,person,0.9122,0.9273
2026-04-10 10:59:19,6748,person,0.9095,0.9257
2026-04-10 10:59:19,6749,person,0.8650,0.8990
2026-04-10 10:59:20,6750,person,0.9135,0.9281
2026-04-10 10:59:20,6751,person,0.9169,0.9301
2026-04-10 10:59:20,6752,person,0.9173,0.9304
2026-04-10 10:59:21,6753,person,0.9191,0.9315
2026-04-10 10:59:21,6754,person,0.9164,0.9298
2026-04-10 10:59:21,6755,person,0.9210,0.9326
2026-04-10 10:59:22,6756,person,0.9255,0.9353
2026-04-10 10:59:22,6757,person,0.9148,0.9289
2026-04-10 10:59:22,6758,person,0.9223,0.9334
2026-04-10 10:59:23,6759,person,0.9193,0.9316
2026-04-10 10:59:23,6760,person,0.9116,0.9270
2026-04-10 10:59:23,6761,person,0.9106,0.9264
2026-04-10 10:59:23,6762,person,0.9193,0.9316
2026-04-10 10:59:24,6763,person,0.9162,0.9297
2026-04-10 10:59:24,6764,person,0.9084,0.9250
2026-04-10 10:59:24,6765,person,0.9116,0.9270
2026-04-10 10:59:25,6766,person,0.9167,0.9300
2026-04-10 10:59:25,6767,person,0.9137,0.9282
2026-04-10 10:59:25,6768,person,0.9147,0.9288
2026-04-10 10:59:26,6769,person,0.9191,0.9315
2026-04-10 10:59:26,6770,person,0.9201,0.9320
2026-04-10 10:59:26,6771,person,0.9189,0.9314
2026-04-10 10:59:27,6772,person,0.9244,0.9346
2026-04-10 10:59:27,6773,person,0.9117,0.9270
2026-04-10 10:59:27,6774,person,0.9155,0.9293
2026-04-10 10:59:27,6775,person,0.9158,0.9295
2026-04-10 10:59:28,6776,person,0.9185,0.9311
2026-04-10 10:59:28,6777,person,0.9180,0.9308
2026-04-10 10:59:28,6778,person,0.9044,0.9226
2026-04-10 10:59:29,6779,person,0.9236,0.9341
2026-04-10 10:59:29,6780,person,0.9166,0.9299
2026-04-10 10:59:29,6781,person,0.8856,0.9113
2026-04-10 10:59:30,6782,person,0.8833,0.9100
2026-04-10 10:59:30,6783,person,0.8975,0.9185
2026-04-10 10:59:30,6784,person,0.8939,0.9163
2026-04-10 10:59:31,6785,person,0.9068,0.9241
2026-04-10 10:59:31,6786,person,0.9199,0.9319
2026-04-10 10:59:31,6787,person,0.9330,0.9398
2026-04-10 10:59:32,6788,person,0.8605,0.8963
2026-04-10 10:59:32,6789,person,0.8682,0.9009
2026-04-10 10:59:32,6790,person,0.8917,0.9150
2026-04-10 10:59:33,6791,person,0.8789,0.9073
2026-04-10 10:59:33,6792,person,0.9069,0.9241
2026-04-10 10:59:33,6793,person,0.8814,0.9088
2026-04-10 10:59:33,6794,person,0.8929,0.9157
2026-04-10 10:59:34,6795,person,0.9010,0.9206
2026-04-10 10:59:34,6796,person,0.8752,0.9051
2026-04-10 10:59:34,6797,person,0.8651,0.8990
2026-04-10 10:59:35,6798,person,0.8805,0.9083
2026-04-10 10:59:35,6799,person,0.8742,0.9045
2026-04-10 10:59:35,6800,person,0.8674,0.9005
2026-04-10 10:59:36,6801,person,0.8551,0.8930
2026-04-10 10:59:36,6802,person,0.8603,0.8962
2026-04-10 10:59:36,6803,person,0.8902,0.9141
2026-04-10 10:59:37,6804,person,0.9187,0.9312
2026-04-10 10:59:37,6805,person,0.9179,0.9307
2026-04-10 10:59:37,6806,person,0.9274,0.9365
2026-04-10 10:59:37,6807,person,0.9123,0.9274
2026-04-10 10:59:38,6808,person,0.9024,0.9214
2026-04-10 10:59:38,6809,person,0.9211,0.9327
2026-04-10 10:59:38,6810,person,0.9128,0.9277
2026-04-10 10:59:39,6811,person,0.9072,0.9243
2026-04-10 10:59:39,6812,person,0.9204,0.9322
2026-04-10 10:59:39,6813,person,0.9230,0.9338
2026-04-10 10:59:40,6814,person,0.9206,0.9324
2026-04-10 10:59:40,6815,person,0.9234,0.9340
2026-04-10 10:59:40,6816,person,0.9219,0.9331
2026-04-10 10:59:41,6817,person,0.9219,0.9331
2026-04-10 10:59:41,6818,person,0.9244,0.9347
2026-04-10 10:59:41,6819,person,0.9259,0.9355
2026-04-10 10:59:41,6820,person,0.9199,0.9319
2026-04-10 10:59:42,6821,person,0.9243,0.9346
2026-04-10 10:59:42,6822,person,0.9242,0.9345
2026-04-10 10:59:42,6823,person,0.9270,0.9362
2026-04-10 10:59:43,6824,person,0.9218,0.9331
2026-04-10 10:59:43,6825,person,0.9233,0.9340
2026-04-10 10:59:43,6826,person,0.9204,0.9322
2026-04-10 10:59:44,6827,person,0.9221,0.9332
2026-04-10 10:59:44,6828,person,0.9226,0.9336
2026-04-10 10:59:44,6829,person,0.9260,0.9356
2026-04-10 10:59:44,6830,person,0.9257,0.9354
2026-04-10 10:59:45,6831,person,0.9254,0.9352
2026-04-10 10:59:45,6832,person,0.9213,0.9328
2026-04-10 10:59:45,6833,person,0.9225,0.9335
2026-04-10 10:59:46,6834,person,0.9274,0.9364
2026-04-10 10:59:46,6835,person,0.9240,0.9344
2026-04-10 10:59:46,6836,person,0.9281,0.9369
2026-04-10 10:59:47,6837,person,0.9241,0.9344
2026-04-10 10:59:47,6838,person,0.9235,0.9341
2026-04-10 10:59:47,6839,person,0.9207,0.9324
2026-04-10 10:59:48,6840,person,0.9245,0.9347
2026-04-10 10:59:48,6841,person,0.9219,0.9331
2026-04-10 10:59:48,6842,person,0.9236,0.9342
2026-04-10 10:59:49,6843,person,0.9254,0.9352
2026-04-10 10:59:49,6844,person,0.9278,0.9367
2026-04-10 10:59:49,6845,person,0.9249,0.9349
2026-04-10 10:59:50,6846,person,0.9252,0.9351
2026-04-10 10:59:50,6847,person,0.9234,0.9341
2026-04-10 10:59:50,6848,person,0.9192,0.9315
2026-04-10 10:59:51,6849,person,0.9231,0.9339
2026-04-10 10:59:51,6850,person,0.9241,0.9345
2026-04-10 10:59:51,6851,person,0.9239,0.9344
2026-04-10 10:59:52,6852,person,0.9300,0.9380
2026-04-10 10:59:52,6853,person,0.9187,0.9312
2026-04-10 10:59:52,6854,person,0.9270,0.9362
2026-04-10 10:59:53,6855,person,0.9164,0.9299
2026-04-10 10:59:53,6856,person,0.9136,0.9282
2026-04-10 10:59:53,6857,person,0.9220,0.9332
2026-04-10 10:59:53,6858,person,0.9198,0.9319
2026-04-10 10:59:54,6859,person,0.9199,0.9319
2026-04-10 10:59:54,6860,person,0.9196,0.9318
2026-04-10 10:59:54,6861,person,0.9226,0.9336
2026-04-10 10:59:55,6862,person,0.9259,0.9356
2026-04-10 10:59:55,6863,person,0.9238,0.9343
2026-04-10 10:59:55,6864,person,0.9138,0.9283
2026-04-10 10:59:56,6865,person,0.9215,0.9329
2026-04-10 11:39:15,1,person,0.5116,0.6870
2026-04-10 11:39:15,2,person,0.8740,0.9044
2026-04-10 11:39:15,3,person,0.8536,0.8921
2026-04-10 11:39:15,4,person,0.8645,0.8987
2026-04-10 11:39:16,5,person,0.8807,0.9084
2026-04-10 11:39:16,6,person,0.8889,0.9133
2026-04-10 11:39:16,7,person,0.8902,0.9141
2026-04-10 11:39:16,8,person,0.8908,0.9145
2026-04-10 11:39:16,9,person,0.8975,0.9185
2026-04-10 11:39:17,10,person,0.9002,0.9201
2026-04-10 11:39:17,11,person,0.8889,0.9134
2026-04-10 11:39:17,12,person,0.8858,0.9115
2026-04-10 11:39:17,13,person,0.8872,0.9123
2026-04-10 11:39:18,14,person,0.8892,0.9135
2026-04-10 11:39:18,15,person,0.8711,0.9027
2026-04-10 11:39:18,16,person,0.8750,0.9050
2026-04-10 11:39:18,17,person,0.8737,0.9042
2026-04-10 11:39:18,18,person,0.8821,0.9093
2026-04-10 11:39:19,19,person,0.8741,0.9044
2026-04-10 11:39:19,20,person,0.8400,0.8840
2026-04-10 11:39:19,21,person,0.8265,0.8759
2026-04-10 11:39:19,22,person,0.9174,0.9304
2026-04-10 11:39:19,23,person,0.8519,0.8912
2026-04-10 11:39:20,24,chair,0.7669,0.7001
2026-04-10 11:39:20,25,person,0.7653,0.8392
2026-04-10 11:39:20,26,person,0.9316,0.9389
2026-04-10 11:39:20,27,person,0.9303,0.9382
2026-04-10 11:39:21,28,person,0.9141,0.9285
2026-04-10 11:39:21,29,person,0.9322,0.9393
2026-04-10 11:39:21,30,person,0.9375,0.9425
2026-04-10 11:39:21,31,person,0.9300,0.9380
2026-04-10 11:39:21,32,person,0.9314,0.9388
2026-04-10 11:39:22,33,person,0.9339,0.9404
2026-04-10 11:39:22,34,person,0.9331,0.9399
2026-04-10 11:39:22,35,person,0.9329,0.9397
2026-04-10 11:39:22,36,person,0.9305,0.9383
2026-04-10 11:39:22,37,person,0.9276,0.9365
2026-04-10 11:39:23,38,person,0.9340,0.9404
2026-04-10 11:39:23,39,person,0.9368,0.9421
2026-04-10 11:39:23,40,person,0.9403,0.9442
2026-04-10 11:39:23,41,person,0.9392,0.9435
2026-04-10 11:39:23,42,person,0.9375,0.9425
2026-04-10 11:39:24,43,person,0.9375,0.9425
2026-04-10 11:39:24,44,person,0.9386,0.9432
2026-04-10 11:39:24,45,person,0.9377,0.9426
2026-04-10 11:39:24,46,person,0.9401,0.9441
2026-04-10 11:39:25,47,person,0.9373,0.9424
2026-04-10 11:39:25,48,person,0.8843,0.9106
2026-04-10 11:39:25,49,person,0.8471,0.8882
2026-04-10 11:39:25,50,person,0.9377,0.9426
2026-04-10 11:39:25,51,person,0.9384,0.9430
2026-04-10 11:39:26,52,person,0.9403,0.9442
2026-04-10 11:39:26,53,person,0.9364,0.9419
2026-04-10 11:39:26,54,person,0.9356,0.9414
2026-04-10 11:39:26,55,person,0.9347,0.9408
2026-04-10 11:39:26,56,person,0.9363,0.9418
2026-04-10 11:39:27,57,person,0.9344,0.9407
2026-04-10 11:39:27,58,person,0.9387,0.9432
2026-04-10 11:39:27,59,person,0.9371,0.9423
2026-04-10 11:39:27,60,person,0.9388,0.9433
2026-04-10 11:39:27,61,person,0.9381,0.9429
2026-04-10 11:39:28,62,person,0.8794,0.9077
2026-04-10 11:39:28,63,person,0.8961,0.9177
2026-04-10 11:39:28,64,person,0.9353,0.9412
2026-04-10 11:39:28,65,person,0.9349,0.9409
2026-04-10 11:39:28,66,person,0.9372,0.9423
2026-04-10 11:39:29,67,person,0.9410,0.9446
2026-04-10 11:39:29,68,person,0.9342,0.9405
2026-04-10 11:39:29,69,person,0.9388,0.9433
2026-04-10 11:39:29,70,person,0.9345,0.9407
2026-04-10 11:39:30,71,person,0.9395,0.9437
2026-04-10 11:39:30,72,person,0.9417,0.9450
2026-04-10 11:39:30,73,person,0.9406,0.9444
2026-04-10 11:39:30,74,person,0.9322,0.9393
2026-04-10 11:39:30,75,person,0.9335,0.9401
2026-04-10 11:39:31,76,person,0.9314,0.9389
2026-04-10 11:39:31,77,person,0.9365,0.9419
2026-04-10 11:39:31,78,person,0.9353,0.9412
2026-04-10 11:39:31,79,person,0.9353,0.9412
2026-04-10 11:39:32,80,person,0.9310,0.9386
2026-04-10 11:39:32,81,person,0.9338,0.9403
2026-04-10 11:39:32,82,person,0.9330,0.9398
2026-04-10 11:39:32,83,person,0.9335,0.9401
2026-04-10 11:39:32,84,person,0.9350,0.9410
2026-04-10 11:39:33,85,person,0.9262,0.9357
2026-04-10 11:39:33,86,person,0.9176,0.9306
2026-04-10 11:39:33,87,person,0.9326,0.9396
2026-04-10 11:39:33,88,person,0.9307,0.9384
2026-04-10 11:39:33,89,person,0.9333,0.9400
2026-04-10 11:39:34,90,person,0.9319,0.9391
2026-04-10 11:39:34,91,person,0.9057,0.9234
2026-04-10 11:39:34,92,person,0.9400,0.9440
2026-04-10 11:39:34,93,person,0.9413,0.9448
2026-04-10 11:39:34,94,person,0.9350,0.9410
2026-04-10 11:39:35,95,person,0.9368,0.9421
2026-04-10 11:39:35,96,person,0.9344,0.9407
2026-04-10 11:39:35,97,person,0.9390,0.9434
2026-04-10 11:39:35,98,person,0.9364,0.9419
2026-04-10 11:39:35,99,person,0.9347,0.9408
2026-04-10 11:39:36,100,person,0.8581,0.8948
2026-04-10 11:39:36,101,person,0.8239,0.8743
2026-04-10 11:39:36,102,person,0.8903,0.9142
2026-04-10 11:39:36,103,person,0.8409,0.8846
2026-04-10 11:39:36,104,person,0.8124,0.8675
2026-04-10 11:39:37,105,person,0.7963,0.8578
2026-04-10 11:39:37,106,person,0.3571,0.5943
2026-04-10 11:39:37,107,person,0.5473,0.7084
2026-04-10 11:39:37,108,person,0.8931,0.9159
2026-04-10 11:39:38,109,person,0.8682,0.9009
2026-04-10 11:39:38,110,person,0.9249,0.9349
2026-04-10 11:39:38,111,person,0.8223,0.8734
2026-04-10 11:39:39,112,person,0.5630,0.7178
2026-04-10 11:39:39,113,person,0.9077,0.9246
2026-04-10 11:39:39,114,person,0.9252,0.9351
2026-04-10 11:39:40,115,person,0.9256,0.9353
2026-04-10 11:39:40,116,person,0.9122,0.9273
2026-04-10 11:39:40,117,person,0.9056,0.9234
2026-04-10 11:39:41,118,person,0.9091,0.9255
2026-04-10 11:39:41,119,person,0.9047,0.9228
2026-04-10 11:39:42,120,person,0.9369,0.9421
2026-04-10 11:39:42,121,person,0.7847,0.8508
2026-04-10 11:39:43,122,person,0.8873,0.9124
2026-04-10 11:39:43,123,person,0.9041,0.9225
2026-04-10 11:39:43,124,person,0.8946,0.9167
2026-04-10 11:39:44,125,person,0.8929,0.9158
2026-04-10 11:39:44,126,person,0.8987,0.9192
2026-04-10 11:39:44,127,person,0.9039,0.9224
2026-04-10 11:39:45,128,person,0.9039,0.9224
2026-04-10 11:39:45,129,person,0.9264,0.9358
2026-04-10 11:39:45,130,person,0.8993,0.9196
2026-04-10 11:39:46,131,person,0.9548,0.9529
2026-04-10 11:39:46,132,person,0.9452,0.9471
2026-04-10 11:39:46,133,person,0.8901,0.9140
2026-04-10 11:39:47,134,person,0.9376,0.9425
2026-04-10 11:39:47,135,person,0.9355,0.9413
2026-04-10 11:39:47,136,person,0.9440,0.9464
2026-04-10 11:39:48,137,person,0.9233,0.9340
2026-04-10 11:39:48,138,person,0.8706,0.9023
2026-04-10 11:39:48,139,person,0.8649,0.8990
2026-04-10 11:39:48,140,person,0.8759,0.9056
2026-04-10 11:39:49,141,person,0.9175,0.9305
2026-04-10 11:39:49,142,person,0.8843,0.9106
2026-04-10 11:39:49,143,person,0.9025,0.9215
2026-04-10 11:39:50,144,person,0.8610,0.8966
2026-04-10 11:39:50,145,person,0.9274,0.9364
2026-04-10 11:39:50,146,person,0.9082,0.9249
2026-04-10 11:39:51,147,person,0.8937,0.9162
2026-04-10 11:39:51,148,person,0.8686,0.9012
2026-04-10 11:39:51,149,person,0.8750,0.9050
2026-04-10 11:39:52,150,person,0.8696,0.9018
2026-04-10 11:39:52,151,person,0.8718,0.9031
2026-04-10 11:39:52,152,person,0.8581,0.8949
2026-04-10 11:39:53,153,person,0.8663,0.8998
2026-04-10 11:39:53,154,person,0.8733,0.9040
2026-04-10 11:39:53,155,person,0.8485,0.8891
2026-04-10 11:39:54,156,person,0.8590,0.8954
2026-04-10 11:39:54,157,person,0.8700,0.9020
2026-04-10 11:39:54,158,person,0.8466,0.8880
2026-04-10 11:39:55,159,person,0.8649,0.8989
2026-04-10 11:39:55,160,person,0.9142,0.9285
2026-04-10 11:39:55,161,person,0.9039,0.9224
2026-04-10 11:39:55,162,person,0.9057,0.9234
2026-04-10 11:39:56,163,person,0.9276,0.9365
2026-04-10 11:39:56,164,person,0.9184,0.9310
2026-04-10 11:39:56,165,person,0.8873,0.9124
2026-04-10 11:39:57,166,person,0.9134,0.9280
2026-04-10 11:39:57,167,person,0.8760,0.9056
2026-04-10 11:39:57,168,person,0.8854,0.9113
2026-04-10 11:39:58,169,person,0.9245,0.9347
2026-04-10 11:39:58,170,person,0.9402,0.9441
2026-04-10 11:39:58,171,person,0.9443,0.9466
2026-04-10 11:39:59,172,person,0.9352,0.9411
2026-04-10 11:39:59,173,person,0.9426,0.9456
2026-04-10 11:39:59,174,person,0.9346,0.9408
2026-04-10 11:40:00,175,person,0.9398,0.9439
2026-04-10 11:40:00,176,person,0.9343,0.9406
2026-04-10 11:40:00,177,person,0.9403,0.9442
2026-04-10 11:40:01,178,person,0.9365,0.9419
2026-04-10 11:40:01,179,person,0.9451,0.9470
2026-04-10 11:40:01,180,person,0.9456,0.9474
2026-04-10 11:40:02,181,person,0.9427,0.9456
2026-04-10 11:40:02,182,person,0.9166,0.9300
2026-04-10 11:40:02,183,person,0.9187,0.9312
2026-04-10 11:40:02,184,person,0.9018,0.9211
2026-04-10 11:40:03,185,person,0.9096,0.9257
2026-04-10 11:40:03,186,person,0.9363,0.9418
2026-04-10 11:40:03,187,person,0.9067,0.9240
2026-04-10 11:40:04,188,person,0.9250,0.9350
2026-04-10 11:40:04,189,person,0.9199,0.9319
2026-04-10 11:40:04,190,person,0.9142,0.9285
2026-04-10 11:40:05,191,person,0.9071,0.9243
2026-04-10 11:40:05,192,person,0.9387,0.9432
2026-04-10 11:40:05,193,person,0.9534,0.9520
2026-04-10 11:40:06,194,person,0.9473,0.9484
2026-04-10 11:40:06,195,person,0.9373,0.9424
2026-04-10 11:40:06,196,person,0.9387,0.9432
2026-04-10 11:40:07,197,person,0.9377,0.9426
2026-04-10 11:40:07,198,person,0.9233,0.9340
2026-04-10 11:40:07,199,person,0.9020,0.9212
2026-04-10 11:40:07,200,person,0.8744,0.9046
2026-04-10 11:40:08,201,person,0.9151,0.9291
2026-04-10 11:40:08,202,person,0.9416,0.9449
2026-04-10 11:40:08,203,person,0.9545,0.9527
2026-04-10 11:40:09,204,person,0.9550,0.9530
2026-04-10 11:40:09,205,person,0.9490,0.9494
2026-04-10 11:40:09,206,person,0.9454,0.9472
2026-04-10 11:40:10,207,person,0.9340,0.9404
2026-04-10 11:40:10,208,person,0.9319,0.9391
2026-04-10 11:40:10,209,person,0.9485,0.9491
2026-04-10 11:40:11,210,person,0.9140,0.9284
2026-04-10 11:40:11,211,person,0.8643,0.8986
2026-04-10 11:40:12,212,person,0.9460,0.9476
2026-04-10 11:40:12,213,person,0.9303,0.9382
2026-04-10 11:40:12,214,person,0.9116,0.9270
2026-04-10 11:40:12,215,person,0.9120,0.9272
2026-04-10 11:40:13,216,person,0.9363,0.9418
2026-04-10 11:40:13,217,person,0.9331,0.9398
2026-04-10 11:40:13,218,person,0.8903,0.9142
2026-04-10 11:40:14,219,person,0.9292,0.9375
2026-04-10 11:40:14,220,person,0.8908,0.9145
2026-04-10 11:40:14,221,person,0.9257,0.9354
2026-04-10 11:40:15,222,person,0.9234,0.9340
2026-04-10 11:40:15,223,person,0.9115,0.9269
2026-04-10 11:40:15,224,person,0.8884,0.9130
2026-04-10 11:40:16,225,person,0.8701,0.9021
2026-04-10 11:40:16,226,person,0.8972,0.9183
2026-04-10 11:40:16,227,person,0.8761,0.9057
2026-04-10 11:40:17,228,person,0.9003,0.9202
2026-04-10 11:40:17,229,person,0.9447,0.9468
2026-04-10 11:40:17,230,person,0.9206,0.9323
2026-04-10 11:40:17,231,person,0.8822,0.9093
2026-04-10 11:40:18,232,person,0.9128,0.9277
2026-04-10 11:40:18,233,person,0.8915,0.9149
2026-04-10 11:40:18,234,person,0.9011,0.9207
2026-04-10 11:40:19,235,person,0.9064,0.9238
2026-04-10 11:40:19,236,person,0.9179,0.9308
2026-04-10 11:40:19,237,person,0.9268,0.9361
2026-04-10 11:40:20,238,person,0.9015,0.9209
2026-04-10 11:40:20,239,person,0.8913,0.9148
2026-04-10 11:40:20,240,person,0.9075,0.9245
2026-04-10 11:40:21,241,person,0.9143,0.9286
2026-04-10 11:40:21,242,person,0.8925,0.9155
2026-04-10 11:40:21,243,person,0.8743,0.9046
2026-04-10 11:40:22,244,person,0.8954,0.9172
2026-04-10 11:40:22,245,person,0.9015,0.9209
2026-04-10 11:40:22,246,person,0.9124,0.9274
2026-04-10 11:40:22,247,person,0.9106,0.9263
2026-04-10 11:40:23,248,person,0.9000,0.9200
2026-04-10 11:40:23,249,person,0.9017,0.9210
2026-04-10 11:40:23,250,person,0.8859,0.9115
2026-04-10 11:40:24,251,person,0.9087,0.9252
2026-04-10 11:40:24,252,person,0.8951,0.9171
2026-04-10 11:40:24,253,person,0.9097,0.9258
2026-04-10 11:40:25,254,person,0.9099,0.9259
2026-04-10 11:40:25,255,person,0.8886,0.9132
2026-04-10 11:40:25,256,person,0.8840,0.9104
2026-04-10 11:40:26,257,person,0.8695,0.9017
2026-04-10 11:40:26,258,person,0.8458,0.8875
2026-04-10 11:40:26,259,person,0.8877,0.9126
2026-04-10 11:40:27,260,person,0.9036,0.9222
2026-04-10 11:40:27,261,person,0.9069,0.9241
2026-04-10 11:40:27,262,person,0.8804,0.9082
2026-04-10 11:40:27,263,person,0.8816,0.9090
2026-04-10 11:40:28,264,person,0.9208,0.9325
2026-04-10 11:40:28,265,person,0.8768,0.9061
2026-04-10 11:40:28,266,person,0.9166,0.9299
2026-04-10 11:40:29,267,person,0.8974,0.9184
2026-04-10 11:40:29,268,person,0.9091,0.9255
2026-04-10 11:40:29,269,person,0.9106,0.9264
2026-04-10 11:40:30,270,person,0.8861,0.9117
2026-04-10 11:40:30,271,person,0.8907,0.9144
2026-04-10 11:40:30,272,person,0.8945,0.9167
2026-04-10 11:40:31,273,person,0.8802,0.9081
2026-04-10 11:40:31,274,person,0.8884,0.9130
2026-04-10 11:40:31,275,person,0.8907,0.9144
2026-04-10 11:40:32,276,person,0.8827,0.9096
2026-04-10 11:40:32,277,person,0.8820,0.9092
2026-04-10 11:40:32,278,person,0.8749,0.9049
2026-04-10 11:40:33,279,person,0.8736,0.9042
2026-04-10 11:40:33,280,person,0.8806,0.9084
2026-04-10 11:40:33,281,person,0.8729,0.9037
2026-04-10 11:40:34,282,person,0.8846,0.9108
2026-04-10 11:40:34,283,person,0.8833,0.9100
2026-04-10 11:40:34,284,person,0.8759,0.9056
2026-04-10 11:40:35,285,person,0.8834,0.9100
2026-04-10 11:40:35,286,person,0.8787,0.9072
2026-04-10 11:40:35,287,person,0.8875,0.9125
2026-04-10 11:40:36,288,person,0.8875,0.9125
2026-04-10 11:40:36,289,person,0.8802,0.9081
2026-04-10 11:40:36,290,person,0.8744,0.9046
2026-04-10 11:40:37,291,person,0.8726,0.9036
2026-04-10 11:40:37,292,person,0.8796,0.9078
2026-04-10 11:40:37,293,person,0.8814,0.9089
2026-04-10 11:40:38,294,person,0.8869,0.9121
2026-04-10 11:40:38,295,person,0.8947,0.9168
2026-04-10 11:40:38,296,person,0.8934,0.9160
2026-04-10 11:40:39,297,person,0.8868,0.9121
2026-04-10 11:40:39,298,person,0.8898,0.9139
2026-04-10 11:40:39,299,person,0.8842,0.9105
2026-04-10 11:40:40,300,person,0.8843,0.9106
2026-04-10 11:40:40,301,person,0.8875,0.9125
2026-04-10 11:40:40,302,person,0.8785,0.9071
2026-04-10 11:40:41,303,person,0.8898,0.9139
2026-04-10 11:40:41,304,person,0.8853,0.9112
2026-04-10 11:40:41,305,person,0.8914,0.9148
2026-04-10 11:40:42,306,person,0.8810,0.9086
2026-04-10 11:40:42,307,person,0.8773,0.9064
2026-04-10 11:40:42,308,person,0.8834,0.9101
2026-04-10 11:40:43,309,person,0.8877,0.9126
2026-04-10 11:40:43,310,person,0.8935,0.9161
2026-04-10 11:40:43,311,person,0.8853,0.9112
2026-04-10 11:40:44,312,person,0.8883,0.9130
2026-04-10 11:40:44,313,person,0.8874,0.9125
2026-04-10 11:40:44,314,person,0.8846,0.9108
2026-04-10 11:40:44,315,person,0.8894,0.9136
2026-04-10 11:40:45,316,person,0.9137,0.9282
2026-04-10 11:40:45,317,person,0.8694,0.9017
2026-04-10 11:40:45,318,person,0.8697,0.9018
2026-04-10 11:40:46,319,person,0.8749,0.9050
2026-04-10 11:40:46,320,person,0.8810,0.9086
2026-04-10 11:40:47,321,person,0.8860,0.9116
2026-04-10 11:40:47,322,person,0.8742,0.9045
2026-04-10 11:40:47,323,person,0.8735,0.9041
2026-04-10 11:40:48,324,person,0.8747,0.9048
2026-04-10 11:40:48,325,person,0.8703,0.9022
2026-04-10 11:40:48,326,person,0.8677,0.9006
2026-04-10 11:40:48,327,person,0.8790,0.9074
2026-04-10 11:40:49,328,person,0.8774,0.9065
2026-04-10 11:40:49,329,person,0.8714,0.9029
2026-04-10 11:40:49,330,person,0.8732,0.9039
2026-04-10 11:40:50,331,person,0.8810,0.9086
2026-04-10 11:40:50,332,person,0.8881,0.9129
2026-04-10 11:40:50,333,person,0.8718,0.9031
2026-04-10 11:40:51,334,person,0.8721,0.9033
2026-04-10 11:40:51,335,person,0.8602,0.8961
2026-04-10 11:40:52,336,person,0.8736,0.9042
2026-04-10 11:40:52,337,person,0.8830,0.9098
2026-04-10 11:40:52,338,person,0.8795,0.9077
2026-04-10 11:40:52,339,person,0.9116,0.9270
2026-04-10 11:40:53,340,person,0.8652,0.8991
2026-04-10 11:40:53,341,person,0.8665,0.8999
2026-04-10 11:40:54,342,person,0.8772,0.9063
2026-04-10 11:40:54,343,person,0.8777,0.9066
2026-04-10 11:40:54,344,person,0.8786,0.9071
2026-04-10 11:40:55,345,person,0.8815,0.9089
2026-04-10 11:40:55,346,person,0.8777,0.9066
2026-04-10 11:40:55,347,person,0.8985,0.9191
2026-04-10 11:40:56,348,person,0.8899,0.9139
2026-04-10 11:40:56,349,person,0.8711,0.9026
2026-04-10 11:40:56,350,person,0.8644,0.8986
2026-04-10 11:40:57,351,person,0.8719,0.9031
2026-04-10 11:40:57,352,person,0.8744,0.9046
2026-04-10 11:40:57,353,person,0.9177,0.9306
2026-04-10 11:40:58,354,person,0.8705,0.9023
2026-04-10 11:40:58,355,person,0.8810,0.9086
2026-04-10 11:40:58,356,person,0.8680,0.9008
2026-04-10 11:40:59,357,person,0.8687,0.9012
2026-04-10 11:40:59,358,person,0.8977,0.9186
2026-04-10 11:40:59,359,person,0.8995,0.9197
2026-04-10 11:41:00,360,person,0.9166,0.9300
2026-04-10 11:41:00,361,person,0.9161,0.9297
2026-04-10 11:41:00,362,person,0.8717,0.9030
2026-04-10 11:41:01,363,person,0.8675,0.9005
2026-04-10 11:41:01,364,person,0.9242,0.9345
2026-04-10 11:41:01,365,person,0.9237,0.9342
2026-04-10 11:41:01,366,person,0.9306,0.9384
2026-04-10 11:41:02,367,person,0.9132,0.9279
2026-04-10 11:41:02,368,person,0.8843,0.9106
2026-04-10 11:41:02,369,person,0.8784,0.9070
2026-04-10 11:41:03,370,person,0.8761,0.9057
2026-04-10 11:41:03,371,person,0.8794,0.9077
2026-04-10 11:41:03,372,person,0.8727,0.9036
2026-04-10 11:41:04,373,person,0.8698,0.9019
2026-04-10 11:41:04,374,person,0.8783,0.9070
2026-04-10 11:41:04,375,person,0.8741,0.9045
2026-04-10 11:41:05,376,person,0.8734,0.9040
2026-04-10 11:41:05,377,person,0.8729,0.9037
2026-04-10 11:41:05,378,person,0.8610,0.8966
2026-04-10 11:41:06,379,person,0.9042,0.9225
2026-04-10 11:41:06,380,person,0.9510,0.9506
2026-04-10 11:41:06,381,person,0.9502,0.9501
2026-04-10 11:41:07,382,person,0.9524,0.9514
2026-04-10 11:41:07,383,person,0.9112,0.9267
2026-04-10 11:41:07,384,person,0.9320,0.9392
2026-04-10 11:41:08,385,person,0.9347,0.9408
2026-04-10 11:41:08,386,person,0.9352,0.9411
2026-04-10 11:41:08,387,person,0.9433,0.9460
2026-04-10 11:41:09,388,person,0.9419,0.9451
2026-04-10 11:41:09,389,person,0.9374,0.9424
2026-04-10 11:41:09,390,person,0.9402,0.9441
2026-04-10 11:41:10,391,person,0.9264,0.9358
2026-04-10 11:41:10,392,person,0.9518,0.9511
2026-04-10 11:41:10,393,person,0.9387,0.9432
2026-04-10 11:41:11,394,person,0.9388,0.9433
2026-04-10 11:41:11,395,person,0.9141,0.9284
2026-04-10 11:41:11,396,person,0.8980,0.9188
2026-04-10 11:41:12,397,person,0.9052,0.9231
2026-04-10 11:41:12,398,person,0.8665,0.8999
2026-04-10 11:41:12,399,person,0.8720,0.9032
2026-04-10 11:41:13,400,person,0.8618,0.8971
2026-04-10 11:41:13,401,person,0.9173,0.9304
2026-04-10 11:41:13,402,person,0.8750,0.9050
2026-04-10 11:41:14,403,person,0.8858,0.9115
2026-04-10 11:41:14,404,person,0.8976,0.9185
2026-04-10 11:41:14,405,person,0.8986,0.9192
2026-04-10 11:41:15,406,person,0.8698,0.9019
2026-04-10 11:41:15,407,person,0.8583,0.8950
2026-04-10 11:41:15,408,person,0.8867,0.9120
2026-04-10 11:41:16,409,person,0.8719,0.9032
2026-04-10 11:41:16,410,person,0.8861,0.9116
2026-04-10 11:41:16,411,person,0.8560,0.8936
2026-04-10 11:41:17,412,person,0.8705,0.9023
2026-04-10 11:41:17,413,person,0.8512,0.8907
2026-04-10 11:41:17,414,person,0.8473,0.8884
2026-04-10 11:41:18,415,person,0.8608,0.8965
2026-04-10 11:41:18,416,person,0.8525,0.8915
2026-04-10 11:41:18,417,person,0.8740,0.9044
2026-04-10 11:41:19,418,person,0.8679,0.9007
2026-04-10 11:41:19,419,person,0.8766,0.9059
2026-04-10 11:41:19,420,person,0.8723,0.9034
2026-04-10 11:41:20,421,person,0.8787,0.9072
2026-04-10 11:41:20,422,person,0.8644,0.8986
2026-04-10 11:41:20,423,person,0.8712,0.9027
2026-04-10 11:41:21,424,person,0.8587,0.8952
2026-04-10 11:41:21,425,person,0.8732,0.9039
2026-04-10 11:41:21,426,person,0.8643,0.8986
2026-04-10 11:41:22,427,person,0.9172,0.9303
2026-04-10 11:41:22,428,person,0.8593,0.8956
2026-04-10 11:41:22,429,person,0.8707,0.9024
2026-04-10 11:41:23,430,person,0.8634,0.8980
2026-04-10 11:41:23,431,person,0.8524,0.8914
2026-04-10 11:41:23,432,person,0.8636,0.8982
2026-04-10 11:41:24,433,person,0.8717,0.9030
2026-04-10 11:41:24,434,person,0.8715,0.9029
2026-04-10 11:41:24,435,person,0.8526,0.8916
2026-04-10 11:41:24,436,person,0.8610,0.8966
2026-04-10 11:41:25,437,person,0.8928,0.9157
2026-04-10 11:41:25,438,person,0.8752,0.9051
2026-04-10 11:41:25,439,person,0.8931,0.9159
2026-04-10 11:41:26,440,person,0.9412,0.9447
2026-04-10 11:41:26,441,person,0.9315,0.9389
2026-04-10 11:41:26,442,person,0.9372,0.9423
2026-04-10 11:41:27,443,person,0.9118,0.9271
2026-04-10 11:41:27,444,person,0.9139,0.9283
2026-04-10 11:41:27,445,person,0.8546,0.8927
2026-04-10 11:41:28,446,person,0.9078,0.9247
2026-04-10 11:41:28,447,person,0.8804,0.9082
2026-04-10 11:41:28,448,person,0.9101,0.9261
2026-04-10 11:41:29,449,person,0.9428,0.9457
2026-04-10 11:41:29,450,person,0.9389,0.9434
2026-04-10 11:41:29,451,person,0.9397,0.9438
2026-04-10 11:41:30,452,person,0.9202,0.9321
2026-04-10 11:41:30,453,person,0.9040,0.9224
2026-04-10 11:41:30,454,person,0.8791,0.9075
2026-04-10 11:41:31,455,person,0.8622,0.8973
2026-04-10 11:41:31,456,person,0.9232,0.9339
2026-04-10 11:41:31,457,person,0.9256,0.9353
2026-04-10 11:41:32,458,person,0.9016,0.9210
2026-04-10 11:41:32,459,person,0.9336,0.9402
2026-04-10 11:41:32,460,person,0.9119,0.9272
2026-04-10 11:41:33,461,person,0.8933,0.9160
2026-04-10 11:41:33,462,person,0.9101,0.9261
2026-04-10 11:41:33,463,person,0.9218,0.9331
2026-04-10 11:41:34,464,person,0.9304,0.9383
2026-04-10 11:41:34,465,person,0.9308,0.9385
2026-04-10 11:41:34,466,person,0.9374,0.9424
2026-04-10 11:41:35,467,person,0.9314,0.9388
2026-04-10 11:41:35,468,person,0.9168,0.9301
2026-04-10 11:41:35,469,person,0.9354,0.9412
2026-04-10 11:41:36,470,person,0.9355,0.9413
2026-04-10 11:41:36,471,person,0.9085,0.9251
2026-04-10 11:41:36,472,person,0.9300,0.9380
2026-04-10 11:41:36,473,person,0.9247,0.9348
2026-04-10 11:41:37,474,person,0.9181,0.9308
2026-04-10 11:41:37,475,person,0.9005,0.9203
2026-04-10 11:41:37,476,person,0.9354,0.9412
2026-04-10 11:41:38,477,person,0.8930,0.9158
2026-04-10 11:41:38,478,person,0.9328,0.9397
2026-04-10 11:41:38,479,person,0.9058,0.9235
2026-04-10 11:41:39,480,person,0.9178,0.9307
2026-04-10 11:41:39,481,person,0.9172,0.9303
2026-04-10 11:41:39,482,person,0.9166,0.9300
2026-04-10 11:41:40,483,person,0.9025,0.9215
2026-04-10 11:41:40,484,person,0.8802,0.9081
2026-04-10 11:41:40,485,person,0.9149,0.9290
2026-04-10 11:41:41,486,person,0.8880,0.9128
2026-04-10 11:41:41,487,person,0.8855,0.9113
2026-04-10 11:41:41,488,person,0.9300,0.9380
2026-04-10 11:41:42,489,person,0.9063,0.9238
2026-04-10 11:41:42,490,person,0.9122,0.9273
2026-04-10 11:41:42,491,person,0.9394,0.9436
2026-04-10 11:41:43,492,person,0.9434,0.9460
2026-04-10 11:41:43,493,person,0.9269,0.9361
2026-04-10 11:41:43,494,person,0.8954,0.9172
2026-04-10 11:41:43,495,person,0.8895,0.9137
2026-04-10 11:41:44,496,person,0.8638,0.8983
2026-04-10 11:41:44,497,person,0.8638,0.8983
2026-04-10 11:41:44,498,person,0.8580,0.8948
2026-04-10 11:41:45,499,person,0.8545,0.8927
2026-04-10 11:41:45,500,person,0.8580,0.8948
2026-04-10 11:41:45,501,person,0.8687,0.9012
2026-04-10 11:41:46,502,person,0.8668,0.9001
2026-04-10 11:41:46,503,person,0.9139,0.9284
2026-04-10 11:41:46,504,person,0.9024,0.9214
2026-04-10 11:41:47,505,person,0.9245,0.9347
2026-04-10 11:41:47,506,person,0.9043,0.9226
2026-04-10 11:41:47,507,person,0.8517,0.8910
2026-04-10 11:41:48,508,person,0.9409,0.9445
2026-04-10 11:41:48,509,person,0.8635,0.8981
2026-04-10 11:41:48,510,person,0.8694,0.9016
2026-04-10 11:41:49,511,person,0.8729,0.9037
2026-04-10 11:41:49,512,person,0.8737,0.9042
2026-04-10 11:41:49,513,person,0.8741,0.9044
2026-04-10 11:41:49,514,person,0.8799,0.9079
2026-04-10 11:41:50,515,person,0.8783,0.9070
2026-04-10 11:41:50,516,person,0.9003,0.9202
2026-04-10 11:41:50,517,person,0.9114,0.9268
2026-04-10 11:41:51,518,person,0.9215,0.9329
2026-04-10 11:41:51,519,person,0.9158,0.9295
2026-04-10 11:41:51,520,person,0.9290,0.9374
2026-04-10 11:41:52,521,person,0.9262,0.9357
2026-04-10 11:41:52,522,person,0.9306,0.9384
2026-04-10 11:41:52,523,person,0.9513,0.9508
2026-04-10 11:41:53,524,person,0.9319,0.9391
2026-04-10 11:41:53,525,person,0.9073,0.9244
2026-04-10 11:41:53,526,person,0.9018,0.9211
2026-04-10 11:41:53,527,person,0.9051,0.9231
2026-04-10 11:41:54,528,person,0.8876,0.9126
2026-04-10 11:41:54,529,person,0.9057,0.9234
2026-04-10 11:41:54,530,person,0.9183,0.9310
2026-04-10 11:41:55,531,person,0.8918,0.9151
2026-04-10 11:41:55,532,person,0.8781,0.9069
2026-04-10 11:41:55,533,person,0.8517,0.8910
2026-04-10 11:41:56,534,person,0.8766,0.9059
2026-04-10 11:41:56,535,person,0.8629,0.8977
2026-04-10 11:41:56,536,person,0.8875,0.9125
2026-04-10 11:41:57,537,person,0.8734,0.9040
2026-04-10 11:41:57,538,person,0.8862,0.9117
2026-04-10 11:41:57,539,person,0.8944,0.9166
2026-04-10 11:41:57,540,person,0.8967,0.9180
2026-04-10 11:41:58,541,person,0.8836,0.9101
2026-04-10 11:41:58,542,person,0.8998,0.9199
2026-04-10 11:41:58,543,person,0.8792,0.9075
2026-04-10 11:41:59,544,person,0.8845,0.9107
2026-04-10 11:41:59,545,person,0.8822,0.9093
2026-04-10 11:41:59,546,person,0.8819,0.9091
2026-04-10 11:42:00,547,person,0.8802,0.9081
2026-04-10 11:42:00,548,person,0.8873,0.9124
2026-04-10 11:42:00,549,person,0.8873,0.9124
2026-04-10 11:42:01,550,person,0.8920,0.9152
2026-04-10 11:42:01,551,person,0.8752,0.9051
2026-04-10 11:42:01,552,person,0.8748,0.9049
2026-04-10 11:42:02,553,person,0.8804,0.9082
2026-04-10 11:42:02,554,person,0.9014,0.9208
2026-04-10 11:42:02,555,person,0.8935,0.9161
2026-04-10 11:42:03,556,person,0.7060,0.8036
2026-04-10 11:42:03,557,person,0.9276,0.9366
2026-04-10 11:42:03,558,person,0.9389,0.9434
2026-04-10 11:42:04,559,person,0.9386,0.9431
2026-04-10 11:42:04,560,person,0.9321,0.9393
2026-04-10 11:42:04,561,person,0.9331,0.9399
2026-04-10 11:42:05,562,person,0.9326,0.9396
2026-04-10 11:42:05,563,person,0.9342,0.9405
2026-04-17 06:52:00,2,person,0.8487,0.8892
2026-04-17 06:52:00,3,person,0.8291,0.8775
2026-04-17 06:52:01,4,person,0.7057,0.8034
2026-04-17 06:52:01,5,person,0.8066,0.8640
2026-04-17 06:52:01,6,person,0.8278,0.8767
2026-04-17 06:52:01,7,person,0.8314,0.8789
2026-04-17 06:52:01,8,person,0.7634,0.8380
2026-04-17 06:52:02,9,person,0.7774,0.8465
2026-04-17 06:52:02,10,person,0.8333,0.8800
2026-04-17 06:52:02,11,person,0.8632,0.8979
2026-04-17 06:52:02,12,person,0.8548,0.8929
2026-04-17 06:52:03,13,person,0.9042,0.9225
2026-04-17 06:52:03,14,person,0.9083,0.9250
2026-04-17 06:52:03,15,person,0.8613,0.8968
2026-04-17 06:52:04,16,person,0.9110,0.9266
2026-04-17 06:52:04,17,person,0.8936,0.9161
2026-04-17 06:52:04,18,person,0.7329,0.8197
2026-04-17 06:52:04,19,person,0.5461,0.7077
2026-04-17 06:52:05,20,person,0.5549,0.7130
2026-04-17 06:52:05,21,person,0.7940,0.8564
2026-04-17 06:52:05,22,person,0.8473,0.8884
2026-04-17 06:52:05,23,person,0.8195,0.8717
2026-04-17 06:52:05,24,person,0.9014,0.9208
2026-04-17 06:52:06,25,person,0.9183,0.9310
2026-04-17 06:52:06,26,person,0.8693,0.9016
2026-04-17 06:52:06,27,person,0.9126,0.9276
2026-04-17 06:52:06,28,person,0.8742,0.9045
2026-04-17 06:52:07,29,person,0.8965,0.9179
2026-04-17 06:52:07,30,person,0.8966,0.9179
2026-04-17 06:52:07,31,person,0.9513,0.9508
2026-04-17 06:52:07,32,person,0.9563,0.9538
2026-04-17 06:52:08,33,person,0.9422,0.9453
2026-04-17 06:52:08,34,person,0.9295,0.9377
2026-04-17 06:52:08,35,person,0.9319,0.9391
2026-04-17 06:52:09,36,person,0.9157,0.9294
2026-04-17 06:52:09,37,person,0.9382,0.9429
2026-04-17 06:52:09,38,person,0.9201,0.9321
2026-04-17 06:52:09,39,person,0.8991,0.9195
2026-04-17 06:52:10,40,person,0.8417,0.8850
2026-04-17 06:52:10,41,person,0.8683,0.9010
2026-04-17 06:52:10,42,person,0.7069,0.8042
2026-04-17 06:52:10,43,person,0.8497,0.8898
2026-04-17 06:52:11,44,person,0.8596,0.8957
2026-04-17 06:52:11,45,person,0.7761,0.8456
2026-04-17 06:52:11,46,person,0.8297,0.8778
2026-04-17 06:52:11,47,person,0.8889,0.9134
2026-04-17 06:52:12,48,person,0.8639,0.8983
2026-04-17 06:52:12,49,person,0.8309,0.8785
2026-04-17 06:52:12,50,person,0.8388,0.8833
2026-04-17 06:52:12,51,person,0.8449,0.8869
2026-04-17 06:52:13,52,person,0.8602,0.8961
2026-04-17 06:52:13,53,person,0.8640,0.8984
2026-04-17 06:52:13,54,person,0.9039,0.9223
2026-04-17 06:52:13,55,person,0.8939,0.9163
2026-04-17 06:52:14,56,person,0.8670,0.9002
2026-04-17 06:52:14,57,person,0.8606,0.8964
2026-04-17 06:52:14,58,person,0.9343,0.9406
2026-04-17 06:52:14,59,person,0.7716,0.8429
2026-04-17 06:52:14,60,person,0.7052,0.8031
2026-04-17 06:52:15,61,person,0.8358,0.8815
2026-04-17 06:52:15,62,person,0.8891,0.9134
2026-04-17 06:52:15,63,person,0.8596,0.8958
2026-04-17 06:52:15,64,person,0.7832,0.8499
2026-04-17 06:52:16,65,person,0.8443,0.8866
2026-04-17 06:52:16,66,person,0.7714,0.8428
2026-04-17 06:52:16,67,person,0.8745,0.9047
2026-04-17 06:52:16,68,person,0.8588,0.8953
2026-04-17 06:52:17,69,person,0.8284,0.8770
2026-04-17 06:52:17,70,person,0.8465,0.8879
2026-04-17 06:52:17,71,person,0.7883,0.8530
2026-04-17 06:52:17,72,person,0.7495,0.8297
2026-04-17 06:52:18,73,person,0.6606,0.7763
2026-04-17 06:52:18,74,person,0.8410,0.8846
2026-04-17 06:52:18,75,person,0.8076,0.8646
2026-04-17 06:52:18,76,person,0.7525,0.8315
2026-04-17 06:52:19,77,person,0.6597,0.7758
2026-04-17 06:52:19,78,person,0.6837,0.7902
2026-04-17 06:52:19,79,person,0.6650,0.7790
2026-04-17 06:52:19,80,person,0.8269,0.8761
2026-04-17 06:52:20,81,person,0.7362,0.8217
2026-04-17 06:52:20,82,person,0.7897,0.8538
2026-04-17 06:52:20,83,person,0.4863,0.6718
2026-04-17 06:52:21,84,person,0.6754,0.7853
2026-04-17 06:52:21,85,person,0.5617,0.7170
2026-04-17 06:52:21,86,person,0.5031,0.6819
2026-04-17 06:52:21,87,person,0.5551,0.7131
2026-04-17 06:52:22,88,person,0.5299,0.6979
2026-04-17 06:52:22,89,person,0.4806,0.6684
2026-04-17 06:52:22,90,person,0.5179,0.6907
2026-04-17 06:52:22,91,person,0.5519,0.7112
2026-04-17 06:52:23,92,person,0.5189,0.6914
2026-04-17 06:52:23,93,person,0.5655,0.7193
2026-04-17 06:52:23,94,person,0.7007,0.8004
2026-04-17 06:52:23,95,person,0.7421,0.8253
2026-04-17 06:52:24,96,person,0.6247,0.7548
2026-04-17 06:52:24,97,person,0.7087,0.8052
2026-04-17 06:52:24,98,person,0.7263,0.8158
2026-04-17 06:52:25,99,person,0.4135,0.6281
2026-04-17 06:52:25,100,person,0.7125,0.8075
2026-04-17 06:52:26,101,person,0.6678,0.7807
2026-04-17 06:52:26,102,person,0.7434,0.8260
2026-04-17 06:52:26,103,person,0.7811,0.8487
2026-04-17 06:52:27,104,person,0.7544,0.8327
2026-04-17 06:52:27,105,person,0.7632,0.8379
2026-04-17 06:52:27,106,person,0.8053,0.8632
2026-04-17 06:52:28,107,person,0.8032,0.8619
2026-04-17 06:52:28,108,person,0.8388,0.8833
2026-04-17 06:52:28,109,person,0.8149,0.8690
2026-04-17 06:52:29,110,person,0.5855,0.7313
2026-04-17 06:52:29,111,person,0.7095,0.8057
2026-04-17 06:52:29,112,person,0.8592,0.8955
2026-04-17 06:52:30,113,person,0.8492,0.8895
2026-04-17 06:52:30,114,person,0.8628,0.8977
2026-04-17 06:52:30,115,person,0.7771,0.8463
2026-04-17 06:52:31,116,person,0.7915,0.8549
2026-04-17 06:52:31,117,person,0.7850,0.8510
2026-04-17 06:52:32,118,person,0.8116,0.8670
2026-04-17 06:52:32,119,person,0.7648,0.8389
2026-04-17 06:52:32,120,person,0.8150,0.8690
2026-04-17 06:52:33,121,person,0.6480,0.7688
2026-04-17 06:52:33,122,person,0.8209,0.8726
2026-04-17 06:52:33,123,person,0.6412,0.7647
2026-04-17 06:52:34,124,person,0.5611,0.7167
2026-04-17 06:52:34,125,person,0.6967,0.7980
2026-04-17 06:52:34,126,person,0.6475,0.7685
2026-04-17 06:52:35,127,person,0.6121,0.7472
2026-04-17 06:52:35,128,person,0.6991,0.7995
2026-04-17 06:52:35,129,person,0.6270,0.7562
2026-04-17 06:52:36,130,person,0.5926,0.7356
2026-04-17 06:52:36,131,person,0.6634,0.7780
2026-04-17 06:52:37,132,person,0.6506,0.7704
2026-04-17 06:52:37,133,person,0.6812,0.7887
2026-04-17 06:52:37,134,person,0.6136,0.7482
2026-04-17 06:52:38,135,person,0.5825,0.7295
2026-04-17 06:52:38,136,person,0.6091,0.7454
2026-04-17 06:52:38,137,person,0.5525,0.7115
2026-04-17 06:52:39,138,person,0.5714,0.7229
2026-04-17 06:52:39,139,person,0.7166,0.8100
2026-04-17 06:52:39,140,person,0.7573,0.8344
2026-04-17 06:52:40,141,person,0.8665,0.8999
2026-04-17 06:52:40,142,person,0.8682,0.9009
2026-04-17 06:52:40,143,person,0.8616,0.8970
2026-04-17 06:52:41,144,person,0.8134,0.8680
2026-04-17 06:52:41,145,person,0.8150,0.8690
2026-04-17 06:52:42,146,person,0.9133,0.9280
2026-04-17 06:52:42,147,person,0.7546,0.8327
2026-04-17 06:52:42,148,person,0.7612,0.8367
2026-04-17 06:52:43,149,person,0.8052,0.8631
2026-04-17 06:52:43,150,person,0.7374,0.8224
2026-04-17 06:52:44,151,person,0.8562,0.8937
2026-04-17 06:52:44,152,person,0.7142,0.8085
2026-04-17 06:52:44,153,person,0.8766,0.9059
2026-04-17 06:52:45,154,person,0.7433,0.8260
2026-04-17 06:52:45,155,person,0.8430,0.8858
2026-04-17 06:52:45,156,person,0.8709,0.9026
2026-04-17 06:52:46,157,person,0.8715,0.9029
2026-04-17 06:52:46,158,person,0.8620,0.8972
2026-04-17 06:52:46,159,person,0.8859,0.9115
2026-04-17 06:52:47,160,person,0.8448,0.8869
2026-04-17 06:52:47,161,person,0.8119,0.8672
2026-04-17 06:52:47,162,person,0.8778,0.9067
2026-04-17 06:52:48,163,person,0.8494,0.8896
2026-04-17 06:52:48,164,person,0.8894,0.9137
2026-04-17 06:52:48,165,person,0.9055,0.9233
2026-04-17 06:52:49,166,person,0.9032,0.9219
2026-04-29 18:48:11,2,cat,0.7292,0.6375
2026-04-29 18:48:11,3,cat,0.4720,0.4832
2026-04-29 18:48:11,4,cat,0.6566,0.5940
2026-04-29 18:48:12,6,dog,0.4774,0.4865
2026-04-29 18:48:12,7,cat,0.5353,0.5212
2026-04-29 18:48:12,8,cat,0.8392,0.7035
2026-04-29 18:48:12,9,dog,0.5902,0.5541
2026-04-29 18:48:13,10,dog,0.4552,0.4731
2026-04-29 18:48:13,11,cat,0.5124,0.5074
2026-04-29 18:48:13,13,dog,0.8018,0.6811
2026-04-29 18:48:14,14,dog,0.5347,0.5208
2026-04-29 18:48:14,15,dog,0.4682,0.4809
2026-04-29 18:48:14,16,cat,0.6144,0.5687
2026-04-29 18:48:14,17,dog,0.5725,0.5435
2026-04-29 18:48:14,18,dog,0.5341,0.5205
2026-04-29 18:48:15,19,dog,0.4130,0.4478
2026-04-29 18:48:15,20,dog,0.6055,0.5633
2026-04-29 18:48:15,21,dog,0.6032,0.5619
2026-04-29 18:48:15,22,cat,0.5834,0.5500
2026-04-29 18:48:16,23,cat,0.4569,0.4742
2026-04-29 18:48:16,24,cat,0.4312,0.4587
2026-04-29 18:48:16,25,cat,0.3543,0.4126
2026-04-29 18:48:17,27,cat,0.4833,0.4900
2026-04-29 18:48:17,29,cat,0.6965,0.6179
2026-04-29 18:48:17,30,cat,0.3526,0.4115
2026-04-29 18:48:18,31,dog,0.3694,0.4217
2026-04-29 18:48:18,32,cat,0.3643,0.4186
2026-04-29 18:48:18,33,cat,0.5627,0.5376
2026-04-29 18:48:18,34,cat,0.3734,0.4241
2026-04-29 18:48:19,35,cat,0.4822,0.4893
2026-04-29 18:48:19,36,cat,0.4284,0.4570
2026-04-29 18:48:19,37,dog,0.5940,0.5564
2026-04-29 18:48:20,40,dog,0.4244,0.4546
2026-04-29 18:48:20,42,dog,0.3864,0.4319
2026-04-29 18:48:21,44,cat,0.4719,0.4831
2026-04-29 18:48:21,45,dog,0.3673,0.4204
2026-04-29 18:48:21,46,cat,0.6165,0.5699
2026-04-29 18:48:21,47,dog,0.4698,0.4819
2026-04-29 18:48:22,48,dog,0.5309,0.5185
2026-04-29 18:48:22,49,dog,0.7875,0.6725
2026-04-29 18:48:22,50,dog,0.6902,0.6141
2026-04-29 18:48:22,51,dog,0.4243,0.4546
2026-04-29 18:48:23,52,cat,0.7267,0.6360
2026-04-29 18:48:23,53,cat,0.4273,0.4564
2026-04-29 18:48:23,54,cat,0.5756,0.5454
2026-04-29 18:48:23,56,cat,0.4526,0.4715
2026-04-29 18:48:24,57,cat,0.5356,0.5214
2026-04-29 18:48:24,58,dog,0.7175,0.6305
2026-04-29 18:48:24,59,cat,0.4255,0.4553
2026-04-29 18:48:24,60,cat,0.6711,0.6026
2026-04-29 18:48:25,61,dog,0.5814,0.5488
2026-04-29 18:48:25,62,cat,0.5235,0.5141
2026-04-29 18:48:25,64,dog,0.5584,0.5350
2026-04-29 18:48:26,66,cat,0.4318,0.4591
2026-04-29 18:48:26,67,cat,0.8225,0.6935
2026-04-29 18:48:26,68,dog,0.5209,0.5125
2026-04-29 18:48:27,71,dog,0.5932,0.5559
2026-04-29 18:48:27,72,cat,0.6319,0.5791
2026-04-29 18:48:27,73,cat,0.5214,0.5128
2026-04-29 18:48:27,74,cat,0.5212,0.5127
2026-04-29 18:48:28,75,cat,0.4135,0.4481
2026-04-29 18:48:28,76,cat,0.5536,0.5321
2026-04-29 18:48:28,77,cat,0.5091,0.5055
2026-04-29 18:48:29,79,cat,0.6142,0.5685
2026-04-29 18:48:29,80,cat,0.5551,0.5330
2026-04-29 18:48:29,81,cat,0.5674,0.5404
2026-04-29 18:48:29,82,cat,0.5178,0.5107
2026-04-29 18:48:30,83,cat,0.5840,0.5504
2026-04-29 18:48:30,85,cat,0.6450,0.5870
2026-04-29 18:48:31,87,cat,0.5210,0.5126
2026-04-29 18:48:31,88,cat,0.3857,0.4314
2026-04-29 18:48:32,89,person,0.6065,0.7439
2026-04-29 18:48:32,91,person,0.4010,0.6206
2026-04-29 18:48:33,92,person,0.4713,0.6628
2026-04-29 18:48:33,93,cat,0.3963,0.4378
2026-04-29 18:48:33,94,dog,0.5301,0.5180
2026-04-29 18:48:34,95,cat,0.6829,0.6097
2026-04-29 18:48:34,97,cat,0.7248,0.6349
2026-04-29 18:48:35,98,cat,0.5938,0.5563
2026-04-29 18:48:35,99,cat,0.6784,0.6070
2026-04-29 18:48:35,100,dog,0.4661,0.4796
2026-04-29 18:48:36,102,remote,0.9194,0.7517
2026-04-29 18:48:36,103,remote,0.9065,0.7439
2026-04-29 18:48:37,104,remote,0.9663,0.7798
2026-04-29 18:48:37,105,remote,0.8631,0.7179
2026-04-29 18:48:38,106,remote,0.9516,0.7709
2026-04-29 18:48:38,107,remote,0.9675,0.7805
2026-04-29 18:48:38,108,remote,0.9444,0.7666
2026-04-29 18:48:38,109,remote,0.9565,0.7739
2026-04-29 18:48:39,110,remote,0.9277,0.7566
2026-04-29 18:48:39,111,remote,0.9277,0.7566
2026-04-29 18:48:39,112,remote,0.7772,0.6663
2026-04-29 18:48:40,113,remote,0.9465,0.7679
2026-04-29 18:48:40,114,remote,0.9570,0.7742
2026-04-29 18:48:40,115,remote,0.9636,0.7781
2026-04-29 18:48:41,116,remote,0.9388,0.7633
2026-04-29 18:48:41,117,remote,0.9480,0.7688
2026-04-29 18:48:41,118,remote,0.9757,0.7854
2026-04-29 18:48:42,119,remote,0.9750,0.7850
2026-04-29 18:48:42,120,remote,0.9702,0.7821
2026-04-29 18:48:42,121,remote,0.9427,0.7656
2026-04-29 18:48:43,122,remote,0.9640,0.7784
2026-04-29 18:48:43,123,dog,0.8121,0.6873
2026-04-29 18:48:43,124,cat,0.7872,0.6723
2026-04-29 18:48:44,125,cat,0.4567,0.4740
2026-04-29 18:48:44,126,dog,0.4515,0.4709
2026-04-29 18:48:44,127,dog,0.5429,0.5258
2026-04-29 18:48:45,128,cat,0.4666,0.4800
2026-04-29 18:48:45,129,dog,0.4597,0.4758
2026-04-29 18:48:46,130,dog,0.6616,0.5970
2026-04-29 18:48:46,131,dog,0.5946,0.5568
2026-04-29 18:48:46,132,dog,0.7722,0.6633
2026-04-29 18:48:47,133,cat,0.7400,0.6440
2026-04-29 18:48:47,134,dog,0.3632,0.4179
2026-04-29 18:48:48,135,cat,0.6960,0.6176
2026-04-29 18:48:48,136,cat,0.5951,0.5570
2026-04-29 18:48:48,137,dog,0.6360,0.5816
2026-04-29 18:48:49,138,cat,0.4048,0.4429
2026-04-29 18:48:49,139,cat,0.4341,0.4605
2026-04-29 18:48:49,140,cat,0.3908,0.4345
2026-04-29 18:48:50,141,cat,0.4236,0.4542
2026-04-29 18:48:50,142,cat,0.6863,0.6118
2026-04-29 18:48:50,143,dog,0.6134,0.5680
2026-04-29 18:48:51,144,cat,0.5908,0.5545
2026-04-29 18:48:51,145,cat,0.5037,0.5022
2026-04-29 18:48:51,146,dog,0.5968,0.5581
2026-04-29 18:48:52,147,cat,0.3791,0.4275
